# JianYing Official Material Index (dynamic signed URLs, fetched at download time)
# AI Guidance: id is the platform resource_id. Use jyai cloud-get <id> or add_cloud_media(<id>).
# url column is intentionally empty: official CDN links are short-lived and must be requested live.
id,name,type,duration,url,effect_type,source,panel
6971036278649294115,白场,热门,0.00,,9,1,material-lib
6971036565162167586,黑场,热门,0.00,,9,1,material-lib
6971036278649261347,透明,热门,0.00,,9,1,material-lib
7321688788953042217,有经验的工人,热门,0.00,,5,1,material-lib
7321661928164642057,朋友们有一个有趣的照片,热门,0.00,,5,1,material-lib
7160597690558975268,4k视频夜空中绽放烟花风景实拍,热门,0.00,,5,1,material-lib
6969198370221018382,故障雪花屏,热门,0.00,,5,1,material-lib
7166479066219007236,狗狗在草坪玩耍,热门,0.00,,5,1,material-lib
7322014431137844489,工作人员试图安抚疯狂的人们,热门,0.00,,5,1,material-lib
7166869442545093921,帕恰狗vlog片尾,热门,0.00,,5,1,material-lib
7148012601115430147,动物乌鸦坐落枝头实景实拍,热门,0.00,,5,1,material-lib
7007984055664921887,牛哔谐音梗搞笑热梗,热门,0.00,,5,1,material-lib
7278135210686893324,科技动画,热门,0.00,,5,1,material-lib
7028806117534846215,搞笑转场 nice大叔,热门,0.00,,5,1,material-lib
7323266976028101898,在公园喷泉哭泣的小女孩,热门,0.00,,5,1,material-lib
7321927117019712818,医生和病人,热门,0.00,,5,1,material-lib
7321761502975773961,烤架上烤热狗的特写,热门,0.00,,5,1,material-lib
7146072773561994507,周星驰震惊翻白眼影视片段搞笑转场,热门,0.00,,5,1,material-lib
7321862172487798043,一名亚洲男子正注视着一名神情严肃的男子,热门,0.00,,5,1,material-lib
7322070735105641769,惊人的镜头在瑞士美丽的地方。在格拉鲁斯州一个叫克劳森帕斯的地方进行一次奇妙的山脉飞行。令人惊叹的无人机飞行在美妙的日落。,热门,0.00,,5,1,material-lib
7013718002411523359, 片尾 记得关注再走哦 ,热门,0.00,,5,1,material-lib
7056777646004325644,羊搞笑转场 片头片尾 ,热门,0.00,,5,1,material-lib
7323266843647413531,学生使用笔记本电脑,热门,0.00,,5,1,material-lib
7322141026607516964,英俊的水管工修理水槽和检查平板电脑,热门,0.00,,5,1,material-lib
6969198370221034766,故障雪花屏,热门,0.00,,5,1,material-lib
7323368657583754523,摘要氖气能量球由粒子组成，发光的球形球发出光线，有核科学、科幻、科技背景,热门,0.00,,5,1,material-lib
7321876412208631094,在科学实验室学习的大学生,热门,0.00,,5,1,material-lib
7321827836514323738,动物园里的北极熊。,热门,0.00,,5,1,material-lib
6974378975602691365,影视 转场 哈哈哈大笑,热门,0.00,,5,1,material-lib
6981641164294196510,搞笑 女人大笑,热门,0.00,,5,1,material-lib
7322241373359459622,游客享受观光,热门,0.00,,5,1,material-lib
7322085080858414377,电塔鸟瞰图,热门,0.00,,5,1,material-lib
7299600301374328075,4K高清烟雾特效视频 ,热门,0.00,,5,1,material-lib
7320284634489605413,男孩在客厅里放松,热门,0.00,,5,1,material-lib
7323312494930332965,在教堂祈祷的女人,热门,0.00,,5,1,material-lib
7322132703631953163,顾客在超市购物。,热门,0.00,,5,1,material-lib
7153888954280905996,万圣节暗黑恐怖背景,热门,0.00,,5,1,material-lib
7322027090277092646,仓库工人在发货前检查产品,热门,0.00,,5,1,material-lib
7321826518487928073,玻璃在慢镜头中碎裂。α无光,热门,0.00,,5,1,material-lib
6975313917299985701,影视名场面 转场 文章笑,热门,0.00,,5,1,material-lib
7146534866220272934,搞笑二哈动物害怕起身搞笑视频,热门,0.00,,5,1,material-lib
7322179680080071999,学生与老师互动,热门,0.00,,5,1,material-lib
7323380653582486811,Alpha(透明)通道，4K手绘动画液体过渡动画，2D动画，漫画，Flash FX，漫画元素，背景，预渲染，滴，墨水，画笔，水，理想的游戏开发者，电影，卡通，视频音乐，事件,视觉中国,0.00,,5,1,material-lib
7323319103924538675,一个女性旅行者坐在秋千上看美丽的景色和日出在早上的缓慢动作,视觉中国,0.00,,5,1,material-lib
7331369510932368677,花方框与大丽花，水彩插图卡片，背景。为剪贴簿水彩插图。手绘背景花为您的设计。完美的婚礼请柬。,视觉中国,0.00,,9,1,material-lib
7323429209907547442,绿屏,视觉中国,0.00,,9,1,material-lib
7326971409253633292,丰富多彩的绘画背景-抽象的色彩设计,视觉中国,0.00,,9,1,material-lib
7322842825740045594,片尾石板在摄影棚拍摄背景,视觉中国,0.00,,5,1,material-lib
7323291238046731571,垃圾墨水溢出屏幕飞溅抽象效果薄膜颗粒,视觉中国,0.00,,5,1,material-lib
7323387065888935194,掉落的蓝色闪光和五彩纸屑的时尚背景,视觉中国,0.00,,5,1,material-lib
7322192993757187382,在一条两旁都是高层公寓的街道上开车,视觉中国,0.00,,5,1,material-lib
7319781540764880154,垂直视频航拍森林覆盖的山脉和绿松石湖水,视觉中国,0.00,,5,1,material-lib
7331370753855606042,航拍无人机拍摄的热带海岸在普吉岛泰国，美丽的海洋景观背景,视觉中国,0.00,,9,1,material-lib
7322946693421387045,在混凝土墙上移动粒子的电影背景。带有移动和闪烁粒子的抽象背景。美丽放松的背景。,视觉中国,0.00,,5,1,material-lib
7323244455723552010,白色的蒲公英田在夏日阳光明媚的日子映衬着天空的白云,视觉中国,0.00,,5,1,material-lib
7331300194413268233,浪漫的干花在坚实的背景,视觉中国,0.00,,9,1,material-lib
7322159120851766537,蓝天白云，麦田黄澄澄，阳光明媚，景色优美动感。风景优美的农田，4K时间差。美丽的自然，农业和季节收获的时间。,视觉中国,0.00,,5,1,material-lib
7323348201895988517,自然河流附近。树上的绿叶在风中摇曳，倒映在水面上，阳光透过树叶照耀着。早晨河水水面。森林中的宁静与自然之美。景观,视觉中国,0.00,,5,1,material-lib
7323278221682822451,流体粒子的抽象背景。美丽放松的背景。闪烁粒子与散景。慢动作,视觉中国,0.00,,5,1,material-lib
7331365848575249676,中国风格水墨意境山水画,视觉中国,0.00,,9,1,material-lib
7331369232728411446,冬兔水彩背景框,视觉中国,0.00,,9,1,material-lib
7331293151715429644,结束,视觉中国,0.00,,9,1,material-lib
7322084759545449767,Beautiful Rudbeckia hirta Irish Spring flower shallow DOF natural background 4K 3840X2160 30fps超高清footage -黄色花瓣Rudbeckia hirta Irish eyes field 2160p超高清倾斜视频,视觉中国,0.00,,5,1,material-lib
7323355144542866739,4K美丽的热带海滩与日落的天空。美丽的普吉岛海滩是安达曼海著名的避暑胜地。无人机在海面上俯瞰日落的热带海滩,视觉中国,0.00,,5,1,material-lib
7331369760229281036,抽象水彩画纹理背景，着色水彩画设计,视觉中国,0.00,,9,1,material-lib
7323290374397611273,动画移动到右边的线性图标,视觉中国,0.00,,5,1,material-lib
7331367380276284683,水彩风格闪闪发光美丽的背景插图,视觉中国,0.00,,9,1,material-lib
7323313086012591370,"乌克兰,喀尔巴阡山。秋山中晨雾的时间流逝。风景有雪山和流动的雾。",视觉中国,0.00,,5,1,material-lib
7331384453941480716,桂林漓江自然景观航拍,视觉中国,0.00,,9,1,material-lib
7331471715081489714,光散景抽象背景模糊,视觉中国,0.00,,9,1,material-lib
7331371027362057481,水彩底漆,视觉中国,0.00,,9,1,material-lib
7329460533411826995,迷离美丽的自然耶稣光的天空背景,视觉中国,0.00,,9,1,material-lib
7331147434250210597,两条龙舟靠岸了,视觉中国,0.00,,9,1,material-lib
7323384008971210011,日落背景上的大树的时间流逝,视觉中国,0.00,,5,1,material-lib
7331377743260667199,纸注结束,视觉中国,0.00,,9,1,material-lib
7323248462265404722,雪花落在绿幕上,视觉中国,0.00,,5,1,material-lib
7322388736187206921,Apple tree spring flowers shallow DOF 4K 3840X2160超高清footage - Beautiful white Apple tree flowers on sunny day 4K 2160p超高清视频,视觉中国,0.00,,5,1,material-lib
7322220651824139557,动画字的结尾在故障屏幕上,视觉中国,0.00,,5,1,material-lib
7323322291272666406,墨水喷溅在屏幕上,视觉中国,0.00,,5,1,material-lib
7322374544465972534,日落神奇海洋龙舟团队训练,视觉中国,0.00,,5,1,material-lib
7323289569703562534,油漆刷擦开和关闭过渡。油墨风格哑光过渡。你可以使用它们作为光磨，在叠加模式下视频之间的过渡。墨水刷Strok。色度键，Alpha通道(透明),视觉中国,0.00,,5,1,material-lib
7322936648579157286,穿着飘逸的白色衣服的女人跑过麦田,视觉中国,0.00,,5,1,material-lib
7331374869621345573,在美丽的春日结束时，雏菊在春色盎然的草地上盛开,视觉中国,0.00,,9,1,material-lib
7331370181513448740,蓝色渐变水彩,视觉中国,0.00,,9,1,material-lib
7322042077603302666,精疲力竭、汗流浃背的商人,视觉中国,0.00,,5,1,material-lib
7322787053102566694,飞越惊涛骇浪,视觉中国,0.00,,5,1,material-lib
7331328795598785811,美丽的一天结束在海上,视觉中国,0.00,,9,1,material-lib
7323350323509120293,再见或问候手势。手背，食指，拳头，酷，欢迎，敬礼。手势为聋人的概念。一条线绘制动画。运动设计。动画技术的标志。视频4 k,视觉中国,0.00,,5,1,material-lib
7322275644417592614,美丽的阳光透过树叶照射进来。秋天的气氛。相机运动,视觉中国,0.00,,5,1,material-lib
7323293570222361883,彩虹彩色的烟雾。多色液体墨水的爆炸。带有alpha通道的视觉特效动画。,视觉中国,0.00,,5,1,material-lib
7323379371358620966,抽象动画背景的发光蓝色粒子，美丽的发光粒子在液体流的效果，像墨水溶于水的效果。光磨作为alpha通道。,视觉中国,0.00,,5,1,material-lib
7322566809255775529,结束结束标题电影字体,视觉中国,0.00,,5,1,material-lib
7323718201005624612,中国风背景,视觉中国,0.00,,9,1,material-lib
7331368151231253770,"水彩背景纹理抽象。Ery peri, 2022年的流行色。纸画艺术创意质感",视觉中国,0.00,,9,1,material-lib
7323282041649253642,绿草镜头微距阳光透过树叶，美丽的春天背景。视频关闭静态摄像机,视觉中国,0.00,,5,1,material-lib
7323388953057299750,晴空的时间流逝,视觉中国,0.00,,5,1,material-lib
7323384926626188554,抽象的线框模型环背景,视觉中国,0.00,,5,1,material-lib
7322862739766938889,把啤酒倒进玻璃杯里，营造出餐馆夜晚的氛围。,视觉中国,0.00,,5,1,material-lib
7328051885745769740,竖起大拇指!,视觉中国,0.00,,9,1,material-lib
7331162036153404681,青岛市市南区-青岛轮渡站,视觉中国,0.00,,9,1,material-lib
7331374898343939378,山顶上的树。景观日落之前。供动物使用的田野和牧场。夏季农业景观。高分辨率的照片。,视觉中国,0.00,,9,1,material-lib
7323248891766279462,意大利南蒂罗尔，朵罗米蒂的春天蒲公英的田野,视觉中国,0.00,,5,1,material-lib
7326267330785234213,森林里的人行道。美丽的景观,视觉中国,0.00,,9,1,material-lib
7319856236860689690,最后。老电影片尾标题卡-黑白-库存视频,视觉中国,0.00,,5,1,material-lib
7325062982621269258,黑暗，黑色，黑屏背景,视觉中国,0.00,,9,1,material-lib
7323272813639421234,红色和蓝色的墨流在中间混合。彩色抽象混合丙烯酸彩虹墨水在黑色背景。墨在水中，动作缓慢,视觉中国,0.00,,5,1,material-lib
7322231389091384587,晴朗的蓝天上飘逸的云朵随着时间流逝,视觉中国,0.00,,5,1,material-lib
7322703843605663015,美丽的千岛湖自然景观，位于中国浙江省杭州淳安。,视觉中国,0.00,,5,1,material-lib
7322713069623184679,绽放的野花映衬着蓝天，放松的自然景色，刮风的日子,视觉中国,0.00,,5,1,material-lib
7323372250600656165,德国杜塞尔多夫-航拍,视觉中国,0.00,,5,1,material-lib
7321939063135538470,CU 4K夏季树叶散景模糊，阳光透过树叶,视觉中国,0.00,,5,1,material-lib
7331283801894554907,密切的手的业务伙伴，人们交叉手结束会议显示团结在办公桌上，业务团队的概念,视觉中国,0.00,,9,1,material-lib
7331472124571340042,抽象的水溅在黑色的背景上。,视觉中国,0.00,,9,1,material-lib
7323256227746696499,黄色的风铃花开花了,视觉中国,0.00,,5,1,material-lib
7331103610379472155,航拍的河流穿过茂密的绿色森林覆盖的山脉,视觉中国,0.00,,9,1,material-lib
7322871281324510502,通往佐治亚州亚特兰大市中心的高速公路上夜间交通拥挤。高速公路两旁排列着摩天大楼和砖房。航空镜头与静态相机运动,视觉中国,0.00,,5,1,material-lib
7323324066541227315,美丽的景色，阳光透过明亮的绿色森林，在秋天的早晨树木茂盛。黎明时分美丽的野生森林,视觉中国,0.00,,5,1,material-lib
7331471734392048934,蓝天和白云的背景,视觉中国,0.00,,9,1,material-lib
7322934539322445066,夏日的云和风铃。,视觉中国,0.00,,5,1,material-lib
7323353448643153203,模拟电视的噪声。视频错误数字故障噪音静态电视视觉特效包。,视觉中国,0.00,,5,1,material-lib
7331387206482857225,冬天即将结束，太阳落在光秃秃的树木和乌云后面,视觉中国,0.00,,9,1,material-lib
7322558813440068914,母亲握着儿子的手,视觉中国,0.00,,5,1,material-lib
7323294537055554866,广州城市天际线夜景航拍图。创意视频没有广告和商标,视觉中国,0.00,,5,1,material-lib
7323286961202941221,水中黄色的抽象形式。丙烯酸油墨水下云。,视觉中国,0.00,,5,1,material-lib
7323315344460877065,4k时间流逝美丽清澈的蓝天与白云流动在蓝天背景在好天气夏日,视觉中国,0.00,,5,1,material-lib
7331368181308591397,蓝色的海浪和沙子。水彩画和丙烯酸流墨涂画。,视觉中国,0.00,,9,1,material-lib
7323262066314202406,2024年霓虹动画新年快乐。闪闪发光的金色梯度数字2024在闪闪发光的紫色背景波。新年背景。,视觉中国,0.00,,5,1,material-lib
7323388215090547995,飞行的积云，美丽的云时间流逝，视频循环,视觉中国,0.00,,5,1,material-lib
7331342255560625449,完美一天的结束,视觉中国,0.00,,9,1,material-lib
7331366366315859237,水彩彩色的手绘背景。中性色调的水彩印刷和网络项目，如婚礼请柬，品牌，贺卡，社交媒体和许多其他用途。,视觉中国,0.00,,9,1,material-lib
7325490550000422194,黑色背景图片,视觉中国,0.00,,9,1,material-lib
7322931748558408998,建筑停车场的氛围,视觉中国,0.00,,5,1,material-lib
7320194904334896393,航拍日出时平静的湖面,视觉中国,0.00,,5,1,material-lib
7323336090612567322,深圳市景航拍视频,视觉中国,0.00,,5,1,material-lib
7321839849214889225,片头场景增强预告广告的吸引力。,视觉中国,0.00,,5,1,material-lib
7323370310042996005,慢动作墨水滴扩大和漩涡在水美丽的背景,视觉中国,0.00,,5,1,material-lib
7323384803447885107,美丽明亮的背景与心脏动画。,视觉中国,0.00,,5,1,material-lib
7323377145407982886,Alpha(透明)通道，4K手绘卡通液体过渡动画，2D动画，漫画，Flash FX，漫画元素，背景，预渲染，滴，墨水，笔刷，水，游戏开发者的理想，电影，卡通，视频音乐，活动,视觉中国,0.00,,5,1,material-lib
7331367605116194086,节日已经结束,视觉中国,0.00,,9,1,material-lib
7324148464860941580,蓝绿色闪闪发光的长春花蓝色背景纹理闪闪发光的包装纸，假日季节壁纸装饰，问候和婚礼请柬设计元素,视觉中国,0.00,,9,1,material-lib
7323370418847386890,垃圾墨水散布并填满了屏幕,视觉中国,0.00,,5,1,material-lib
7322267818249047305,阳光透过树叶和树枝上的白花照耀着,视觉中国,0.00,,5,1,material-lib
7323386550555774235,田园诗般的自然景观与森林,视觉中国,0.00,,5,1,material-lib
7322874557948235071,现实的社交媒体点赞或喜欢图标与透明的背景,视觉中国,0.00,,5,1,material-lib
7323325077989149962,男性的手移动小麦种植在种植园上的特写。一个年轻人穿过麦田，轻轻地抚摸着金黄的麦穗。阳光在背景。后视图慢动作,视觉中国,0.00,,5,1,material-lib
7331235024148204827,我爱你,视觉中国,0.00,,9,1,material-lib
7331463255027682598,会议结束后，两位愉快的商务人士握手后签约成为合作伙伴，协作团队,视觉中国,0.00,,9,1,material-lib
7321823230669393163,晚风中种芦苇,视觉中国,0.00,,5,1,material-lib
7322859023894727977,惊涛骇浪冲刷海岸线的超级慢动作。低沉的海浪冲击着岩石海岸,视觉中国,0.00,,5,1,material-lib
7322384166228675878,文章和文本的结尾,视觉中国,0.00,,5,1,material-lib
7323226110970432805,日落时宁静的芦苇空镜,视觉中国,0.00,,5,1,material-lib
7331335001243454731,拍板在背景的大海,视觉中国,0.00,,9,1,material-lib
7327135628620025151,竹林小道是杭州著名的风景区,视觉中国,0.00,,9,1,material-lib
7322685390375210278,明亮的阳光透过树叶照进来,视觉中国,0.00,,5,1,material-lib
7331209883141934374,草原风景,视觉中国,0.00,,9,1,material-lib
7322596346169429275,夜间照明的高速公路动脉:夜间高架道路上繁忙的交通。亚特兰大市中心连接器，GA。航空镜头与静态相机运动,视觉中国,0.00,,5,1,material-lib
7322759768462970139,大猩猩,视觉中国,0.00,,5,1,material-lib
7331226322619878693,典型的克罗地亚伊斯特拉海岸景色,视觉中国,0.00,,9,1,material-lib
7323371052854217993,女旅行者使用和在乡村边的路上拿一杯咖啡,片头,0.00,,5,1,material-lib
7331469562728189222,可爱的小北极熊在优雅美丽的新年圣诞树下。新年的节日装饰和礼物红盒子,片头,0.00,,9,1,material-lib
7331467548753530138,加拿大徒步旅行,片头,0.00,,9,1,material-lib
7331471602338630922,可爱好玩的刺猬在大自然的草地上以阳光为背景，一起旅行的概念。,片头,0.00,,9,1,material-lib
7331472742631345458,可爱好玩的刺猬在大自然的草地上以阳光为背景，一起旅行的概念。,片头,0.00,,9,1,material-lib
7331469636220767526,节日的夜晚点亮街道，新年的树木和装饰品,片头,0.00,,9,1,material-lib
7323320491945495818,特写:一群快乐的亚洲朋友晚上在家里吃春节团圆饭时吃着火锅。生活方式享受美食。,片头,0.00,,5,1,material-lib
7331471887559707954,美味的亚洲美食，在家送，与家人和朋友共进晚餐,片头,0.00,,9,1,material-lib
7331471333936729382,在斯洛伐克蓝天下的落基塔特拉山游客徒步旅行小径,片头,0.00,,9,1,material-lib
7331471538450877746,一位妈妈和她的孩子们在他们的徒步旅行中休息一下，去看看小路旁边的小溪。,片头,0.00,,9,1,material-lib
7323355407039139081,传统的俄罗斯复活节库利希。复活节(基督的星期日)是最古老和最重要的基督教节日。,片头,0.00,,5,1,material-lib
7323298277166681382,走在亚洲的美食街上。很多的品种,片头,0.00,,5,1,material-lib
7331470478869007643,桌子上有一些心形的图案。上面的题词是英文，爱和吻。节日或祝贺的概念，俯视图，平躺。,片头,0.00,,9,1,material-lib
7331470118653791538,缤纷的烟花在新年快乐2019假日节日,片头,0.00,,9,1,material-lib
7331467477647494409,在节日背景上堆叠不同的礼物。,片头,0.00,,9,1,material-lib
7323293282719550729,用平底锅烹饪西班牙海鲜饭的特写。在餐厅以热辣的方式制作传统西班牙海鲜饭。食物烹饪概念。民族美食,片头,0.00,,5,1,material-lib
7331458077742386442,传统美食包菜卷配香熏排骨和火腿肘，盛在不锈钢炖锅和瓷盘里，放在破旧破旧的野餐桌上,片头,0.00,,9,1,material-lib
7331470463140400393,传统的装饰开胃菜美味的美食Meze与切片的棕色长棍面包和国内皮塔膨松饼面包提供在老风化开裂的野餐桌上,片头,0.00,,9,1,material-lib
7331457754147589385,香菜蛋糕或Kothimbir Vadi是一种受欢迎的马哈拉什特拉美食，用香菜叶子制成。配番茄酱。有选择性的重点,片头,0.00,,9,1,material-lib
7323378037922286886,美丽的年轻亚洲女人在比基尼性感使用智能手机在海滩热带度假，女孩旅行旅行坐在躺椅上聊天手机在夏天的海边休闲。,片头,0.00,,5,1,material-lib
7323383825285778698,在山区徒步旅行时，妇女从溪涧中取出纯净水，用塑料瓶装。,片头,0.00,,5,1,material-lib
7331451061925989682,在一家美食店，挂在木架子上的干香肠。,片头,0.00,,9,1,material-lib
7331470198752431398,航空旅行的概念,片头,0.00,,9,1,material-lib
7323356781860637962,新年。带亮片的节日新年动画。构图中有房子、圣诞树、飘落的雪花、飞舞的云朵，还有小山上的一只小鹿,片头,0.00,,5,1,material-lib
7323374605354142986,能量波。音频电波。抽象运动背景。波的抽象。奇妙的粒子波物体。抽象节日背景广告。60 fps 3D渲染,片头,0.00,,5,1,material-lib
7331470708083526939,加拿大徒步旅行,片头,0.00,,9,1,material-lib
7331457876898204978,美食爱好者,片头,0.00,,9,1,material-lib
7323385094641683739,一般计划手机在一个女性旅行者的手中走过森林。社交网络导航和信使。用你的手机在树林里散步,片头,0.00,,5,1,material-lib
7323370918577786139,年轻女子乘火车旅行,片头,0.00,,5,1,material-lib
7323297476528622898,日落时分，在泰国高昌岛的海滩上享用浪漫的泰国美食,片头,0.00,,5,1,material-lib
7331469866488073499,房间里有一个小女孩的肖像，她坐在那里打开礼物。节日生日的概念。照片里的快乐宝宝。婴儿。3月8日是国际妇女节。圣诞快乐，节日快乐。,片头,0.00,,9,1,material-lib
7323304454298635547,土耳其阿达纳美食节,片头,0.00,,5,1,material-lib
7323385086047571226,航海旅行。一对游艇驾驶员享受航行。,片头,0.00,,5,1,material-lib
6969200777948581128,古风水墨文字片头，人间烟火,片头,0.00,,5,1,material-lib
7323381986414824741,把宝宝放在行李箱里，为旅行做准备。有选择性的重点。,片头,0.00,,5,1,material-lib
7323355258615319818,有魅力的成熟女子，一名游客，在圣诞节期间用智能手机在灯火通明的公园里拍照和自拍，享受大城市的节日装饰。,片头,0.00,,5,1,material-lib
7323381819762642203,骑摩托车的长者驾驶摩托车行驶在乡村公路上的热带棕榈树景观。年长者骑着摩托车趁夏天摩托旅行。,片头,0.00,,5,1,material-lib
7323388168953138483,家人跳过了节日这个词,片头,0.00,,5,1,material-lib
7323286286272302363,迷幻的墨水飞溅，乱滴，抽象的漩涡，膨胀的墨渍，过渡的溢出,片头,0.00,,5,1,material-lib
7331469565236481317,摇摆在年度活动和有趣的节日,片头,0.00,,9,1,material-lib
7323385568077958451,节日快乐红丝带和金条纹4K圈,片头,0.00,,5,1,material-lib
7323385648470084873,后方女性旅行者的特写行走和享受在国家公园的人行道上的自然。,片头,0.00,,5,1,material-lib
7323347082125921574,烤茄子，茄汁蔬菜，素食。中东的文化。摩洛哥美食俯视图。冷开胃菜的概念。,片头,0.00,,5,1,material-lib
7323368781982485769,摄影机跟随一位女性的旅行或冒险。,片头,0.00,,5,1,material-lib
7323359251496193317,女人的手在家里给圣诞姜饼饼干上色。厨房里的圣诞装饰。带着仙女灯的冷杉树。新年和圣诞节的概念。节日的气氛,片头,0.00,,5,1,material-lib
7331472340913507594,年轻的白种人在一个冰冻的湖边约会。情人节节日活跃，玩雪球玩欢乐,片头,0.00,,9,1,material-lib
7331453989478731034,节日美食展示吸引人,片头,0.00,,9,1,material-lib
7331468975441726771,快乐微笑的圣诞女孩是可爱的红色套装与圣诞树的背景庆祝在圣诞节和快乐的新年节日。,片头,0.00,,9,1,material-lib
7331472784289221926,在斯洛伐克蓝天下的落基塔特拉山游客徒步旅行小径,片头,0.00,,9,1,material-lib
7323383900061961482,在Grand Mesa国家森林旅游和汽车旅行的西部科罗拉多充满活力的秋天的颜色4k视频系列,片头,0.00,,5,1,material-lib
7323382136935910683,一个女人女孩旅行者走在Las Catedrales令人惊叹的风景海滩在一个暴风雨的雨天与黄色夹克,片头,0.00,,5,1,material-lib
7323361206545206537,丰富多彩的快乐新年文字跳跃动画背景与雪-新的质量复古运动快乐的节日视频片段,片头,0.00,,5,1,material-lib
7331471277938478363,一个年轻的女人正在给一个礼品卡问候信息，节日的概念和庆祝节日的惊喜，拷贝空间，俯视图,片头,0.00,,9,1,material-lib
7331470918721572146,一次从riot到矿业公园的旅行,片头,0.00,,9,1,material-lib
7323367515617266994,在夏天的森林里开车旅行。4 k。,片头,0.00,,5,1,material-lib
7331470400439848242,背包旅行者在温暖的夹克看冬天的森林,片头,0.00,,9,1,material-lib
7331461645388107017,披萨是意大利的传统美食，由辣腊肠、辣椒、洋葱、橄榄和罗勒组成。,片头,0.00,,9,1,material-lib
7331468856948542757,红红的心糖在咖啡杯里。爱情和情人节的概念。节日的背景,片头,0.00,,9,1,material-lib
7323382045319630130,一个亚洲华人中年女性旅行徒步探索怡保霹雳马来西亚洞穴森林背包,片头,0.00,,5,1,material-lib
7323284651567533321,肖像的男性厨师准备美食菜肴与食品配方,片头,0.00,,5,1,material-lib
7331471781171105074,沙嗲，沙嗲烤猪肉配吐司，亚洲美食,片头,0.00,,9,1,material-lib
7323350255100005670,节日蜡烛的形状有数字69、六十九、数字蜡烛、生日快乐、节日蜡烛、周年纪念、阿尔法通道,片头,0.00,,5,1,material-lib
7331473361274424627,一个女人带着悲伤坐着，带着许多行李旅行,片头,0.00,,9,1,material-lib
7331471709494594843,Z一代西班牙裔和混血儿圣诞派对节日季庆祝活动,片头,0.00,,9,1,material-lib
7323347145313078565,时间流逝。广告牌上的绿色屏幕。在为节日而画的街道上。,片头,0.00,,5,1,material-lib
7331469544478854437,旅行。在岩石谷上空飞行的热气球，气球,片头,0.00,,9,1,material-lib
7323363683495578889,炸面包鱼，生鲜全，韩国节日食品,片头,0.00,,5,1,material-lib
7331474448995896585,快乐的徒步旅行者参观加州约塞米蒂国家公园,片头,0.00,,9,1,material-lib
7331472330742385929,背包旅行者在温暖的夹克看冬天的森林,片头,0.00,,9,1,material-lib
7323355615235968265,"特写新年蜡烛在灯笼。快乐的模糊的白人妇女和大狗躺在背景和玩节日装饰。圣诞夜,假期。",片头,0.00,,5,1,material-lib
7323302669592972594,各种宴会菜单和餐饮服务，银色托盘与质朴的意大利帕尔玛干酪，坚果，水果和绿色植物，美食宴会桌庆祝派对,片头,0.00,,5,1,material-lib
7331465961826012467,传统的乌克兰俄罗斯罗宋汤配白豆。甜菜汤。白色餐桌上的一盘红色的甜菜根罗宋汤。传统的乌克兰美食。俯视图,片头,0.00,,9,1,material-lib
7323359192264379657,可爱的女孩盯着一盘节日大餐,片头,0.00,,5,1,material-lib
7323362544586919177,4K超高清手持多代亚洲幸福家庭装饰圣诞树与装饰一起准备快乐的节日冬季。,片头,0.00,,5,1,material-lib
7323353685180910898,非常美味新鲜的烹饪美食,片头,0.00,,5,1,material-lib
7331470450037493042,喜马拉雅山脉徒步旅行,片头,0.00,,9,1,material-lib
7323351468654824742,煎鲻鱼鱼。在平底锅里煮鱼。美味可口的美食。,片头,0.00,,5,1,material-lib
7323298348612472102,"变色龙，蜥蜴，地方美食，泰国东北部地区令人惊叹的地方美食lsan,E-san，那是变色龙，4k",片头,0.00,,5,1,material-lib
7331468240067071241,一名年轻女子正拿着塑料杯的红糖奶茶在台湾夜市，台湾美食，关门。,片头,0.00,,9,1,material-lib
7331471695418592549,徒步旅行。一对年轻夫妇背着背包在湖边看地图,片头,0.00,,9,1,material-lib
7331472354003946802,侧视图肖像美丽的成年男子徒步旅行者戴针织帽,片头,0.00,,9,1,material-lib
7323376663939550491,螺旋闪光粒子与旅行磨砂- 4K,片头,0.00,,5,1,material-lib
7323378087435980083,年轻的旅行者在背景山上自拍,片头,0.00,,5,1,material-lib
7331450430045621542,三壳泰国辣沙拉风味美食车活动。,片头,0.00,,9,1,material-lib
7323383258501205258,燃烧的炯炯有神的眼睛。烟花闪耀的节日,片头,0.00,,5,1,material-lib
7331467158762949914,节日或狂欢节的抽象背景与散焦灯光和星星,片头,0.00,,9,1,material-lib
7331470806695906597,旧船的方向盘，罗盘，硬币，单片眼镜，放大镜，六分仪，绳子。旅行和海洋雕刻背景。宝罩的概念。,片头,0.00,,9,1,material-lib
7331470282382773531,45%的抽象销售标志，节日插图。“黑色星期五”。,片头,0.00,,9,1,material-lib
7323371165689417010,心形状中心阿尔法透明模糊散焦平滑的心形状，干净和抽象，循环背景4k视频节日，音乐会，新年，情人节，事件。现代数字运动和软动画,片头,0.00,,5,1,material-lib
7323377839372356902,美国迈阿密比斯坎湾日落鸟瞰图。伟大的景观。假期旅行。旅游目的地。热带风光。,片头,0.00,,5,1,material-lib
6970579531681860894,awesome,片头,0.00,,5,1,material-lib
7331447809775799561,开胃吐司配鳄梨，鹌鹑蛋，西红柿，蓝奶酪和炸薯条。作者的美食。原始的碟子,片头,0.00,,9,1,material-lib
7323376581144087858,温暖舒适的石头壁炉装饰着圣诞花环，袜子，花环灯。用于新年假日装饰的壁炉架。正宗的节日室内装饰。多莉拍摄,片头,0.00,,5,1,material-lib
7321640135550897446,片头倒计时带绿色,片头,0.00,,5,1,material-lib
7331466134887173426,的巧克力。松露、杏仁、椰子和饼干屑装在盒子里，放在一张旧的白色桌子上，上面有冷杉树枝。圣诞和新年的礼物。美食,片头,0.00,,9,1,material-lib
7323351253663173897,可爱的印度家庭在家里自拍或自拍照——色彩缤纷，装饰的背景，节日,片头,0.00,,5,1,material-lib
7323386518972747035,史诗飞行无人机拍摄的绿茶梯田与女旅行者在斯里兰卡山区,片头,0.00,,5,1,material-lib
7323386952462372105,专业摄影师男性用单反背着背包拍摄山谷风景自然旅行探险挪威,片头,0.00,,5,1,material-lib
7331451270961581339,美食小吃三明治与肝香肠勒贝wurst派，泡菜，芥末，腌制萝卜，番茄果酱果酱，和鲜花在街头食品市场的节日,片头,0.00,,9,1,material-lib
7323373517553175835,一个亚洲人背着包独自在森林中徒步旅行,片头,0.00,,5,1,material-lib
7331468136526531878,女人在春天旅行的照片,片头,0.00,,9,1,material-lib
7323381328601173298,水和日期。开斋晚餐是指晚餐。滑块视图装饰斋月卡里姆节日。节日贺卡，穆斯林斋月请柬。黑暗的背景。有选择性的重点,片头,0.00,,5,1,material-lib
7323380613694754085,早晨，一名乘坐露营车旅行的男子在美丽的海景下整理床铺,片头,0.00,,5,1,material-lib
7323273485583699209,惊人的背景。灰蓝色水彩墨水在灰色背景上的水。灰蓝色液体颜料的慢动作。,片头,0.00,,5,1,material-lib
7323362543773240627,荷兰节日圣诞的背景,片头,0.00,,5,1,material-lib
7323370748691680562,动画飞机和手提箱-旅行-罗马尼亚,片头,0.00,,5,1,material-lib
7331471781171137842,布置装饰为快乐复活节，节日背景概念。彩色的鸡蛋，糖果和装饰设计，如大鸡蛋黄色蜡笔书桌与复制空间。平躺,片头,0.00,,9,1,material-lib
7331468856948477221,圣诞和新年的小房子在森林的阳光下。小玩具屋特写。节日的背景。圣诞装饰品。节日和庆祝概念。,片头,0.00,,9,1,material-lib
7323291547133414707,手工制作的Tapas:美味的意大利早午餐的美食乐趣,片头,0.00,,5,1,material-lib
7323289655523200306,日本牛肉或鸡肉拉面，炒肉米粉，冬阴功辣味泰国亚洲汤，厨师烹饪的传统韩国中餐。接近美味的越南美食。,片头,0.00,,5,1,material-lib
7323383677445066021,节日的气氛。圣诞树上挂着圣诞玩具。在背景中，汽车的运动模糊了。,片头,0.00,,5,1,material-lib
7152865020391509281,VLOG创意片头｜美好的假期结束🔚日常分享～,片头,0.00,,5,1,material-lib
7331469150990257459,圣诞树彩球装饰挂在云杉树枝上，四周点缀着节日彩灯。空间的文本,片头,0.00,,9,1,material-lib
7331469941876575514,喜马拉雅山脉徒步旅行,片头,0.00,,9,1,material-lib
7331471098762071333,木桌上的节日沙拉配鸡胸肉、甜玉米、菠萝罐头和蛋黄酱,片头,0.00,,9,1,material-lib
7331469011760237834,顶视图巧克力包装的节日丝带，红玫瑰和心形礼物盒孤立在白色，情人节的概念,片头,0.00,,9,1,material-lib
7323368384299633946,妈妈带着孩子在户外旅行，家庭度假冒险，妈妈带着孩子在俄罗斯克里米亚徒步旅行,片头,0.00,,5,1,material-lib
7331470595546271002,快乐的徒步旅行者参观加州约塞米蒂国家公园,片头,0.00,,9,1,material-lib
7150945969952083233,VLOG创意片头｜周末日常Morning Time～,片头,0.00,,5,1,material-lib
7331456087037693193,香菜蛋糕或Kothimbir Vadi是一种受欢迎的马哈拉什特拉美食，用香菜叶子制成。配番茄酱。有选择性的重点,片头,0.00,,9,1,material-lib
7323290371633466651,在白色背景上流动的彩色墨水,片头,0.00,,5,1,material-lib
7331468095388798259,快乐的男孩游客在薰衣草夏天的田野。与孩子一起旅行的概念,片头,0.00,,9,1,material-lib
7323384069662739762,可爱的亚洲女孩在蓝色背景的工作室里喝热巧克力，戴着红色帽子的女人在圣诞节庆祝节日快乐地拿着杯子喝热饮，在寒冷的季节里温暖身体,片头,0.00,,5,1,material-lib
7323304490755460379,肉饭特写。亚洲传统美食——肉饭。米饭配肉和蔬菜。乌兹别克菜,片头,0.00,,5,1,material-lib
7323304275579309363,4K亚洲家庭在曼谷Yaowarat路的街头美食餐厅和人群一起享用美食,片头,0.00,,5,1,material-lib
7323348560823553306,"4K, Color drops in water, abstract Color mix, drop of Ink Color mix paint falling on water彩色墨水在水中，4K footage，",片头,0.00,,5,1,material-lib
7323374327586508070,女旅行者幸福的微笑快乐的手臂向上,片头,0.00,,5,1,material-lib
7331463872135646490,高端美食酒吧食物在白色的背景,片头,0.00,,9,1,material-lib
7323365680693120282,黄金颗粒在液体中漂浮并闪闪发光。背景与金光闪闪的粒子景深和散景。Luma哑光切割发光粒子用于节日展示。4 k的3 d动画。51,片头,0.00,,5,1,material-lib
7331468776807927067,旅行者太阳镜孤立的白色背景。,片头,0.00,,9,1,material-lib
7323351222428159270,"迪斯科万花筒背景动画发光的霓虹灯彩色线条和几何形状的音乐视频，VJ, DJ，舞台，LED屏幕，显示，事件，圣诞视频，节日，夜总会。FullHD",片头,0.00,,5,1,material-lib
7323379200944049418,鸟瞰图的海滩与露营和休息的旅行者,片头,0.00,,5,1,material-lib
7323377896595180837,在森林里，一个女人正用平底锅在炭火上煎切好的香肠和香肠片。野餐。为游客和旅行者露营。,片头,0.00,,5,1,material-lib
7323289502577954098,羽毛笔和墨水在烛光下。,片头,0.00,,5,1,material-lib
7323307604266994982,一名年轻女子在咖啡馆用智能手机拍美食照片，而她的男友正在和朋友聊天。朋友的陪伴是在一个美好的地方喝酒和享受时间。,片头,0.00,,5,1,material-lib
7331456044129996082,香菜蛋糕或Kothimbir Vadi是一种受欢迎的马哈拉什特拉美食，用香菜叶子制成。配番茄酱。有选择性的重点,片头,0.00,,9,1,material-lib
7331469106253778213,女人在春天旅行的照片,片头,0.00,,9,1,material-lib
7331470484774669619,旅行。在岩石谷上空飞行的热气球，气球,片头,0.00,,9,1,material-lib
7323349784666885414,圣诞快乐，节日快乐。女儿装饰圣诞树。圣诞节前的早晨，快乐的小女孩。,片头,0.00,,5,1,material-lib
7331469485989203210,桌子上有心形的人物，嘴唇和丝带。节日概念或问候。选择焦点，放置文本。,片头,0.00,,9,1,material-lib
7323374956627217714,两名千禧女性卸车走在城市街道上旅行4K视频,片头,0.00,,5,1,material-lib
7323290421663239451,在托盘上旋转的新鲜生意大利面俯视图。传统的意大利美食。,片头,0.00,,5,1,material-lib
7153527796046859524,VLOG创意片头｜🆕奇奇怪怪的一天～,片头,0.00,,5,1,material-lib
7331465713191767346,高端美食酒吧食物在白色的背景,片头,0.00,,9,1,material-lib
7331448805520362779,心形的小扁豆颗粒，孤立在白色背景上。热爱烹饪和品尝美食，是美食之旅的理念。,片头,0.00,,9,1,material-lib
7331454016741838131,儿童派对糖果-甜蜜的美食家,片头,0.00,,9,1,material-lib
7331457759277321522,圣诞美食的节日背景概念。圣诞节或新年餐桌上用一套刀叉在红色餐巾上装饰圣诞节。古老的乡村复古木材背景。副本的空间。,片头,0.00,,9,1,material-lib
7331456664375282995,三文鱼刺身配芥末日本美食,片头,0.00,,9,1,material-lib
7331469134779157811,在本罗蒙德小径上徒步旅行，可以看到新西兰皇后镇的瓦卡蒂普湖,片头,0.00,,9,1,material-lib
7323319994828328230,美食细节-叉子切碎牛膝肉在宏观食品准备，牛膝宏观特写烹饪场景，烹饪食物,片头,0.00,,5,1,material-lib
7331458833115598131,白色的盘子上放着炒好的韩国饺子，里面有肉和蔬菜，灰色的混凝土表面上放着芝麻、酱油和大葱。亚洲美食,片头,0.00,,9,1,material-lib
7331469696555961638,这对快乐的潮人情侣在阳光明媚的山顶自拍微笑。时尚的情侣在自拍和乐趣。一起旅行和旅游的概念。,片头,0.00,,9,1,material-lib
7323374922015804698,单色沉思的孩子凝视着从高速列车上经过的风景，黑白剪辑的沉思的孩子旅行者,片头,0.00,,5,1,material-lib
7331471694332169522,圣诞节日背景用冷杉枝、礼品盒、红色装饰上黑色、拷贝空间,片头,0.00,,9,1,material-lib
7323351314673470758,最美味的乌兹别克肉饭是在节日美食广场的一个大盆里煮出来的,片头,0.00,,5,1,material-lib
7331469481950121254,节日快乐矢量标签,片头,0.00,,9,1,material-lib
7323385749670350106,移动过去半卡车慢动作雨和风暴州际70在美国中西部旅行从移动汽车视频系列晚春POV,片头,0.00,,5,1,material-lib
7323302345251622195,泰国国际自助餐，曼谷美食表演,片头,0.00,,5,1,material-lib
7331461690015452426,表的美食,片头,0.00,,9,1,material-lib
7331471998335405339,刺猬手睡以自然为背景，一起旅行的概念。,片头,0.00,,9,1,material-lib
7323381579865263410,漂亮的年轻微笑的女游客在夏天的海滩旅行自拍。,片头,0.00,,5,1,material-lib
7331470688655510821,独自旅行的人使用便携式太阳能电池板,片头,0.00,,9,1,material-lib
7323324887483878665,在街头美食节上，烧烤串上的羊肉串和蘑菇,片头,0.00,,5,1,material-lib
7149051830763343142,VLOG创意片头｜秋天の第一杯奶茶～,片头,0.00,,5,1,material-lib
7331468317129067813,在新西兰奥塔哥皇后镇的本洛蒙德山徒步旅行,片头,0.00,,9,1,material-lib
7323295329594477833,食材、接吻和情侣在厨房里一起烹饪，用美食菜谱建立感情。快乐、微笑的青年男女在家里切菜准备健康晚餐或午餐,片头,0.00,,5,1,material-lib
7331468856948509989,一对快乐的潮人情侣在多风的山顶自拍。时尚性感的情侣在爱拍照和有乐趣。一起旅行和旅游的概念。,片头,0.00,,9,1,material-lib
7331470234148244762,节日散景辉映背景,片头,0.00,,9,1,material-lib
7323383394010795301,在冰岛的冰川泻湖，一个年轻人张开双臂，享受着大自然的自由。寒冷天气旅行乐趣双臂伸开冒险概念4K,片头,0.00,,5,1,material-lib
7331471593371143474,徒步旅行者的人,片头,0.00,,9,1,material-lib
7152526472668925214,创意VLOG片头✨美式女孩集合🧸开心消消乐,片头,0.00,,5,1,material-lib
7331469815300771109,一个年轻人把节日的问候写在一张纸上。在装礼物和信封的盒子旁边。红色的铁盒，做成心的形状。,片头,0.00,,9,1,material-lib
7331470070226504970,美丽开朗的年轻时尚模特女孩手里拿着一颗大大的情人心。爱。节日的庆祝活动。情人节的象征。红色的背景,片头,0.00,,9,1,material-lib
7331470672469708083,当地美食——松饼面包(土耳其Burdur),片头,0.00,,9,1,material-lib
7323371457810107674,美国西南部的夏季旅行:一个男人在约塞米蒂的默塞德河漂流的POV,片头,0.00,,5,1,material-lib
7323324815455177994,秋天的美食，栗子，白色，白色的背景,片头,0.00,,5,1,material-lib
7323387531930684698,这名妇女正在用红豆沙包着月饼皮，这是传统中秋节的节日烘焙。,片头,0.00,,5,1,material-lib
7331450397443296563,人参参参鸡汤，韩国传统美食,片头,0.00,,9,1,material-lib
7323385239915613477,愉快的背包客徒步旅行和探索,片头,0.00,,5,1,material-lib
7323381277367749925,鸟瞰英国苏格兰斯凯岛的锯齿状山脉、湖泊和海洋，日落时天空五彩缤纷。在库林山徒步旅行和露营。,片头,0.00,,5,1,material-lib
7331469863698976050,美味的亚洲美食，在家送，与家人和朋友共进晚餐,片头,0.00,,9,1,material-lib
7323288233926855963,墨水在水里,片头,0.00,,5,1,material-lib
7331471914579266825,徒步旅行者夫妇,片头,0.00,,9,1,material-lib
7331469369433705778,快乐的孩子在旧跑道的背景下玩玩具飞机。和孩子一起旅行的概念,片头,0.00,,9,1,material-lib
7323287054110952713,厨师用梨、芝士、熏火腿制作罗马火腿。意大利的传统美食。披萨店的外卖。,片头,0.00,,5,1,material-lib
7323285927168675122,在街头美食节上，烧烤串上的羊肉串和蘑菇,片头,0.00,,5,1,material-lib
7331472318402661642,"节日气氛中，将儿童花环挂在墙上用白色空框进行设计布局。婴儿淋浴,极简主义",片头,0.00,,9,1,material-lib
7323235520237014322,“办公室外的女孩”给你点赞,片尾,0.00,,5,1,material-lib
7323386972867661093,宽镜头，瘦削集中的80或90年代的男人躺在室内复古地毯上抬起腿。一个自信风趣的白人年轻人在老房子里训练。运动和生活方式,片尾,0.00,,5,1,material-lib
7055892886470053158,谢谢你的关注视频片尾视频结束卡通小清新片尾,片尾,0.00,,5,1,material-lib
7323353889200295218,长手装配行星地球切出复古风格,片尾,0.00,,5,1,material-lib
6969204312899603749,游戏风 see you next game下次见 ,片尾,0.00,,5,1,material-lib
7331472741754752306,暗色调的复古花背景粉红玫瑰。,片尾,0.00,,9,1,material-lib
7322920238880738587,博主女孩在社交媒体平台上录制潮流舞蹈挑战视频，以获得点赞和关注。女人有趣的跳舞，拍摄她的表演在客厅的家庭工作室的摄像机。,片尾,0.00,,5,1,material-lib
7323368828526808330,可爱的小仓鼠睡在球里,片尾,0.00,,5,1,material-lib
7170475937790708999,下期见 桌面片尾,片尾,0.00,,5,1,material-lib
7323375175146294538,"旧电视。故障错误视频损坏。信号噪音。错误。系统错误。独特的设计。糟糕的信号。没有signal.VHS。屏幕损害电视效果和文物。家用。糟糕的干扰。复古80年代,90年代",片尾,0.00,,5,1,material-lib
7331470990305791241,可爱的豚鼠孤立在白色背景,片尾,0.00,,9,1,material-lib
7323273786361400602,订阅卡，订阅，提醒，点赞按钮，,片尾,0.00,,5,1,material-lib
6985870589416312100,可爱 Vlog片尾 晚安 good night ,片尾,0.00,,5,1,material-lib
7331473016997662002,复古的汽车设计,片尾,0.00,,9,1,material-lib
7328070358404304147,迷人的年轻女子手持关注我的社交媒体通知图标，在互联网商业互动，社交网络通知和技术方面为她的在线博客寻求更多的关注者。,片尾,0.00,,9,1,material-lib
7329541559257517362,关注我们,片尾,0.00,,9,1,material-lib
7322778239015898377,男人用平板电脑给越来越多的人点赞,片尾,0.00,,5,1,material-lib
7323389383242140955,时尚帅哥的肖像,片尾,0.00,,5,1,material-lib
7329442874850872615,亚洲男子摩托车在黑色皮夹克旅行骑手旅行。帅哥戴太阳镜户外生活方式自由骑手。男人时髦潮酷的人。年轻的亚洲男子爱好骑摩托车,片尾,0.00,,9,1,material-lib
6923081699093908749,潮酷the end片尾,片尾,0.00,,5,1,material-lib
7323356627522866483,时尚的年轻女子走在秋天的城市与热杯,片尾,0.00,,5,1,material-lib
7322801760404278538,动心图标，平面风格爱情符号，概念点赞按钮，喷泉，吧台，设计元素，情感，社交媒体，情人节，幸福，弹出，飞翔,片尾,0.00,,5,1,material-lib
7331471315234327859,白色木地板背景抽象复古纹理。,片尾,0.00,,9,1,material-lib
7323265212033912074,在呼叫中心，戴着耳机在笔记本电脑上工作的年轻印度女子点赞,片尾,0.00,,5,1,material-lib
7323343663591853339,你赢得标题动画复古未来80年代90年代风格。动画方块和复古背景,片尾,0.00,,5,1,material-lib
7326841074780097855,阳光背光水从喷射器形成完美的耶稣光束,片尾,0.00,,9,1,material-lib
6979818902578662687,动漫 打响指 片头转场片尾,片尾,0.00,,5,1,material-lib
7331472247049178394,时尚的斯堪的纳维亚白色内饰复古留声机，枕头，毯子，热带植物和模拟相框。白色的背景墙和现代的三角形灯。,片尾,0.00,,9,1,material-lib
7327296321537264933,花时间关注我们的婚姻,片尾,0.00,,9,1,material-lib
7331071778581794086,关注我的社交媒体,片尾,0.00,,9,1,material-lib
7331471115644161290,年轻的成年女子越过灰色的垃圾墙穿着时尚的商务套装伸出舌头快乐和有趣的表情。情感的概念。,片尾,0.00,,9,1,material-lib
7322240212019449142,关注我们,片尾,0.00,,5,1,material-lib
7323373377266224393,可爱的女人坐在公园里看手机短信。,片尾,0.00,,5,1,material-lib
7323387047283133747,Funky复古简约的新年贺卡。,片尾,0.00,,5,1,material-lib
7328562530538851611,关注我们和一个复制空间来放置您的配置文件,片尾,0.00,,9,1,material-lib
7331471995319684379,活珊瑚千禧粉Grunge纹理柔和柔和可爱的背景时髦的颜色,片尾,0.00,,9,1,material-lib
7327969314961739020,以健康的方式关注我的体重,片尾,0.00,,9,1,material-lib
7331470721006193958,一个漂亮的年轻女人的时尚照片,片尾,0.00,,9,1,material-lib
7331469833860697353,一个年轻的灰色可爱的狗的肖像鼻子上有雪,片尾,0.00,,9,1,material-lib
7323387682107755827,复古流行的彩色蓝色圆圈在动画,片尾,0.00,,5,1,material-lib
7323352175868939530,时尚商人使用智能手机,片尾,0.00,,5,1,material-lib
7331471086632045833,棕色复古帆布在木板上,片尾,0.00,,9,1,material-lib
7322853184232328485,团队业务显示点赞,片尾,0.00,,5,1,material-lib
7323383083854548234,一只可爱的家猫在一个阳光明媚的日子里玩羽毛。,片尾,0.00,,5,1,material-lib
7331471086632176905,可爱的可爱的漂亮的猫和兔子的耳朵，复活节的背景与鸡蛋。从以上观点。复活节的背景,片尾,0.00,,9,1,material-lib
7328598536604486966,关注我的博客并点赞!快乐的博主女子肖像在条纹运动衫持有社交媒体心脏按钮,片尾,0.00,,9,1,material-lib
7322824874169290020,白色背景下的美女给你点赞,片尾,0.00,,5,1,material-lib
7331371721318059303,一天结束,片尾,0.00,,9,1,material-lib
7331471355491192115,圣诞树和复古镜,片尾,0.00,,9,1,material-lib
7331469155339717897,白色沙滩上可爱快乐的小女孩,片尾,0.00,,9,1,material-lib
7331471204869623091,经典时尚优雅的眼镜,片尾,0.00,,9,1,material-lib
7331288335148780851,户外时尚肖像时尚潮酷女孩戴墨镜,片尾,0.00,,9,1,material-lib
7323385656573463835,可爱的兄弟姐妹在教育之旅由木制码头观看海豹游泳,片尾,0.00,,5,1,material-lib
7323267858677402930,走路的女商人在去办公室的路上用智能手机，飞翔的笑脸，表情符号和点赞,片尾,0.00,,5,1,material-lib
7323344622887947557,时尚亚洲模特肖像与创意时尚的化妆户外,片尾,0.00,,5,1,material-lib
7323383554094664997,积极可爱的年轻时尚的商业男性享受成功，用手机在户外交谈,片尾,0.00,,5,1,material-lib
7331050499879259455,有魅力的年轻人手持关注我们的社交媒体图标，在互联网、社交网络通知图标和技术交流中为他的在线商业博客寻求更多的关注者。,片尾,0.00,,9,1,material-lib
7330846905242520842,关注我们,片尾,0.00,,9,1,material-lib
7331468853744061734,特写时尚的年轻男子在西装谁坐在椅子上,片尾,0.00,,9,1,material-lib
7331474209803078922,手捧可爱的灰色刺猬的人,片尾,0.00,,9,1,material-lib
7331468731241041203,可爱的小孩子在时尚的牛仔裤衣服看着相机和微笑的肖像,片尾,0.00,,9,1,material-lib
7323388748442389810,亚洲可爱的女孩使用手机和数字平板电脑在做作业期间在线上课。女青少年在家通过视频电话学习。,片尾,0.00,,5,1,material-lib
7323347199880858918,丹麦文本。激光复古效果。无限循环的4K动画,片尾,0.00,,5,1,material-lib
7331472093101575475,可爱的小男孩和他的哥哥们，在冬天的一天在户外玩雪,片尾,0.00,,9,1,material-lib
7322924591435762982,母亲和孩子们请求社交媒体观众点赞并订阅频道,片尾,0.00,,5,1,material-lib
7323372426287451430,可爱的小男婴趴在地上，学着抱着头,片尾,0.00,,5,1,material-lib
7323371075587394825,一个美丽的现代女孩的肖像，戴着圆眼镜在城市。四季风格，夏日美，时尚。,片尾,0.00,,5,1,material-lib
7331069874720034086,亚洲男子摩托车在黑色皮夹克旅行骑手旅行。帅哥戴太阳镜户外生活方式自由骑手。男人时髦潮酷的人。年轻的亚洲男子爱好骑摩托车,片尾,0.00,,9,1,material-lib
7323388660651412745,抽象像素块移动无缝循环动画背景新质量的通用运动动态动画复古复古丰富多彩的欢乐的舞蹈音乐视频片段,片尾,0.00,,5,1,material-lib
7323350633044561202,复古的色彩斑斓的隧道,片尾,0.00,,5,1,material-lib
7323373922618035507,穿着时尚的漂亮年轻夫妇一起在日落的沙滩上跑步,片尾,0.00,,5,1,material-lib
7331471727874247986,可爱的孟加拉猫玩,片尾,0.00,,9,1,material-lib
7331470497038732553,圣诞袜装饰松枝复古,片尾,0.00,,9,1,material-lib
7323382045495938331,女孩涂眼影。时尚视频。化妆。,片尾,0.00,,5,1,material-lib
7331470116955229491,复古怀表的纹理表面,片尾,0.00,,9,1,material-lib
7331471630633389350,抽象的蓝色水彩纸或优雅的深蓝色复古垃圾背景,片尾,0.00,,9,1,material-lib
7323383785393835290,可爱的小男孩，在浴缸里玩,片尾,0.00,,5,1,material-lib
7331315366716607754,黑色拍板或电影石板和黑色面具上的黑色黑暗面。,片尾,0.00,,9,1,material-lib
7323378272316837157,复古视频游戏微笑文字文字电脑电视故障干扰噪声屏幕动画无缝循环新品质通用复古运动动态动画背景丰富多彩的欢乐视频m,片尾,0.00,,5,1,material-lib
7323373163276930330,快乐的年轻家庭在沙发上休息，可爱的小男孩使用笔记本电脑,片尾,0.00,,5,1,material-lib
7323368798491266313,可爱的西班牙女孩学生微笑自信拥抱书在教室,片尾,0.00,,5,1,material-lib
7331470755651161371,可爱的比雄狗在袋子里。,片尾,0.00,,9,1,material-lib
7331158225049455898,女人拿着红牌，指着上面写着“关注我”的字样，要求订阅她的视频博客。,片尾,0.00,,9,1,material-lib
7331006803314085159,有吸引力的年轻女子拿着关注我的社交媒体通知图标，要求更多的关注她的在线博客在互联网业务互动，社交网络通知和技术。,片尾,0.00,,9,1,material-lib
7329672068570615067,关注我了解更多,片尾,0.00,,9,1,material-lib
7331469296310275337,在超市:快乐时尚的家伙拿着购物篮在商店的新鲜农产品区跳舞。大光明购物中心与客户选择商品和产品。,片尾,0.00,,9,1,material-lib
7331470401085738290,质地、背景、模式。薄纱是白色的。复古薄纱雪纺纹理背景。婚礼的概念。白色雪纺背景纹理。美丽的白色薄纱,片尾,0.00,,9,1,material-lib
7331361438935633178,在利维尼奥的季节结束-雪峰和滑雪场在春天的怀抱,片尾,0.00,,9,1,material-lib
7328580044421352745,喜欢并关注我的博客!一名穿着黄色t恤的年轻博主，手握社交媒体上的“心”按钮，拥有惊人数量的粉丝。,片尾,0.00,,9,1,material-lib
7331470898010115337,年轻美丽的女子在彩色复古条纹孤立的背景惊讶和微笑的相机，同时呈现与手指。,片尾,0.00,,9,1,material-lib
7328615439020363045,是时候关注我了,片尾,0.00,,9,1,material-lib
7330912606179429641,关注我!,片尾,0.00,,9,1,material-lib
7322829518710869286,就像大拇指出现在白色背景屏幕上。设备监控视图的点击喜欢按钮在线软件。在互联网网站上点击点赞观点。,片尾,0.00,,5,1,material-lib
7322609560966008091,请关注我们的Youtube频道,片尾,0.00,,5,1,material-lib
7328096600822189362,关注我们,片尾,0.00,,9,1,material-lib
7331471118957612326,鹌鹑蛋在纸铸造的容器形式的托盘在一个木制的复古背景。饮食的概念。,片尾,0.00,,9,1,material-lib
7331469579975249202,白色木地板背景抽象复古纹理。,片尾,0.00,,9,1,material-lib
7323349979123305766,商场里的女装店。衣架与时尚的女性服装季节春夏。,片尾,0.00,,5,1,material-lib
7322941739373841701,年轻夫妇使用智能手机和平板电脑，飞翔的笑脸，表情符号和点赞,片尾,0.00,,5,1,material-lib
7327171963737083186,新潮酷的少女在城市大桥上,片尾,0.00,,9,1,material-lib
7327962498508885267,关注我们,片尾,0.00,,9,1,material-lib
7331469796804185394,白色木地板背景抽象复古纹理。,片尾,0.00,,9,1,material-lib
7331469069662637349,时尚女性与皮包,片尾,0.00,,9,1,material-lib
7323377036121132338,快乐迷人的女士温柔地拥抱可爱的学龄前女儿，温柔,片尾,0.00,,5,1,material-lib
7331470221066210586,可爱的小学生戴着眼镜拿着书和微笑孤立在白色,片尾,0.00,,9,1,material-lib
7331470312061652233,可爱的3个月大的婴儿，可以可爱,片尾,0.00,,9,1,material-lib
7331470773200096522,女性手捧时尚高跟鞋,片尾,0.00,,9,1,material-lib
7328055071579639059,社交媒体概念:关注我们的字母表背景,片尾,0.00,,9,1,material-lib
7331473683212455177,可爱的豚鼠孤立在白色背景,片尾,0.00,,9,1,material-lib
7323346406360501541,游客旅游时尚女孩跳舞玩游泳圈和鸭子玩具旅行的周末,片尾,0.00,,5,1,material-lib
7331470087825739046,抽象垃圾摇滚复古时钟齿轮背景,片尾,0.00,,9,1,material-lib
7331471470931004722,可爱的狗,片尾,0.00,,9,1,material-lib
7328380735381835020,关注我!,片尾,0.00,,9,1,material-lib
7323341930484583689,颜料滴落，复古的鲜艳色彩融化了雨滴。液体沿着表面流动，融化的液滴形成条纹。流动的油漆与霓虹灯发光。带有流体形状的抽象背景,片尾,0.00,,5,1,material-lib
7148741140269878540,VLOG创意片尾｜复古DV落日系列～,片尾,0.00,,5,1,material-lib
7322780860162329893,白色背景上移动的心形图标，平面风格的爱情符号，点赞按钮，喷泉，吧台，设计元素，情感，社交媒体，情人节，幸福，弹出，飞翔,片尾,0.00,,5,1,material-lib
7323353543715376435,细节的复古旧相机摄影创意与手的近距离,片尾,0.00,,5,1,material-lib
7174584893018524961,美乐蒂创意vlog结尾,片尾,0.00,,5,1,material-lib
7323342301214919986,锁定图标与故障的艺术效果。复古未来主义80年代90年代动态浪潮风格。由于电视噪音和旧屏幕干扰，视频信号损坏。循环4 k,片尾,0.00,,5,1,material-lib
7323355346444094758,苍白的复古复古精装书订购在木桌上的两行。平铺止动装置,片尾,0.00,,5,1,material-lib
7322360990656466185,现在注册3D字电影Hitech标题背景。4K 3D渲染无缝循环注册现在霓虹蓝色文本抽象背景。结尾场景预告片的结尾封面。,片尾,0.00,,5,1,material-lib
6984775239309741349,  Vlog卡通片尾素材 谢谢观看,片尾,0.00,,5,1,material-lib
6985863251540200718,Vlog片尾 可爱 Bye 片尾,片尾,0.00,,5,1,material-lib
7331470047279418675,时尚的时尚旅行者拿着相机，在雾山的背景上在山顶拍照。副本的空间。英俊的男人戴着帽子，背着背包在山里旅行。,片尾,0.00,,9,1,material-lib
7323274675776163109,亚裔男性，工程师，在绿屏上竖起大拇指，表示成功或在工作室背景下找到好工作。快乐的男性技术人员的肖像，微笑着，在模型上展示拇指表情符号，是符号或点赞,片尾,0.00,,5,1,material-lib
7321855575287926079,更多更新请关注我,片尾,0.00,,5,1,material-lib
7323363665258794250,祝贺五十周年，时尚背景，祝贺日期,片尾,0.00,,5,1,material-lib
7322029051344915763,关注我的孩子。,片尾,0.00,,5,1,material-lib
7322001321219984677,关注我们,片尾,0.00,,5,1,material-lib
7012581154075282724,片尾 点关注,片尾,0.00,,5,1,material-lib
7323350784664472883,一个骑自行车的人骑着自行车离开了。年轻时尚的白人男性青少年。,片尾,0.00,,5,1,material-lib
6923502509164121358,可爱肥宅打游戏日常 vlog片尾拜拜,片尾,0.00,,5,1,material-lib
6969476077123046692,动漫转场   笔芯 比心,片尾,0.00,,5,1,material-lib
7322726228404735268,社交媒体关注我们，给我们点赞,片尾,0.00,,5,1,material-lib
7331472936328547594,亚洲女孩的肖像与白色衬衫和裙子在户外看自然复古电影风格,片尾,0.00,,9,1,material-lib
7329437245893578023,密切关注我,片尾,0.00,,9,1,material-lib
7331472387889745179,主题是奢华和财富。在巴洛克凡尔赛宫内部的复古浴室里，一只没有湄公河短尾的猫。脖子上的珠宝,片尾,0.00,,9,1,material-lib
7323356334227868954,复古制造的旧车床,片尾,0.00,,5,1,material-lib
7322512070828674354,社交媒体上的文字动画:关注我们。复古的设计,片尾,0.00,,5,1,material-lib
7331471487473356058,复古效果摄影的紫色花园与绿色的叶子在背景,片尾,0.00,,9,1,material-lib
7322881401446059275,动画关注我们和订阅文本和社交媒体图标的白色背景,片尾,0.00,,5,1,material-lib
7331395287476489510,当代艺术拼贴。深思熟虑的商人坐在椅子上，绞尽脑汁。项目的结束。新的开始,片尾,0.00,,9,1,material-lib
7327166141640494362,有吸引力的年轻人拿着关注我的社交媒体通知图标要求更多的关注他的在线博客在互联网业务互动，社交网络通知和技术。,片尾,0.00,,9,1,material-lib
7322888715812998438,社交媒体红心计数器，节目点赞时间越长越好,片尾,0.00,,5,1,material-lib
7323365937430760731,简单的2d平面抽象背景与时尚的几何元素。,片尾,0.00,,5,1,material-lib
7331471940357557554,爱沙尼亚塔林历史中心老城复古建筑、著名景点景观,片尾,0.00,,9,1,material-lib
7327697056103927076,关注我们的标签为社交网络和复古运动鞋,片尾,0.00,,9,1,material-lib
7327165334971092287,在社交网络上订阅我，关注我。,片尾,0.00,,9,1,material-lib
7328630748095794442,密切关注我团队的进展,片尾,0.00,,9,1,material-lib
7323365992074120486,动画文本大减价的时尚和极简主义的背景,片尾,0.00,,5,1,material-lib
7327314756828777737,关注我们坐在长凳上的女人,片尾,0.00,,9,1,material-lib
7323349146524601610,流动颗粒的运动设计，形成线，螺旋和抽象结构。盘旋的蓝线沿着盘旋的路径飞行。3d渲染时尚的创意抽象背景在4k。,片尾,0.00,,5,1,material-lib
7331471130533924133,可爱的十几岁的女孩与棒棒糖有乐趣在一个阳光明媚的夏天在自然,片尾,0.00,,9,1,material-lib
7331305173576404234,在蓝色的时刻结束时，几颗星星，前景是一片森林,片尾,0.00,,9,1,material-lib
7322750705389866290,网红女孩在社交媒体平台上录制潮流舞蹈挑战视频，获得点赞和关注。女人有趣的跳舞，拍摄她的表演在客厅的家庭工作室的摄像机。,片尾,0.00,,5,1,material-lib
7331470848781602074,可爱的兔子，野兔子，野兔子,片尾,0.00,,9,1,material-lib
7331471297244941595,五彩缤纷的羽毛。水彩画时尚孤立水彩画。无缝的背景图案。,片尾,0.00,,9,1,material-lib
7327295319425699082,关注我团队的成功,片尾,0.00,,9,1,material-lib
7323387444202589490,复古游戏是你准备在电视屏幕上噪音黑色背景，配合多小故障效果，老式科技电脑娱乐游戏,片尾,0.00,,5,1,material-lib
7322839487107583270,社交媒体直播，视频观看量增加，点赞符号按钮图标从屏幕底部到透明背景(alpha频道),片尾,0.00,,5,1,material-lib
7323347914602974490,飞大金圆散景上的时尚背景,片尾,0.00,,5,1,material-lib
7322891149612453170,社交媒体上的帖子随着社交媒体上的点赞数不断增加。带有alpha频道的社交媒体框架。社交媒体界面框架孤立的白色纹理背景。,片尾,0.00,,5,1,material-lib
7331470685631483187,时尚的女人看着相机，在白色的背景下摆姿势。,片尾,0.00,,9,1,material-lib
7331472076408114459,在白色砖墙的背景下，蓝色的桌子上摆着许多搪瓷盘子。复古风格的炊具,片尾,0.00,,9,1,material-lib
7323369016041540891,时尚概念与黑色靴子孤立在白色,片尾,0.00,,5,1,material-lib
7323367840264916234,黑发新娘在时尚白色婚纱与化妆,片尾,0.00,,5,1,material-lib
7328065670904548649,关注我们,片尾,0.00,,9,1,material-lib
7331471113081326885,肮脏的棕色抽象的旧背景，复古的纸与文字或图像的空间,片尾,0.00,,9,1,material-lib
7331469998189284617,复古的旧木制象棋桌和小桌椅,片尾,0.00,,9,1,material-lib
7322780499670338879,社交网络Youtube关注我们有10万点赞和100万次观看。,片尾,0.00,,5,1,material-lib
7323364443889372453,抽象像素块移动背景新质量的通用运动动态动画复古复古丰富多彩的欢乐的舞蹈音乐视频片段,片尾,0.00,,5,1,material-lib
7331473016997596466,毛绒可爱的微笑玩具在婴儿室的桌面上,片尾,0.00,,9,1,material-lib
7331471772883111218,黄黑色垃圾摇滚风格复古效果肮脏粗糙的背景,片尾,0.00,,9,1,material-lib
7323370542885604617,可爱的婴儿购物者顾客正在服装店寻找和购买休闲服装。孩子在商店里挑选时髦的衣服。开朗的购物狂小孩在服装店挑选衣服。,片尾,0.00,,5,1,material-lib
7331471676229635365,可爱的猫看着白色的背景。极简艺术风格与复制空间。,片尾,0.00,,9,1,material-lib
7323373045509410086,年轻时尚的非洲裔美国人戴着耳机，闭着眼睛在彩色背景下唱歌跳舞,片尾,0.00,,5,1,material-lib
7323360848498462003,美丽的女人面对近工作室。时尚视频。慢镜头，4K 30fps,片尾,0.00,,5,1,material-lib
7331472037816339763,可爱的黑猫孤立在白色的背景,片尾,0.00,,9,1,material-lib
7322748747341942027,微笑点赞工厂工程师,片尾,0.00,,5,1,material-lib
7323358341491625225,黑暗的房间里悬挂着复古的吊灯，复古风格的漂亮台灯照亮四周。水晶细节装饰吊灯，仿古物件装饰房间，营造独特的复古氛围,片尾,0.00,,5,1,material-lib
7322782156873354532,年轻女医生在诊所用笔记本电脑点赞,片尾,0.00,,5,1,material-lib
7322203207671844108,女孩把她读过的书合上，这是书结尾的特写,片尾,0.00,,5,1,material-lib
7323381655295511817,传统的复活节蛋糕，在旧木桌上用白色糖衣、蜜饯水果、坚果和巧克力创造性地装饰着。时尚正宗的复活节面包在格子桌布在乡村的位置特写,片尾,0.00,,5,1,material-lib
7323355920551988507,面具。复古的防毒面具。特写镜头。,片尾,0.00,,5,1,material-lib
7322894977573424411,用笔记本电脑的老人点赞,片尾,0.00,,5,1,material-lib
7323346921219837193,复古视频游戏以太网单词文本电脑电视故障干扰噪声屏幕动画无缝循环新品质通用复古运动动态动画背景丰富多彩的欢乐视频m,片尾,0.00,,5,1,material-lib
7331470918721621298,可爱的女儿亲吻微笑的母亲脸颊上孤立的绿色,片尾,0.00,,9,1,material-lib
7322878006542798119,大家好，请继续关注我们的瑜伽小贴士,片尾,0.00,,5,1,material-lib
7331305391634009353,火焰节结束,片尾,0.00,,9,1,material-lib
7323347978276572454,快乐时尚的商业女性在生态办公室的自行车头盔,片尾,0.00,,5,1,material-lib
7331470721006210342,优雅时尚的女人在红色的车,片尾,0.00,,9,1,material-lib
7331470750659988786,复古木门纹理,片尾,0.00,,9,1,material-lib
7323281185684213029,在健康中心用毛巾喝乳液的搞笑胖子,热梗,0.00,,5,1,material-lib
7322942943680040229,亚洲搞笑儿子逗妈妈，亲她的脸颊，可爱小男孩在母亲节温柔地给单身妈妈送去爱。欢乐结合欢快的孩子拥抱关系。,热梗,0.00,,5,1,material-lib
7323254809346215178,搞笑的哈巴狗戴着草帽，一个农民试图脱下他的帽子，然后惊讶地看着镜头,热梗,0.00,,5,1,material-lib
7323274234900286771,绿色的屏幕，脸和孩子的舌头，疯狂和滑稽，愚蠢或愚蠢的模型背景。肖像，面孔和女孩不同的表情，表情符号和搞笑，有趣或玩游戏的手势,热梗,0.00,,5,1,material-lib
7323237173170441510,关于朋友的电视情景喜剧:朋友们离开了一个沉迷于虚拟现实的家伙，他在吃早餐的时候使用耳机。搞笑电视小品喜剧系列广播网络频道，流媒体服务,热梗,0.00,,5,1,material-lib
7146101171101469990,平静的说接着奏乐接着舞 影视名场面,热梗,0.00,,5,1,material-lib
7323200775176424742,年轻人喜欢看搞笑电影,热梗,0.00,,5,1,material-lib
7296326291697978663,鸡哔你,热梗,0.00,,5,1,material-lib
7323221271418785075,朵莉:全家看搞笑电影,热梗,0.00,,5,1,material-lib
7323222878139354378,小女孩扮演超级英雄。搞笑宝宝穿着红色雨衣玩异能超级英雄。超级英雄和权力的概念。肖像关闭。有选择性的重点,热梗,0.00,,5,1,material-lib
7323368646812765477,猴子。,热梗,0.00,,5,1,material-lib
7323218630819302682,快乐的反应，惊喜的赢得情绪搞笑的圣诞老人尖叫，成功的欢呼,热梗,0.00,,5,1,material-lib
7143543159438593283,搞笑动漫片段 网络流行 卡通和尚 没有世俗欲望,热梗,0.00,,5,1,material-lib
7146306802282417412,又开始了，没完了吗你 热梗搞笑转场,热梗,0.00,,5,1,material-lib
7331365195522002203,搞笑胖子和皮肤护理。,热梗,0.00,,9,1,material-lib
7331374292493520182,牛油果搞笑面食,热梗,0.00,,9,1,material-lib
7323259689427291419,穿着搞笑袜子的腿,热梗,0.00,,5,1,material-lib
7331463350708112666,戴着透明眼镜的搞笑小猎犬,热梗,0.00,,9,1,material-lib
7300465189877534003,吗喽摇头晃脑撒娇视频,热梗,0.00,,5,1,material-lib
7305705146518883594,吗喽公主在雨中淋雨,热梗,0.00,,5,1,material-lib
7297572609196166437,吗喽背红书包转圈视频,热梗,0.00,,5,1,material-lib
7331389914795248907,搞笑的小女孩笑着，孩子在家看着相机，快乐的童年,热梗,0.00,,9,1,material-lib
7305709549455953161,吗喽一天天的使不完的牛劲，又是快乐的一天,热梗,0.00,,5,1,material-lib
7331412175552007462,可爱搞笑的狗狗是2018年的象征，在灰色背景下伸出舌头微笑,热梗,0.00,,9,1,material-lib
7323241195835002150,快乐快乐的女人通过现代手机上的应用程序看搞笑的喜剧表演，连接到4g互联网期间休息在水渠附近,热梗,0.00,,5,1,material-lib
7146101177694866721,影视片段 拽犯法吗 搞笑转场,热梗,0.00,,5,1,material-lib
7323220147437686067,搞笑男人穿着80年代的运动服训练，带着球踢足球,热梗,0.00,,5,1,material-lib
7327153322866134309,可爱搞笑的狗狗是2018年的象征，在灰色背景下伸出舌头微笑,热梗,0.00,,9,1,material-lib
7331384334206700837,男人给女朋友看搞笑视频,热梗,0.00,,9,1,material-lib
7146101932782816544,好恐怖呀 影视热梗 搞笑转场,热梗,0.00,,5,1,material-lib
7322920984267345190,现代照片拼贴循环动画。创意搞笑风格,热梗,0.00,,5,1,material-lib
7331120132493806874,搞笑的美国斯塔福德梗狗在冬天跑步,热梗,0.00,,9,1,material-lib
7331371754247572790,正在节食的搞笑胖子。,热梗,0.00,,9,1,material-lib
7145419985161129228,搞笑转场 综艺名场面 ,热梗,0.00,,5,1,material-lib
7323311675837271322,搞笑时刻:哈巴狗把盆栽花打翻，把整个公寓弄得一团糟，然后跑掉了。一对夫妇坐在沙发上，脸上带着难以置信、沮丧的表情。可爱的傻狗,热梗,0.00,,5,1,material-lib
7323238708688227622,搞笑男员工在办公室的成功,热梗,0.00,,5,1,material-lib
7305706059807690022,吗喽爱转圈圈,热梗,0.00,,5,1,material-lib
7328553887722425637,手绘素描，卡通，孩子气的风格，用记号笔搞笑的姜黄色的猫在冬天的衣服眼镜与一杯咖啡在紫色的背景与雪花,热梗,0.00,,9,1,material-lib
7331385004620123431,放松搞笑的胖男人，一边听音乐一边跳舞，一边动胳膊，一边享受闭上眼睛，戴上耳机，有乐趣，有渴望。,热梗,0.00,,9,1,material-lib
7331374488967302441,搞笑脸葡萄柚,热梗,0.00,,9,1,material-lib
7322808605659483455,收集不同的动物。动物园的象征。低多边形图标。狮子，大猩猩，斑马，浣熊，狐狸，大象，鹿，猫头鹰。几何循环动画集。,热梗,0.00,,5,1,material-lib
7322805655469935926,猩猩一起吃饭,热梗,0.00,,5,1,material-lib
7322768681316945191,大猩猩特写,热梗,0.00,,5,1,material-lib
7331377386455354663,搞笑复活节热巧克力,热梗,0.00,,9,1,material-lib
7331462677832731913,搞笑脸意大利灰狗诱惑赛道比赛在洋甘菊领域,热梗,0.00,,9,1,material-lib
7331385144395255067,亚洲老年成年妇女和女儿坐在沙发上看搞笑电影。慈祥的老妈妈和漂亮的女孩在家里的客厅里一起享受电视上的喜剧表演和吃零食。,热梗,0.00,,9,1,material-lib
7331432271091682586,搞笑浣熊(Procyon lotor)。肖像,热梗,0.00,,9,1,material-lib
7323301868329782579,朋友们一起在咖啡馆用智能手机看搞笑视频,热梗,0.00,,5,1,material-lib
7325799509001243916,搞笑的狗与假鬃毛在绿色森林,热梗,0.00,,9,1,material-lib
7323305634458258697,老年夫妇，海滩自拍和日落时的搞笑浪漫或博客头像。退休假期，男人、女人的脸和海洋为爱拍照，和平标志和社交媒体应用程序,热梗,0.00,,5,1,material-lib
7328531704715431218,猎豹的搞笑表情,热梗,0.00,,9,1,material-lib
7331374971807075620,棉花糖家庭，拟人化搞笑,热梗,0.00,,9,1,material-lib
7322916618617556251,搞笑男员工在办公室的成功,热梗,0.00,,5,1,material-lib
7331463431494651146,戴着透明眼镜的搞笑小猎犬,热梗,0.00,,9,1,material-lib
7143582946492992805,你豪横什么 影视热梗 转场 怼人,热梗,0.00,,5,1,material-lib
7331384655830125834,漂亮的女孩穿着晚礼服和高跟鞋，拖着拖把和水桶在大厅里有电视的舒适公寓里跳舞。妻子在家等丈夫。搞笑妈妈清洁公司,热梗,0.00,,9,1,material-lib
7300465276292861221,吗喽穿衬衫扭来扭曲视频,热梗,0.00,,5,1,material-lib
7331399562738896167,搞笑的脸，手势和喜剧与一个女人在工作室粉红色的背景为乐趣或幽默。眼睛，滑稽和疯狂与一个有吸引力的年轻女性在开玩笑时感到愚蠢，愚蠢或顽皮,热梗,0.00,,9,1,material-lib
7331397939660590345,三个带牙套的搞笑白人女友在室内讨论。,热梗,0.00,,9,1,material-lib
7322910468056681737,年轻人在电影院看搞笑电影。,热梗,0.00,,5,1,material-lib
7323336851518016794,巴厘岛森林里的猴子,热梗,0.00,,5,1,material-lib
7305705360298413363,吗喽街舞转圈,热梗,0.00,,5,1,material-lib
7331375768334880027,快乐搞笑的一家人搬进新公寓，学龄前的女儿坐在纸板箱里假装开飞机张开双臂，父亲摇着她，置业置业的概念,热梗,0.00,,9,1,material-lib
7143608937454079268,小朋友要有小朋友的样子 巴啦啦小魔仙 影视片段,热梗,0.00,,5,1,material-lib
7322935354904857907,搞笑小男孩对着镜头说话的肖像,热梗,0.00,,5,1,material-lib
7322920714615491891,自拍朋友，漂亮女孩拿着智能手机，在轰趴上拍搞笑照片,热梗,0.00,,5,1,material-lib
7331408358370594086,这太搞笑了,热梗,0.00,,9,1,material-lib
7331377806531661097,特写愤怒的年轻女子打惊讶震惊搞笑男子的脸与铁，孤立在白色背景。消极情绪面部表情感觉，反应，处境。,热梗,0.00,,9,1,material-lib
7331370356839582988,新年搞笑猫自得其乐,热梗,0.00,,9,1,material-lib
7323373039192657178,搞笑男人购物狂很高兴购买隔离黄,热梗,0.00,,5,1,material-lib
7323236473342364937,现代科技，小兄弟们玩得开心，睡觉前躺在床上用笔记本电脑在社交网络上看搞笑节目,热梗,0.00,,5,1,material-lib
7331378071259368715,复活节搞笑兔子纸杯蛋糕。复活节庆祝节日餐桌。一篮花，背景是郁金香。,热梗,0.00,,9,1,material-lib
7323237621394590985,戴着80年代眼镜，吹着口哨的搞笑教练指导一个蓝色背景上戴着哑铃的年轻女子,热梗,0.00,,5,1,material-lib
7331398214534401316,搞笑的狗在大自然中微笑,热梗,0.00,,9,1,material-lib
7322894359702113563,搞笑的运动员失败者在家里用橡皮筋练习健身，动作缓慢,热梗,0.00,,5,1,material-lib
7322940299443981618,母子俩在笔记本电脑上看搞笑电影,热梗,0.00,,5,1,material-lib
7323233585136225546,视频通话，圣诞节和情侣用笔记本电脑，搞笑和家用连接，婚姻和幸福。爱，有圣诞节的男人和女人，有网络的休息室和电脑，有壁炉的挥手和问候,热梗,0.00,,5,1,material-lib
7331371802884623653,搞笑快乐圣诞新年假期宠物狗在金色装饰中微笑,热梗,0.00,,9,1,material-lib
7331427024503917874,搞笑字体第一次愚人节用不同颜色的橡皮泥写。,热梗,0.00,,9,1,material-lib
7322916668617936165,这只猴子坐在公园的路上。亚洲，热带森林，国家公园,热梗,0.00,,5,1,material-lib
7331380858420546853,戴着黑色大礼帽的搞笑纽芬兰犬,热梗,0.00,,9,1,material-lib
7322885283056307519,"枪口特写。手术后裹着绷带的搞笑家猫嗅着镜头，躲在窗帘后面。术后敷料。阉割,杀菌。恢复的动物。",热梗,0.00,,5,1,material-lib
7331387422762192154,当代艺术拼贴。创意设计，戴着游泳帽和眼镜的搞笑男子站在火烈鸟冰淇淋蛋卷里,热梗,0.00,,9,1,material-lib
7323320433254681882,电话，女人在城市里打字和大笑，在户外街道上发短信或社交媒体。手机、表情包和专业商务人士上网浏览、上网翻页或搞笑喜剧的快乐。,热梗,0.00,,5,1,material-lib
7331466767442660646,青少年在家里用智能手机看搞笑视频,热梗,0.00,,9,1,material-lib
7331463107597978930,搞笑的圣诞装饰在混种狗头上,热梗,0.00,,9,1,material-lib
7331371402450275610,配料:切好的西兰花，洋葱，牛油果。搞笑风格的食物背景。本空间,热梗,0.00,,9,1,material-lib
7331370955157048627,搞笑场景四只刚出生的小猫睡在一起，可爱、幽默的小动物,热梗,0.00,,9,1,material-lib
7331444530404756786,搞笑的法国斗牛犬宝宝,热梗,0.00,,9,1,material-lib
7323295996732001546,爸爸和女儿在卧室玩耍，幸福的一家人在床上。家居装饰，生活方式，真实生活，搞笑视频。他们彼此相爱，对生活很满意。扔到空中,热梗,0.00,,5,1,material-lib
7331386717095693622,妈妈和爸爸和孩子们一起玩活跃的游戏女孩，男孩。年轻快乐的妈妈，爸爸带着孩子女儿，儿子在白底画室近窗。搞笑的父母拥抱在家墙上放松的孩子。,热梗,0.00,,9,1,material-lib
7331396171426024713,拿着核桃的搞笑男人。健康食品。,热梗,0.00,,9,1,material-lib
7327179220361235763,搞笑狗的收藏,热梗,0.00,,9,1,material-lib
7331387906977860873,微笑的老太太向朋友或家人打招呼，使用手机应用进行视频通话。搞笑的亚洲女人在家用智能手机连接视频,热梗,0.00,,9,1,material-lib
7323282401071762698,幸福的一家人笑着坐在沙发上，看搞笑的电影。冠状病毒(COVID-19)健康危机期间的隔离,热梗,0.00,,5,1,material-lib
7323337745357606154,黑脸猴子坐在墙上。,热梗,0.00,,5,1,material-lib
7331374751417486602,鸡蛋画脸女人男人搞笑调情,热梗,0.00,,9,1,material-lib
7331117537901563190,搞笑的圣诞老人站在一个红色背景的工作室，专业照明，显示一个秘密的标志,热梗,0.00,,9,1,material-lib
7331406495357193509,美女惊喜时尚搞笑模特女孩戴墨镜。年轻的女孩。表达积极的情绪，微笑。漂亮的女人,热梗,0.00,,9,1,material-lib
7323312215577136434,猴子和好友,热梗,0.00,,5,1,material-lib
7322891763205655846,两只搞笑的狗狗扮演小偷医生学生。自己动手。疯狂的笔,热梗,0.00,,5,1,material-lib
7323364826028330277,耳朵皱巴巴的搞笑灰猫,热梗,0.00,,5,1,material-lib
7322920168697466163,搞笑的狗狗在雪地里奔着球跑,热梗,0.00,,5,1,material-lib
7331388723759779081,三个朋友在社交媒体上观看一段用手机播放的搞笑视频。亚洲年轻人在户外的亲密接触,热梗,0.00,,9,1,material-lib
7331389422329498890,成年的儿子和40多岁的母亲坐在舒适的客厅沙发上抱着笔记本笑着看搞笑喜剧电影，享受网上娱乐网站，网上虚拟的乐趣在线概念,热梗,0.00,,9,1,material-lib
7331385049302060298,一个脾气暴躁的小女孩试图搞笑的自然肖像,热梗,0.00,,9,1,material-lib
7323212417259883786,在当代音乐会上，留着粉红色脏辫的搞笑女子正在舞台上弹吉他,热梗,0.00,,5,1,material-lib
7322938577120251186,搞笑女人用嘴抓雪花，夜冬漫步，女人像,热梗,0.00,,5,1,material-lib
7322900885368048906,床，电话和一个黑人女人在社交媒体上冲浪看搞笑视频。放松，浏览和点击喜欢的帖子在互联网上。在卧室的在线娱乐流媒体网站大笑和微笑。,热梗,0.00,,5,1,material-lib
7322929372950727946,脸脏兮兮的搞笑小孩在餐桌上吃酸奶,热梗,0.00,,5,1,material-lib
7331272890333105444,搞笑哈士奇狗的肖像，冬天下雪的背景。善良听话的宠物在雪橇狗训练前散步。美丽的蓝眼睛。,热梗,0.00,,9,1,material-lib
7323265101610470694,穿着制服的搞笑女人拿着平板对着仓库跳舞,热梗,0.00,,5,1,material-lib
7331402383353711899,你太搞笑了,热梗,0.00,,9,1,material-lib
7322295375556300070,猴子坐在石头栏杆上，头朝下，两膝之间睡觉,热梗,0.00,,5,1,material-lib
7323307363958541606,一个疯狂搞笑的人在电脑键盘上打字。自由职业者或上班族，坐在家里上网写信。4 k。定格动画设计，2D动画。商业或黑客概念,热梗,0.00,,5,1,material-lib
7323195843484454153,20多岁的非洲裔美国人坐在沙发上，一边看喜剧节目一边吃着爆米花。男人喜欢拿着一大碗爆米花看搞笑电影。,热梗,0.00,,5,1,material-lib
7323250024450755849,近距离观察牛奶工厂里可爱的奶牛看着镜头的眼睛。在奶牛场看到好奇友好的哺乳动物。牛棚里搞笑奶牛的肖像。农业综合经营在畜牧业的概念,热梗,0.00,,5,1,material-lib
7331394947255471372,高级工程师，头上有交通锥。搞笑在建,热梗,0.00,,9,1,material-lib
7323225186885504282,搞笑的家庭时刻亚洲家庭的父亲躺下和儿子一起玩笑笑牙齿愉快和幸福的看着摄像机，爸爸儿子睡在地板上看着摄像机,热梗,0.00,,5,1,material-lib
7331442618066341130,万圣节搞笑饼干鬼，节日背景,热梗,0.00,,9,1,material-lib
7325449121496698139,柴犬的搞笑照片,热梗,0.00,,9,1,material-lib
7331372264375536915,正在节食的搞笑胖子。,热梗,0.00,,9,1,material-lib
7322909149879160115,快乐搞笑的人在户外竖起大拇指，祝你好运,热梗,0.00,,5,1,material-lib
7331472152614505755,风格化搞笑卡通平板电脑与情感的脸。儿童黏土、塑料或软玩具。3 d演示。,热梗,0.00,,9,1,material-lib
7322942609528278282,在酒店度假。快乐的年轻白人女子搞笑在床上跳舞。缓慢的运动。自由和庆祝的概念,热梗,0.00,,5,1,material-lib
7331396962526170394,清晨。拿着热饮的搞笑男人。,热梗,0.00,,9,1,material-lib
7331370382257114387,搞笑又疯狂的亚洲女孩在德国啤酒餐厅的露台上拿着两瓶啤酒。宿醉和啤酒节旅行的概念,热梗,0.00,,9,1,material-lib
7331374091544415499,搞笑脸和瞪大眼睛的番茄食物,热梗,0.00,,9,1,material-lib
7331452071276711194,搞笑脸雄比格犬小狗坐在水泥地板上,热梗,0.00,,9,1,material-lib
7323192981656276234,放松，手机和女人一边看社交媒体或互联网上的搞笑视频一边大笑。快乐，手机应用和来自哥伦比亚的女士在客厅的沙发上休息，同时在智能手机上播放电影,热梗,0.00,,5,1,material-lib
7331431141867670810,有个可爱雪人的搞笑民族男人,热梗,0.00,,9,1,material-lib
7322923678029630770,会笑的人，会打电话的人，会搞笑的人，会在家里用移动技术交流和说话。快乐，喜剧和年轻的家伙，笑脸和联系讨论的智能手机在家里,热梗,0.00,,5,1,material-lib
7331398639845199131,游泳池里有笔记本电脑的搞笑男人。假期和工作。,热梗,0.00,,9,1,material-lib
7331392275970313513,年轻人在户外的空中跳起搞笑的镜头,热梗,0.00,,9,1,material-lib
7331393607695469874,戴墨镜的搞笑法国斗牛犬,热梗,0.00,,9,1,material-lib
7331381871852457252,一位年轻的父亲穿着冬季装饰品和圣诞搞笑袜子，正在为机器人吸尘器服务，为新年和圣诞假期打扫房间。家庭新技术,热梗,0.00,,9,1,material-lib
7323366578299440393,雄性大猩猩的特写，严重的银背，看着他的家人。大猩猩的威胁表情，最危险的大猴子。在尼康Z9相机上拍摄的高质量8k镜头,热梗,0.00,,5,1,material-lib
7331458484598213897,穿着厨师帽和厨师服的搞笑比格犬将做饭,热梗,0.00,,9,1,material-lib
7331369797034282266,圣诞老人黄色搞笑风格，吊带节日圣诞年服装旧。帽子上留着胡子的白种人，饮食上倒着站在健身台阶上,热梗,0.00,,9,1,material-lib
7322913155036794163,穿着搞笑袜子的腿,热梗,0.00,,5,1,material-lib
7323305778973003059,猴子家族清洗虱子,热梗,0.00,,5,1,material-lib
7323273387181116681,万圣节快乐。橙色搞笑脸原创南瓜,热梗,0.00,,9,1,material-lib
7323291269202021659,野生猩猩宝宝的惊人特写,热梗,0.00,,5,1,material-lib
7323274809691983142,除夕的搞笑狗狗,热梗,0.00,,5,1,material-lib
7331397685888437523,在家里的搞笑时刻，大胡子男人笑个不停,热梗,0.00,,9,1,material-lib
7331373771787488551,搞笑脸葡萄柚,热梗,0.00,,9,1,material-lib
7323252380835925274,年轻女性看搞笑视频，在厨房吃蛋糕，在家里放松,热梗,0.00,,5,1,material-lib
7323214599577226506,搞笑的法国斗牛犬试图吃红色的吻嘴唇照片道具,热梗,0.00,,9,1,material-lib
7331372993593019698,两人坐在家里的沙发上看喜剧。情侣流媒体搞笑电影,热梗,0.00,,9,1,material-lib
7322787126037187867,普通的黑猩猩-类人猿,热梗,0.00,,5,1,material-lib
7331379212626054441,这是一个搞笑的图形，一串圣诞树上的精灵灯有字母in，漏掉了字母L，所以No L，或者Noel。,热梗,0.00,,9,1,material-lib
7322941312603311398,年轻快乐的人看着笔记本显示器，笑着读有趣的新闻，而坐在厨房的桌子在家里。“微笑男”在网上观看搞笑视频，并对自己看到的内容大笑,热梗,0.00,,5,1,material-lib
7323331906597096741,托克猕猴-抱着宝宝的斯里兰卡猴子,热梗,0.00,,5,1,material-lib
7322920075579706662,手机，搞笑和女孩在工作室里阅读，社交媒体或体育博客上的微笑，蓝色背景的笑话。模拟，运动员和笑在互联网，在线或喜剧在移动应用程序,热梗,0.00,,5,1,material-lib
7323297986228849970,大笑，打电话，黑人女人坐在沙发上玩社交媒体，在家里发短信或搞笑表情包。网上，漫画和女孩在沙发上用智能手机放松，在客厅聊天或阅读文章或更新,热梗,0.00,,5,1,material-lib
7323259941857332517,一名疲惫的女教师在工作场所打瞌睡，用眼睛上贴着搞笑贴纸的笔记本电脑睡觉,热梗,0.00,,5,1,material-lib
7331381335694527781,搞笑男孩试图咬苹果,热梗,0.00,,9,1,material-lib
7331383133956312332,小猫。搞笑猫的肖像,热梗,0.00,,9,1,material-lib
7331371774585621786,戴着红色领结的搞笑狗。快乐的威玛小狗在蓝色,热梗,0.00,,9,1,material-lib
7331431193562320137,这也太搞笑了,热梗,0.00,,9,1,material-lib
7331465070997687561,戴着透明眼镜的搞笑小猎犬,热梗,0.00,,9,1,material-lib
7322907736486841627,黑人女性，电脑和大笑与咖啡搞笑的梗，笑话或娱乐在办公室。快乐的非裔美国女员工微笑和有趣的笑喜剧节目或电影在PC上的工作,热梗,0.00,,5,1,material-lib
7331384605875932453,漂亮的女孩穿着晚礼服和高跟鞋，拖着拖把和水桶在大厅里有电视的舒适公寓里跳舞。妻子在家等丈夫。搞笑妈妈清洁公司,热梗,0.00,,9,1,material-lib
7331395500937186572,美国独立日搞笑地精在条纹帽子3D渲染。7月4日美国国庆节的节日横幅。,热梗,0.00,,9,1,material-lib
7331429710674562330,搞笑字体第一次愚人节用不同颜色的橡皮泥写。,热梗,0.00,,9,1,material-lib
7331459404241325350,时髦可爱搞笑的小猎犬戴着帽子正在看网络游戏笔记本电脑,热梗,0.00,,9,1,material-lib
7323352501464468786,猴子吃玉米。,热梗,0.00,,5,1,material-lib
7331397544305577279,在紫色的背景上，一个人穿着奶牛的角色扮演服装，带着磁带录音机。穿动物睡衣的人。派对创意的搞笑照片。迪斯科复古音乐。,热梗,0.00,,9,1,material-lib
7323250083879816498,商务人士，在团队建设、社交活动或办公室的搞笑照片中，微笑和和平的自拍。一群快乐的员工一起在工作场所拍摄有趣的照片、视频博客或在线帖子,热梗,0.00,,5,1,material-lib
7331439845266525449,快乐和愉快的高级成熟男子的肖像微笑和激动的手势在面部表情人类情感概念孤立的灰色背景搞笑和喜剧。,热梗,0.00,,9,1,material-lib
7331381938378280243,一个老妇人接了一个搞笑的电话,热梗,0.00,,9,1,material-lib
7320193642214444298,月球绿洲上的大猩猩无所事事。3 d渲染。,热梗,0.00,,5,1,material-lib
7331386564532079913,和朋友一起做护肤、化妆和面霜，自拍产品、面部护理和水疗。与黑人女性的表情包、电话和社交媒体，以及在演播室里用健康、化妆和保健乳液的搞笑脸,热梗,0.00,,9,1,material-lib
7323241979511409930,一个爱玩的女人在看智能手机上的搞笑信息,热梗,0.00,,5,1,material-lib
7323268706627308827,疫苗打冠状病毒，疫苗接种成功抗冠状病毒动漫概念视频，搞笑,热梗,0.00,,5,1,material-lib
7322913032558955814,她总是收到一条又一条搞笑的短信,热梗,0.00,,5,1,material-lib
7331434794649177353,狗美容在宠物沙龙。搞笑狗狗剪头发,热梗,0.00,,9,1,material-lib
7331063022548520211,搞笑的比格犬睡在沙发上，盖着毯子。狗明亮的背景。,热梗,0.00,,9,1,material-lib
7323294748033256713,关闭搞笑的办公室板与标题主任在白色的办公桌上模拟孤立。离开办公室的概念。懒老板下班了。不必要的工作,热梗,0.00,,5,1,material-lib
7331390834312629558,搞笑的白脸卷尾猴/白头卷尾猴(Cebus模仿者)在一个分支上，位于哥斯达黎加奥萨半岛科尔科瓦多国家公园附近的Sierpe河上,热梗,0.00,,9,1,material-lib
7331387416361667881,浴缸水槽里的搞笑猫,热梗,0.00,,9,1,material-lib
7323243466530639130,搞笑少年在家视频聊天的特写。电脑屏幕的视角。4 k,热梗,0.00,,5,1,material-lib
7323305672102202675,日本冬季温泉中野生猴子梳理毛发的慢镜头,热梗,0.00,,5,1,material-lib
7331465714919869706,这是搞笑的,热梗,0.00,,9,1,material-lib
7323345826334444809,情侣们坐在沙发上，用笔记本电脑一起看喜剧、搞笑节目或社交媒体上的表情包。爱情、幸福和年轻人在客厅沙发上上网或浏览网站,热梗,0.00,,5,1,material-lib
7323214520631971109,脸脏兮兮的搞笑小孩在餐桌上吃酸奶,热梗,0.00,,5,1,material-lib
7331386042181848374,早上好，浴室里的搞笑胖子。,热梗,0.00,,9,1,material-lib
7331462510995983666,戴着透明眼镜的搞笑小猎犬,热梗,0.00,,9,1,material-lib
7331116998140759335,搞笑脸英国长毛猫，黑白相间的毛看起来震惊了，张着嘴,热梗,0.00,,9,1,material-lib
7323293136799763739,搞笑男子在水下用手机自拍:极端远程办公,热梗,0.00,,5,1,material-lib
7331381983995563301,搞笑荷兰兔兔耳朵向上，嘴巴张开,热梗,0.00,,9,1,material-lib
7331063049404665099,搞笑的比格犬睡在沙发上，盖着毯子。选择性聚焦，场背景深度较浅。,热梗,0.00,,9,1,material-lib
7331372030677290281,公园里驴的搞笑场景。,热梗,0.00,,9,1,material-lib
7331447105686392102,茄子，土豆和沙拉的搞笑狗,热梗,0.00,,9,1,material-lib
7323237634036223282,一对欢快的老夫妇在手机上看社交媒体上的搞笑视频,热梗,0.00,,5,1,material-lib
7331386497171541299,一家人在电脑上看搞笑电影。,热梗,0.00,,9,1,material-lib
7331387144474217765,一边看电影一边吃爆米花的搞笑小子,热梗,0.00,,9,1,material-lib
7322767399902661907,在动物园里，一只猩猩被关在笼子里,热梗,0.00,,5,1,material-lib
7322913596739030310,穿着搞笑袜子的腿,热梗,0.00,,5,1,material-lib
7323338188544707866,漂亮的年轻黑发女孩微笑和大笑，而聊天的智能手机,情绪,0.00,,5,1,material-lib
7331248334474104101,孟加拉国水果店里暴躁的苹果,情绪,0.00,,9,1,material-lib
7331357284427173129,拿着圣诞礼物盒的搞笑小女孩。,情绪,0.00,,9,1,material-lib
7323248795398049050,震惊的男人不愿停止哭泣，因为健康诊断,情绪,0.00,,5,1,material-lib
7331297282379271474,浪漫的渐变粉色散景灯与闪亮的背景,情绪,0.00,,9,1,material-lib
7322040697278795017,"不喜欢,坏的选择!不满的，脾气暴躁的年轻褐发女人穿着polo t恤，露出大拇指",情绪,0.00,,5,1,material-lib
7331278665017216265,在风景中，人们用疑问形状的云去掉了脸上的亮光,情绪,0.00,,9,1,material-lib
7322528589302304041,脾气暴躁的老年男子特写脸，看着镜头，带着不安和沉思的表情,情绪,0.00,,5,1,material-lib
7331303768274767167,一只英国猫坐在地板上，看起来有点怀疑或暴躁。,情绪,0.00,,9,1,material-lib
7322731503014661430,高级女性，在家里思考和记忆记忆，想法和决策。严重的长者，有疑问，困惑和思考未来，独自在家计划和怀疑退休生活,情绪,0.00,,5,1,material-lib
7323282145835879706,愤怒和震惊的年轻人咒骂和手势,情绪,0.00,,5,1,material-lib
7331315157781449996,年轻的巴西女医生戴着听诊器站在孤立的白色背景，毫无疑问和困惑的表情与手臂和手举起。怀疑的概念。,情绪,0.00,,9,1,material-lib
7331455657075412251,震惊的潮人商人举着笔有了主意,情绪,0.00,,9,1,material-lib
7331430862455573797,情人节快乐。一只吻着口红的狗的肖像。复古外观。,情绪,0.00,,9,1,material-lib
7331222959853522226,工作室拍摄了一组脾气暴躁的年轻人，他们脸上带着愤怒的表情，做着停止的手势，手心朝前，要求大家不要惊慌，保持安静，站在白色的背景下。肢体语言的概念,情绪,0.00,,9,1,material-lib
7322846738119691559,搞笑的圣诞老人,情绪,0.00,,5,1,material-lib
7322875820769283337,巴吉特猎犬三个月大的小狗舔湿玻璃。搞笑的狗狗画像，舌头伸出来。黄色背景。,情绪,0.00,,5,1,material-lib
7322370147409333530,警惕的暴躁家猫躲在户外的木制宠物庇护箱里,情绪,0.00,,5,1,material-lib
7323323367170313523,快乐的年轻夫妇在圣诞衣服打架枕头和大笑。正面的白人男人和女人在新年前夜玩得很开心。快乐的伙伴享受假期的季节,情绪,0.00,,5,1,material-lib
7331462910616685851,束鲜花。生日快乐。情人节快乐,情绪,0.00,,9,1,material-lib
7331469299040783625,年轻美丽的女子休闲白色毛衣在孤立的背景中窥视在震惊覆盖的脸和眼睛用手，透过手指看着尴尬的表情。,情绪,0.00,,9,1,material-lib
7331454770529537306,英俊的年轻人举着英国国旗强调用手顶在头上，震惊着羞愧和惊讶的脸，愤怒和沮丧。为错误而恐惧和不安。,情绪,0.00,,9,1,material-lib
7322787952302607627,疑问词蒙太奇,情绪,0.00,,5,1,material-lib
7322340503918267675,4k视频暴躁的女人在粉红色的背景。,情绪,0.00,,5,1,material-lib
7331353593733188903,在家里，一位慈爱的父亲试图安慰他暴躁的儿子,情绪,0.00,,9,1,material-lib
7331369111819259163,搞笑3D字体字母Y制成的蓝色气球，卡通字体，Premium 3D插图,情绪,0.00,,9,1,material-lib
7331460590172376370,美丽的年轻女子越过白砖墙吃着巧克力甜甜圈，捂着嘴用手为错误而震惊，表情恐惧，在沉默中害怕，秘密的概念,情绪,0.00,,9,1,material-lib
7331356685107383571,高兴的年轻女子和男子看电脑内容，指向显示器屏幕，看搞笑视频，盯着狗，在白色桌面摆姿势，在网站上搜索电影，开发新的启动项目,情绪,0.00,,9,1,material-lib
7323312743535119626,一个留着胡子的年轻有吸引力的商人坐在办公室里，令人震惊的反应,情绪,0.00,,5,1,material-lib
7331331945109916938,一个成熟的白人男人老师帮助十几岁的女孩高中学生解决关于课程的疑问。副本的空间。,情绪,0.00,,9,1,material-lib
7323277029837688114,心烦意乱的非裔美国人开始哭泣，用手捂着脸，紫色的背景,情绪,0.00,,5,1,material-lib
7331190514676518153,近景肖像怀疑的年轻女子有思考和担心的表情，看一边。女学生戴着眼镜无法做出选择，有疑问的表情，在白色的背景上,情绪,0.00,,9,1,material-lib
7323286851345812773,震惊的女人从桌子上站起来，生气地对着同伴说话,情绪,0.00,,5,1,material-lib
7323282501772774694,年轻英俊的留胡子的印度男子看起来很震惊,情绪,0.00,,5,1,material-lib
7322735407089650970,男人让脾气暴躁的人,情绪,0.00,,5,1,material-lib
7322154054128340234,暴躁的黑色家猫躲在宠物塑料盒子里,情绪,0.00,,5,1,material-lib
7322584488612007177,对生活有疑问的女人。,情绪,0.00,,5,1,material-lib
7322880461762497811,亚洲女性在卧室用平板电脑看搞笑电影时大笑，女性在晚上使用平板电脑，亚洲生活方式和娱乐理念,情绪,0.00,,5,1,material-lib
7331353170813209868,可爱的情感搞笑的新生男婴躺在床上拿着奶瓶。婴儿的面部表情。,情绪,0.00,,9,1,material-lib
7322866437519953163,年轻员工在工作过程中。脸上的疑问而不是感觉这个决定停滞了最后期限和绝望的情况,情绪,0.00,,5,1,material-lib
7331361951467064586,搞笑男人玩拖把,情绪,0.00,,9,1,material-lib
7331353385632943397,这是一张脾气暴躁的圣诞老人的高质量照片，他双臂交叉站在一个红色背景的专业工作室里，照片的一半有一个复制空间,情绪,0.00,,9,1,material-lib
7331364493483674930,搞笑胖子在淋浴间洗澡。,情绪,0.00,,9,1,material-lib
7331455657805139251,非洲裔美国妇女戴着粉红色的太阳镜害怕和震惊的表情，恐惧和兴奋的脸。,情绪,0.00,,9,1,material-lib
7323309275491749171,害羞的小男孩小孩震惊了，因为错误地站在户外用手捂着嘴。秘密的概念,情绪,0.00,,5,1,material-lib
7322850036499418431,搞笑的小胡子男子在运动受伤后拄着拐杖，手缠着绷带，站在蓝色背景上在镜头前跳舞,情绪,0.00,,5,1,material-lib
7331193462299151657,年轻的专业科学家身穿白大褂在孤立的背景下倒立着思考疑问,情绪,0.00,,9,1,material-lib
7323373094976998707,沮丧绝望的年轻女子坐在黑暗的地板上哭泣，男人安慰她,情绪,0.00,,5,1,material-lib
7331271354370575635,漂亮的有吸引力的肖像恼怒恼怒的好斗的阴沉的脾气暴躁的人表达愤怒假装争论责骂婚姻失败孤立在明亮生动的亮黄色背景,情绪,0.00,,9,1,material-lib
7321999671717678387,鱼缸里暴躁的鱼。,情绪,0.00,,5,1,material-lib
7322869473462062374,可爱的红发搞笑仓鼠坐在玩具车里,情绪,0.00,,5,1,material-lib
7331231485413870858,暴躁的姜黄色猫走在家里的卧室里,情绪,0.00,,9,1,material-lib
7331298877586279699,穿黄毛衣的红发女人指着侧面有疑问,情绪,0.00,,9,1,material-lib
7323355375200193818,一个漂亮女孩的肖像在黑板旁摆姿势大笑,情绪,0.00,,5,1,material-lib
7331365485348408603,搞笑胖子在淋浴间洗澡。,情绪,0.00,,9,1,material-lib
7331455975439830298,中年西班牙妇女越过白砖墙捂着嘴用手震惊了，为错误感到羞愧，表情恐惧，默默害怕，秘密概念,情绪,0.00,,9,1,material-lib
7322452269037849892,双臂交叉，事业和失望黑人女性在工作室自信，专业和不开心。聚焦，毫无疑问，女性在蓝色背景的肖像，企业家或风格,情绪,0.00,,5,1,material-lib
7323303949363055910,年轻浪漫的情侣在夜晚用智能手机在户外微笑，大笑-慢动作高清视频片段,情绪,0.00,,5,1,material-lib
7322831808721112374,喜气洋洋的情侣拿着红色小玩意，用手机看搞笑视频，谈笑风生,情绪,0.00,,5,1,material-lib
7331308172856151347,我爱你的明信片，在绿色的背景上有一颗花和叶子的心,情绪,0.00,,9,1,material-lib
7322866978643922185,亚洲小孩男孩在家里做作业前微笑着闭上眼睛，耳边放着铅笔，放松地唱歌来增强力量。理念教育，学习，家庭学校，搞笑拍摄。,情绪,0.00,,5,1,material-lib
7331289812038618409,年轻的白人女孩带着疑问，困惑，困惑的表情，思考或回忆着什么,情绪,0.00,,9,1,material-lib
7323324655744470299,快乐的亚洲学生用智能手机进行视频通话的肖像，在发光的霓虹灯背景下聊天和大笑,情绪,0.00,,5,1,material-lib
7322877103316208915,脾气暴躁的成熟女人坐在长椅上聊天，老年消极，交谈,情绪,0.00,,5,1,material-lib
7323315560555482418,一个饥饿的无家可归的孩子在哭泣。战争。难民,情绪,0.00,,5,1,material-lib
7331308425890057483,年轻的红发爱尔兰男子穿着t恤站在孤立的白色背景，毫无疑问和困惑的表情与胳膊和手举起。怀疑的概念。,情绪,0.00,,9,1,material-lib
7322860419423440138,海洋，童年和女孩的脸用手在海边搞笑，幽默和喜剧的表达。自然，青年和幼儿享受自由的暑假，周末和假期在墨西哥,情绪,0.00,,5,1,material-lib
7331457264626273546,年轻的白人男子越过灰色垃圾墙喝着咖啡强调与手在头上，震惊与羞愧和惊讶的脸，愤怒和沮丧。为错误而恐惧和不安。,情绪,0.00,,9,1,material-lib
7331373678011141415,年轻美丽的女人穿着粉红色的休闲t恤站在孤立的白色背景，毫无疑问和困惑的表情与胳膊和手举起。怀疑的概念。,情绪,0.00,,9,1,material-lib
7331358790786321676,画架上的问号，教育和商业理念，寻找答案，解决问题的想法，有疑问,情绪,0.00,,9,1,material-lib
7322838995476466980,温室里长着大眼睛的搞笑番茄,情绪,0.00,,5,1,material-lib
7331472640571493658,一个情绪激动的年轻人，圆眼睛，张开嘴，双手压在头顶，表现出惊讶和震惊，孤立在灰色的背景下,情绪,0.00,,9,1,material-lib
7331294840375790859,Aspidistra elatior“暴躁”。,情绪,0.00,,9,1,material-lib
7331219015441878298,脾气暴躁的脸，有趣的鸡蛋与盒子的彩色复活节彩蛋,情绪,0.00,,9,1,material-lib
7323291003706772787,震惊的男人和女人在电视上观看壮观的电影,情绪,0.00,,5,1,material-lib
7331361496309583141,搞笑自行车带礼盒，圣诞快乐节日概念,情绪,0.00,,9,1,material-lib
7331241850038226187,带着疑问的符号,情绪,0.00,,9,1,material-lib
7323290385294298406,一个自信沮丧的家伙正用震惊的表情说哇。绿屏,情绪,0.00,,5,1,material-lib
7331444417120832778,在白色的背景上无缝的粉色水彩心形图案，一个浪漫的情人节或婚礼重复打印,情绪,0.00,,9,1,material-lib
7331264307663031589,近的侧面资料照片她她的夫人不高兴绝望的手臂手咬手指神经犯了错误有疑问告诉或没有穿格子衬衫坐在瘦沙发公寓客厅室内,情绪,0.00,,9,1,material-lib
7323303674036489523,亚洲愤怒和悲伤的小女孩肖像在绿色屏幕背景，一个孩子的情绪时发脾气和疯狂，表达暴躁的情绪。儿童情绪控制概念,情绪,0.00,,5,1,material-lib
7005943778330594596,卡通 3D大黄脸Emoji表情,情绪,0.00,,5,1,material-lib
7322861598467493130,年轻女子的肖像看着相机和霓虹彩色镜头尖叫。憎恨恐怖生活中一个大喊大叫的女人的黑暗生活方式。脾气暴躁的绝望女孩的惊恐反应,情绪,0.00,,5,1,material-lib
7322125949624012041,脾气暴躁的演员和剧组吵架,情绪,0.00,,5,1,material-lib
7331362051140472118,美丽的双彩虹暴躁的天空伦堡萨福克,情绪,0.00,,9,1,material-lib
7331348033608764713,为什么疑问字手写在潮湿有雾的玻璃上。秋天的雨。悲伤,情绪,0.00,,9,1,material-lib
7331365675962830106,搞笑的印度人穿着便服，用智能手机进行虚拟会议,情绪,0.00,,9,1,material-lib
7330898109452553499,可爱的小鸟爱上了我爱你的艺术,情绪,0.00,,9,1,material-lib
7323379311191362867,快乐成熟的金发女士坐在沙发上，与朋友进行视频通话，头部特写。网络摄像头看到大笑的中年妇女在网上与成年儿童聊天。,情绪,0.00,,5,1,material-lib
7331297813885635851,蓝色背景的亚洲暴躁小女孩肖像。,情绪,0.00,,9,1,material-lib
7322051657217412361,一个十几岁的女孩生气地把白纸撕成小片扔了起来。那个女孩戴着眼镜，打扮得像个女商人。工作时脾气暴躁的概念,情绪,0.00,,5,1,material-lib
7323336531731680521,慢镜头，快乐的亚洲男子用智能手机查看社交媒体内容，在城市户外开怀大笑,情绪,0.00,,5,1,material-lib
7322863879422233894,视频通话，谈话或父子，平板电脑或搞笑与计划，连接或社交媒体。谈话，爸爸或黑人坐在沙发上，技术或家庭与网络，讨论或在线聊天,情绪,0.00,,5,1,material-lib
7331357243260112169,脾气暴躁的猫,情绪,0.00,,9,1,material-lib
7322588597880737063,暴躁的橙色猫晴天,情绪,0.00,,5,1,material-lib
7323303111647366438,年轻有趣快乐的女人听着耳机里的音乐，微笑，大笑和跳舞,情绪,0.00,,5,1,material-lib
7331432107304176906,善于思考，善于表达疑问和怀疑。想象一下解决方案,情绪,0.00,,9,1,material-lib
7323290748684651827,愤怒悲伤的年轻女子从压力紧张的问题尖叫，感到恐怖，绝望，恐惧，愤怒的震惊,情绪,0.00,,5,1,material-lib
7322030762411199795,两个女人吃和拍照暴躁的意大利披萨,情绪,0.00,,5,1,material-lib
7331342296220175642,我爱你画在冻结的窗户上,情绪,0.00,,9,1,material-lib
7322433913400446245,呼叫中心，客户关系管理和客户服务女士，负责耳机，电话营销和客户支持。咨询，联系我们或服务台代理咨询，支持和建议有疑问,情绪,0.00,,5,1,material-lib
7322818888348011827,搞笑狗狗圣诞背景,情绪,0.00,,5,1,material-lib
7331455322114018611,美丽的年轻女子举着美国国旗强调用手顶在头上，震惊的羞愧和惊讶的脸，愤怒和沮丧。为错误而恐惧和不安。,情绪,0.00,,9,1,material-lib
7323369278407789874,年轻惊讶的快乐微笑的女孩的肖像看着相机室内的近距离。高兴的情绪，震惊的表情,情绪,0.00,,5,1,material-lib
7322864662171684105,年轻观众在电影院看搞笑电影。,情绪,0.00,,5,1,material-lib
7331353071269842227,拿着笔记本电脑摆出橙色背景的搞笑人。,情绪,0.00,,9,1,material-lib
7331401903277985062,脾气暴躁的学生构成,情绪,0.00,,9,1,material-lib
7331354348284431625,圣诞节在家的搞笑小狗,情绪,0.00,,9,1,material-lib
7323192315684719922,母亲教脾气暴躁的女儿。,情绪,0.00,,5,1,material-lib
7323350866222697737,亚洲母亲和女儿在家里一起看电视时大笑,情绪,0.00,,5,1,material-lib
7322815296576834825,美丽的黑色拉布拉多跑向主人。带着红色领结的搞笑狗,情绪,0.00,,5,1,material-lib
7331354883876064538,横幅肖像搞笑女孩戴着自己用纱线制作的鹿鼻子医用口罩，红色工作室背景上有彩色购物袋。假日促销和购物。为标志模拟。,情绪,0.00,,9,1,material-lib
7323298386751409417,两个栗色和红头发的漂亮女人在感情上互相交流。女人在交流的时候会微笑和大笑。缓慢的运动。,情绪,0.00,,5,1,material-lib
7323303867951664422,大自然上的两个年轻人。他们环顾四周。朋友们大笑。,情绪,0.00,,5,1,material-lib
7323304303748238602,一个20-30岁的女人穿着休闲装坐在房间的一个小角落里，为被男友分手而哭泣。,情绪,0.00,,5,1,material-lib
7322149052567637299,思考，面对和绿屏女人策划思路，策略计划或头脑风暴解决方案，灵感或疑问的问题。工作室背景下的创意，色度关键肖像和人物问题解决,情绪,0.00,,5,1,material-lib
7323268736658492681,黑发女人震惊了用手捂住嘴。迷人的黑眼睛上网智能手机女孩惊讶,情绪,0.00,,5,1,material-lib
7322397587623939367,一个脾气暴躁的年长男子的特写。谁在和别人争吵,情绪,0.00,,5,1,material-lib
7322860906147220762,Walking duck病毒动画，社交媒体和圣诞节概念。行走鸭，流行搞笑视频，色度键垂直孤立背景,情绪,0.00,,5,1,material-lib
7323302922178137395,当女友躺在沙发上哭泣时，一个年轻人试图用语言和一杯茶来安慰她,情绪,0.00,,5,1,material-lib
7322421793938033958,困惑的帅哥对模棱两可的问题感到尴尬，有疑问，没有想法，毫无头绪,情绪,0.00,,5,1,material-lib
7331358742551858442,梦幻搞笑的男人退休老人独角兽睡衣照片，抱着粉红色的心跳舞微笑，孤立的紫色背景,情绪,0.00,,9,1,material-lib
7323356768950652211,电话，女人和有趣的建筑师谈话，聊天或交谈与联系人在城市。智能手机、工程师和非洲人在工业建设中交谈、交流和大笑。,情绪,0.00,,5,1,material-lib
7322142885372022055,一个严肃的年长男子的肖像在一个有复印空间的公园外。一个脾气暴躁、生气、不苟笑的老商人的脸，站在一个明亮的现代城市或城镇的户外，有copyspace,情绪,0.00,,5,1,material-lib
7323376754364517683,特写镜头。一名年轻的亚洲女子在冬日明媚的阳光下通过视频连线进行交流，她微笑着，大笑着。社交网络视频，在线视频。幸福。,情绪,0.00,,5,1,material-lib
7331222695524175115,暴躁的燕子宝宝在她的窝里,情绪,0.00,,9,1,material-lib
7331347305653652790,白色的家猫在镜头前做着暴躁的表情，红色的背景,情绪,0.00,,9,1,material-lib
7331352626417683762,拿着笔记本电脑摆出橙色背景的搞笑人。,情绪,0.00,,9,1,material-lib
7323292385314671922,朋友大笑和微笑与智能手机社交媒体,情绪,0.00,,5,1,material-lib
7331461535010786610,情人节组成,情绪,0.00,,9,1,material-lib
7331454861856345353,非裔美国健身妇女拿着水压力与手在头上，震惊与羞愧和惊讶的脸，愤怒和沮丧。为错误而恐惧和不安。,情绪,0.00,,9,1,material-lib
7323265991293619494,年轻的成年商人阅读信与令人震惊的好消息，而坐在办公桌在工作场所在现代办公室,情绪,0.00,,5,1,material-lib
7323361294264864010,沮丧的父亲遭受损失，哭泣，对女儿缺乏关注,情绪,0.00,,5,1,material-lib
7323383462688345354,兴奋惊奇的男子露出头爆炸，看起来担心震惊惊讶的男子，哇，主意有了,情绪,0.00,,5,1,material-lib
7331469478049500443,女病人震惊于治疗费用，医疗保险，坏的惊喜,情绪,0.00,,9,1,material-lib
7331361417867644187,搞笑的柯基狗小狗在红色圣诞老人驯鹿化妆舞会站在新年公园的雪,情绪,0.00,,9,1,material-lib
7331370975893802281,女人的手拿着带疑问的卡片,情绪,0.00,,9,1,material-lib
7322855190548188425,卡通搞笑狗狗之舞,情绪,0.00,,5,1,material-lib
7322575523538947379,不管你有什么疑问，他都会处理的,情绪,0.00,,5,1,material-lib
7322846063675641126,"疑问,误解。多民族女子彷徨地耸了耸肩，孤立在橘色上",情绪,0.00,,5,1,material-lib
7323380661555940617,商务女性，打电话和走进办公室进行移动技术交流，反馈和大笑。快乐的印度女工通过智能手机联系、咨询和有趣的谈话,情绪,0.00,,5,1,material-lib
7322869282096860426,有兔耳朵的搞笑狗。复活节假期,情绪,0.00,,5,1,material-lib
7323324313812208933,开朗快乐的60多岁的男人戴着眼镜对着镜头挥手问好，微笑，大笑，在厨房视频通话。资深博主，视频博主，爷爷家的头像。,情绪,0.00,,5,1,material-lib
7331336815766506815,这位脾气暴躁的年轻模特一头金色卷发，头戴日落帽，身穿白色连衣裙，站在蓝色背景上看着镜头。,情绪,0.00,,9,1,material-lib
7323249673228045618,被解雇的公司高管在办公楼外的楼梯上哭泣。,情绪,0.00,,5,1,material-lib
7331384379966508329,孩子，双臂交叉或哭泣的表情在孤立的红色背景抑郁，心理健康或倦怠。心烦，不开心或小女孩的悲伤，生闷气或暴躁的脸在欺凌危机或焦虑,情绪,0.00,,9,1,material-lib
7323252309012630810,一个坐在家里沙发上哭泣的悲伤男人的肖像收到了这个悲伤的消息。沮丧的年轻男性坐在客厅的沙发上哭泣。,情绪,0.00,,5,1,material-lib
7331364389028777242,圣诞节前夕，一名日本女子在充满节日气氛的客厅里，手拿智能手机捂着嘴，戴着耳机看网络搞笑视频大笑,情绪,0.00,,9,1,material-lib
7331335206151998730,带着疑问表情的女商人,情绪,0.00,,9,1,material-lib
7331458260446235942,美丽的非洲女人穿着围裙，震惊的眼神交叉着惊讶,情绪,0.00,,9,1,material-lib
7331244426850848036,用紫丁香花做成心形，粉底纹上写着“我爱你”。爱的象征。副本的空间。俯视图,情绪,0.00,,9,1,material-lib
7323327124750830899,4k一组大学生亚洲人坐在绿色的草地上大笑一起在公园里工作和阅读,情绪,0.00,,5,1,material-lib
7322039113027177765,问号背景上的彩色标志。3D渲染。疑惑和疑问的概念,情绪,0.00,,5,1,material-lib
7323289097571765530,被这个可怕的消息吓坏了，一位年长的女士坐在家里的沙发上用手捂着嘴，惊恐地看着镜头。室内震惊的老女人的肖像。,情绪,0.00,,5,1,material-lib
7331341378963688714,西装革履的商人举着三个方向的牌子。在疑问中，必须在指向相反方向的箭头所指示的三个不同选择之间做出选择的概念。三种选择,情绪,0.00,,9,1,material-lib
7322869014521236787,搞笑机器人卡通奔跑动画,情绪,0.00,,5,1,material-lib
7331276424759823655,问号形状的疑问词。3d渲染,情绪,0.00,,9,1,material-lib
7331375593860140325,有吸引力的深思熟虑的年轻欧洲商人肖像与平板站在混凝土墙背景与箭头网格草图。混淆和疑问概念。,情绪,0.00,,9,1,material-lib
7331471110946491674,年轻的成年人站在灰色的垃圾墙震惊地用手捂住嘴。秘密的概念。,情绪,0.00,,9,1,material-lib
7323263732363119909,奇怪的大眼睛猫。好奇的小猫被震惊了，玩得很开心。,情绪,0.00,,5,1,material-lib
7331243903321935123,她的肖像，她漂亮的，有吸引力的可爱的，喜怒哀乐的，暴躁的，疯狂的，好斗的，抑郁的，直发的十几岁的女孩，关闭耳朵隔离在粉红色的，柔和的背景,情绪,0.00,,9,1,material-lib
7331367185434053899,清晨。拿着热饮的搞笑男人。,情绪,0.00,,9,1,material-lib
7322676457283521804,有疑问的时候，笑出来,情绪,0.00,,5,1,material-lib
7331018823383944457,热气球，红色的气球形状是一颗飞翔的心，上面写着“我爱你”。,情绪,0.00,,9,1,material-lib
7331278650018450738,暴躁的亚洲食物,情绪,0.00,,9,1,material-lib
7331265130937732388,中年老妇人，一头卷发，站在蓝色孤立的背景下，手放在头上向后思考疑问,情绪,0.00,,9,1,material-lib
7331471451045874995,水彩旗上，红心上镌刻着情人节的字样。情人节快乐。,情绪,0.00,,9,1,material-lib
7331333542594546995,脾气暴躁的女人在讲电话，被隔离在白色背景下。滋扰及智能手机,情绪,0.00,,9,1,material-lib
7331471602338598154,年轻的非洲裔美国人在孤立的背景震惊掩盖嘴与手的错误。秘密的概念。,情绪,0.00,,9,1,material-lib
7331262226097065253,设计商业概念空模板复制空间文字广告网站孤立的创意信息涂鸦白色背景平等问号疑问问题,情绪,0.00,,9,1,material-lib
7331461776959147314,年轻的金发女医生越过肮脏的灰色墙壁，用手捂着头捂着嘴，因错误而感到震惊，表情恐惧，在沉默中害怕，秘密的概念,情绪,0.00,,9,1,material-lib
7322660955911998771,迷茫的成熟的老奶奶老奶奶对问题感到尴尬，有疑问，没有主意,情绪,0.00,,5,1,material-lib
7331244009148534028,一个赤裸的脾气暴躁的男人在山上的冬天森林里一条冰冻的河边,情绪,0.00,,9,1,material-lib
7323264916519931145,严重吃惊的非洲男子医生对x光图像感到震惊,情绪,0.00,,5,1,material-lib
7322871923266866451,戴着眼镜的女人，在家里用笔记本电脑思考和计划想法。特写面对成熟女性的疑问、心态和迷茫的视野，解决方案和专注于屏幕上的在线决策和思考,情绪,0.00,,5,1,material-lib
7331312664997645619,脾气暴躁的纹理,情绪,0.00,,9,1,material-lib
7323330928749726985,面部表情由婴儿、哭泣、生病、饥饿,情绪,0.00,,5,1,material-lib
7323387915189439781,震惊的女人摸着头，感到惊讶和完全不相信,情绪,0.00,,5,1,material-lib
7331460940409343241,美丽的年轻女子站在肮脏的灰色墙壁上，用手捂着胡桃木的嘴，为错误而震惊，表情恐惧，在沉默中害怕，秘密的概念,情绪,0.00,,9,1,material-lib
7331257265137241371,善于思考，善于表达疑问和怀疑。想象一下解决方案,情绪,0.00,,9,1,material-lib
7323289498501041445,带着面具的女人绝望地看着镜头哭泣,情绪,0.00,,5,1,material-lib
7322186611834277156,在机场大厅里，妈妈给一个脾气暴躁的女儿梳头。,情绪,0.00,,5,1,material-lib
7322172894132423987,亚洲愤怒，悲伤和哭泣的小女孩的肖像，一个孩子发脾气和生气时的情绪，在不使用平板电脑后表达暴躁的情绪。儿童情绪控制概念,情绪,0.00,,5,1,material-lib
7323297814425931059,让孩子和爷爷心烦。爷爷奶奶安慰哭泣的孙子,情绪,0.00,,5,1,material-lib
7331455246855720229,年轻的美国黑人妇女对孤立的背景感到害怕和恐惧的表情停止手势与手，大叫在震惊。恐慌的概念。,情绪,0.00,,9,1,material-lib
7322848081702030655,穿着西装、满脸胡须的积极商人在智能手机上滚动屏幕、面带微笑、在网上购物或看搞笑视频,情绪,0.00,,5,1,material-lib
7331353902085852442,搞笑的黑皮肤年轻女孩的特写脸压在玻璃上孤立在暗红色工作室背景。,情绪,0.00,,9,1,material-lib
7322836658074733861,脾气暴躁的两岁小男孩玩食物，拒绝吃东西,情绪,0.00,,5,1,material-lib
7322841262925597971,圣诞老人有麻烦送礼物的搞笑动画，与圣诞问候,情绪,0.00,,5,1,material-lib
7322016051833687323,男人在手机上打字，聊天，思考信息，做出选择，有疑问。,情绪,0.00,,5,1,material-lib
7323305888863767817,震惊的年轻非洲男子黄色背景的肖像,情绪,0.00,,5,1,material-lib
7322829330818600204,慢动作搞笑时尚夫妇享受超市电车在城市街道,情绪,0.00,,5,1,material-lib
7331456900820716851,中年西班牙妇女坐在地板上越过白砖墙害怕和恐惧的表情停止手势与手，在震惊中大叫。恐慌的概念。,情绪,0.00,,9,1,material-lib
7331260132342418715,警惕的暴躁家猫躲在户外的木制宠物庇护所盒子里,情绪,0.00,,9,1,material-lib
7322173003171728677,两只有趣的腊肠狗刚醒来或准备睡觉，所以它们躺在床上，盖着毯子打哈欠，看起来像一对暴躁的夫妇,情绪,0.00,,5,1,material-lib
7323329112540515622,令人震惊的船嘴鹭张大嘴巴而打哈欠-高清,情绪,0.00,,5,1,material-lib
7322154232738581799,耸耸肩，女人和疑问，表情符号和为什么在工作室里的手。思考，记忆问题和年轻女性的选择，想法和计划与蓝色背景和困惑的模式,情绪,0.00,,5,1,material-lib
7323310091611032883,兴奋快乐的年轻女子惊讶震惊的突然胜利，喜讯庆祝哇反应,情绪,0.00,,5,1,material-lib
7331466909927492890,震惊的女人穿着夏装,情绪,0.00,,9,1,material-lib
7645208727108209966,混剪素材-8,影视飓风,0.00,,5,1,material-lib
7645208723274665266,混剪素材-19,影视飓风,0.00,,5,1,material-lib
7645208719931772211,混剪素材-15,影视飓风,0.00,,5,1,material-lib
7645208737493306634,混剪素材-5,影视飓风,0.00,,5,1,material-lib
7645208734892821811,混剪素材-3,影视飓风,0.00,,5,1,material-lib
7645208729524243763,混剪素材-9,影视飓风,0.00,,5,1,material-lib
7645208729750687027,混剪素材-7,影视飓风,0.00,,5,1,material-lib
7645208344097082634,混剪素材-22,影视飓风,0.00,,5,1,material-lib
7645208727393520923,混剪素材-11,影视飓风,0.00,,5,1,material-lib
7645208731642334491,混剪素材-2,影视飓风,0.00,,5,1,material-lib
7645208730472090931,混剪素材-4,影视飓风,0.00,,5,1,material-lib
7645208662016904499,混剪素材-24,影视飓风,0.00,,5,1,material-lib
7645208729884953882,混剪素材-12,影视飓风,0.00,,5,1,material-lib
7645208733760441627,混剪素材-10,影视飓风,0.00,,5,1,material-lib
7645208728039394586,混剪素材-16,影视飓风,0.00,,5,1,material-lib
7645208724419792137,混剪素材-6,影视飓风,0.00,,5,1,material-lib
7645208729524129075,混剪素材-14,影视飓风,0.00,,5,1,material-lib
7645208723274714418,混剪素材-13,影视飓风,0.00,,5,1,material-lib
7645208731709377801,混剪素材-1,影视飓风,0.00,,5,1,material-lib
7645208493959630126,混剪素材-23,影视飓风,0.00,,5,1,material-lib
7329424924517420339,黄色背景上戴着领结和眼镜的搞笑猫,萌宠表情包,0.00,,9,1,material-lib
7331185128418331913,绿色眼睛的肖像搞笑猫,萌宠表情包,0.00,,9,1,material-lib
7322032676049915174,除夕的搞笑狗狗,萌宠表情包,0.00,,5,1,material-lib
7328225658549685523,在干燥罩下看白色背景杂志的搞笑猫。在美容院。,萌宠表情包,0.00,,9,1,material-lib
7331191057151053093,绿色眼睛的肖像搞笑猫,萌宠表情包,0.00,,9,1,material-lib
7322472159589207305,穿着超级英雄服装的搞笑狗狗,萌宠表情包,0.00,,5,1,material-lib
7322011496177782025,有兔耳朵的搞笑狗。复活节假期,萌宠表情包,0.00,,5,1,material-lib
7331445917033254154,可爱的猴子,萌宠表情包,0.00,,9,1,material-lib
7322633564879670566,"4K最小动画运动设计。跳街舞的搞笑狗脸。Pop and dance mood. Young happy male in stop motion, 2D, modern, conceptual, contemporary pop art collage. 方的概念",萌宠表情包,0.00,,5,1,material-lib
7331461268680822026,可爱的猴子,萌宠表情包,0.00,,9,1,material-lib
7331463672964926729,印尼猕猴。森林居民。神圣的森林。巴厘岛的猴子。猕猴属fascicularis。,萌宠表情包,0.00,,9,1,material-lib
7331294457821760778,牙齿被棍子戳着的搞笑狗,萌宠表情包,0.00,,9,1,material-lib
7331080341035158811,可爱的小狗边境牧羊犬持有微型冠军奖杯杯在嘴孤立在白色的背景。冠军搞笑狗。赢得比赛第一名。胜利或成功的概念,萌宠表情包,0.00,,9,1,material-lib
7331194677149879603,装在行李箱里的搞笑猫，还有眼镜，护照，机票和衣服。,萌宠表情包,0.00,,9,1,material-lib
7331219442275306764,飘在空中的烤薄饼，还有水果和搞笑猫,萌宠表情包,0.00,,9,1,material-lib
7327451554720550207,复古卡通搞笑猫,萌宠表情包,0.00,,9,1,material-lib
7331245127127665947,浴缸水槽里的搞笑猫,萌宠表情包,0.00,,9,1,material-lib
7321956415734566154,卡通搞笑狗狗之舞,萌宠表情包,0.00,,5,1,material-lib
7322167274742238518,开朗的年轻西班牙女子坐在家里的沙发上，开心地抱着她的搞笑狗，自信地用智能手机发短信，散发着喜悦。,萌宠表情包,0.00,,5,1,material-lib
7323275014336269605,猴子生活在泰国普吉岛的一片天然森林里。,萌宠表情包,0.00,,5,1,material-lib
7331084035025931561,穿着西装的毛茸茸的搞笑猫,萌宠表情包,0.00,,9,1,material-lib
7323309569403407642,狗用牙叼着袋子。一个训练有素的宠物。准备在购物中心打折出售,萌宠表情包,0.00,,5,1,material-lib
7327405707832118555,穿着西装的毛茸茸的搞笑猫,萌宠表情包,0.00,,9,1,material-lib
7327850659741502759,拿着电视遥控器的搞笑猫,萌宠表情包,0.00,,9,1,material-lib
7331029173428948243,拿着咖啡和闹钟的搞笑猫头鹰,萌宠表情包,0.00,,9,1,material-lib
7327354340761455923,在浴室里洗一只猫。淋浴时的搞笑猫。,萌宠表情包,0.00,,9,1,material-lib
7331172638812835135,小姜搞笑狗狗——2018年的象征，在灰色背景下伸出舌头微笑,萌宠表情包,0.00,,9,1,material-lib
7331463959402253594,巴厘岛圣猴森林里的猴子,萌宠表情包,0.00,,9,1,material-lib
7322157504937348362,狗Vizsla宠物圣诞新年假期三礼物,萌宠表情包,0.00,,5,1,material-lib
7322321773117050124,狗美容在宠物沙龙。搞笑狗狗剪头发,萌宠表情包,0.00,,5,1,material-lib
7331465867777068326,圣猴森林里的猴子肖像,萌宠表情包,0.00,,9,1,material-lib
7323273967249149194,一个年轻人在费拉塔大道上穿过猴子桥。,萌宠表情包,0.00,,5,1,material-lib
7331456719303789875,顽皮的小猴子爬树,萌宠表情包,0.00,,9,1,material-lib
7331456828628405554,猴子,萌宠表情包,0.00,,9,1,material-lib
7328840995234188595,复古卡通搞笑猫头鹰,萌宠表情包,0.00,,9,1,material-lib
7323293382703402290,航行到猴子海滩，披披堂，泰国,萌宠表情包,0.00,,5,1,material-lib
7322316380265549110,4k，视频，湿漉漉的灰色搞笑猫，雨后坐在公园的石头地板上舔着,萌宠表情包,0.00,,5,1,material-lib
7327380096413617459,绿色眼睛的肖像搞笑猫,萌宠表情包,0.00,,9,1,material-lib
7328068599199829302,复古卡通搞笑猫,萌宠表情包,0.00,,9,1,material-lib
7331466402341096730,猴子日本温泉,萌宠表情包,0.00,,9,1,material-lib
7331052834693139763,穿着鹿装的黑色搞笑狗,萌宠表情包,0.00,,9,1,material-lib
7328625173291142426,有尖牙的搞笑猫在浴室喝水,萌宠表情包,0.00,,9,1,material-lib
7323360833302547738,热带动画中的异国情调猴子,萌宠表情包,0.00,,5,1,material-lib
7328009054746365220,复古卡通搞笑猫头鹰,萌宠表情包,0.00,,9,1,material-lib
7331326461305015591,戴着墨镜的搞笑狗狗突然出现在天堂海海滩的躺椅后面,萌宠表情包,0.00,,9,1,material-lib
7331073999968996634,黄色背景上戴着领结和眼镜的搞笑猫,萌宠表情包,0.00,,9,1,material-lib
7331235552013946123,萨摩耶狗在海滩上玩。家养的纯种搞笑狗在海边散步,萌宠表情包,0.00,,9,1,material-lib
7321794273936968999,狗美容在宠物沙龙。搞笑狗狗剪头发,萌宠表情包,0.00,,5,1,material-lib
7323275671805922586,猴子生活在泰国普吉岛的一片天然森林里。,萌宠表情包,0.00,,5,1,material-lib
7331041945445338409,搞笑猫眨眼舌,萌宠表情包,0.00,,9,1,material-lib
7331324226944732470,一只带着礼物的搞笑狗的肖像。新年的概念，圣诞节。节日的问候。,萌宠表情包,0.00,,9,1,material-lib
7327379576655531291,绿色眼睛的肖像搞笑猫,萌宠表情包,0.00,,9,1,material-lib
7331450446223133990,一个好奇的旁观者在巴厘岛乌布的猴子森林寺庙,萌宠表情包,0.00,,9,1,material-lib
7331031272548011303,搞笑猫复古卡通,萌宠表情包,0.00,,9,1,material-lib
7323271405414534437,选猴子4 k,萌宠表情包,0.00,,5,1,material-lib
7323270429680913701,猴子生活在泰国普吉岛的一片天然森林里。,萌宠表情包,0.00,,5,1,material-lib
7331467949443779867,日本猴子进入温泉,萌宠表情包,0.00,,9,1,material-lib
7328115476758826250,复古卡通搞笑猫,萌宠表情包,0.00,,9,1,material-lib
7331328069803855158,带甜甜圈的搞笑狗,萌宠表情包,0.00,,9,1,material-lib
7331257127564102921,狗美容在宠物沙龙。搞笑狗狗剪头发,萌宠表情包,0.00,,9,1,material-lib
7323267922418257202,顽皮的猴子与有趣的行动。,萌宠表情包,0.00,,5,1,material-lib
7331460756816366857,猴子正在给他们的孩子焦特布尔喂奶,萌宠表情包,0.00,,9,1,material-lib
7322454079865621786,除夕的搞笑狗狗,萌宠表情包,0.00,,5,1,material-lib
7322772512868207881,长着红毛的搞笑狗吉娃娃躺在阳光下的地板上，在家里的客厅里眨着眼睛,萌宠表情包,0.00,,5,1,material-lib
7323266409717402907,猴子从树林里的树,萌宠表情包,0.00,,5,1,material-lib
7328433975599320329,搞笑猫喝牛奶,萌宠表情包,0.00,,9,1,material-lib
7327432439498837289,搞笑猫在渔船上观察环境,萌宠表情包,0.00,,9,1,material-lib
7323315636245908774,日本猴子的慢动作,萌宠表情包,0.00,,5,1,material-lib
7331471789786287386,猴子岛,萌宠表情包,0.00,,9,1,material-lib
7328719082067397900,圣诞快乐! !-戴着圣诞帽的搞笑猫从空白的标志里偷看,萌宠表情包,0.00,,9,1,material-lib
7322081831203917067,宠物服装，蓝色背景上穿着粉色浴袍的搞笑狗,萌宠表情包,0.00,,5,1,material-lib
7322509319809912115,一只伸着舌头的搞笑猫,萌宠表情包,0.00,,5,1,material-lib
7328216100817210636,复古卡通搞笑猫头鹰,萌宠表情包,0.00,,9,1,material-lib
7331139901620030756,酒吧里的搞笑狗狗,萌宠表情包,0.00,,9,1,material-lib
7323327524082109722,猴子和印度城市里的叶猴,萌宠表情包,0.00,,5,1,material-lib
7331367099618708747,带着医用口罩的搞笑猫害怕被隔离,萌宠表情包,0.00,,9,1,material-lib
7323374707531713819,在乡下的牧场上，一只长着白色皮毛的羊在沉思叹气。宠物头特写,萌宠表情包,0.00,,5,1,material-lib
7321903449400954150,长着红毛的搞笑狗吉娃娃躺在阳光下的地板上，在家里的客厅里眨着眼睛,萌宠表情包,0.00,,5,1,material-lib
7331051089229335820,巴西猫日快乐。黑色，橙色，灰色和白色的搞笑猫脸在蓝色的背景。节日布局猫假日，文字葡萄牙2月17日快乐猫日。平躺，俯视图，横幅,萌宠表情包,0.00,,9,1,material-lib
7328375853585272114,装在行李箱里的搞笑猫，还有眼镜，护照，机票和衣服。,萌宠表情包,0.00,,9,1,material-lib
7331472241437314330,猴子岛,萌宠表情包,0.00,,9,1,material-lib
7331448727057501477,猴子直布罗陀海峡,萌宠表情包,0.00,,9,1,material-lib
7331465524104236298,猴子坐在栏杆上,萌宠表情包,0.00,,9,1,material-lib
7331470460934229286,可爱的猴子,萌宠表情包,0.00,,9,1,material-lib
7331166096810183974,一张毛茸茸的搞笑狗的照片,萌宠表情包,0.00,,9,1,material-lib
7331100734731193641,一位红头发的年轻白种人妇女和她的宠物狗——吉娃娃犬站在城市的浮雕墙上。和穿着衣服的搞笑狗一起散步。穿着裙子的吉娃娃。城市和生活方式概念,萌宠表情包,0.00,,9,1,material-lib
7323258689085803814,简介肖像的光头猫加拿大斯芬克斯品种在工作室在黑色的背景。这只宠物舔了舔自己，然后猛地向上伸直脖子，向前看。缓慢的运动。近距离,萌宠表情包,0.00,,5,1,material-lib
7323288213165018377,猴子在破水管里喝水。,萌宠表情包,0.00,,5,1,material-lib
7327331711786781961,复古卡通搞笑猫,萌宠表情包,0.00,,9,1,material-lib
7331470233850367282,可爱的猴子,萌宠表情包,0.00,,9,1,material-lib
7331081700782460187,在浴室里洗一只猫。淋浴时的搞笑猫。,萌宠表情包,0.00,,9,1,material-lib
7331453018942049546,小猴子和她的妈妈,萌宠表情包,0.00,,9,1,material-lib
7331325134818610443,系着领带的搞笑狗的画像。垂直框架,萌宠表情包,0.00,,9,1,material-lib
7328473089845628210,复古卡通搞笑猫头鹰,萌宠表情包,0.00,,9,1,material-lib
7331363812081192228,戴着领结和生日蛋糕的搞笑猫,萌宠表情包,0.00,,9,1,material-lib
7331093449220820233,艺术拼贴画，不同品种的搞笑狗孤立在白色工作室背景。,萌宠表情包,0.00,,9,1,material-lib
7331291737731697932,黑色演播室里的白色搞笑狗,萌宠表情包,0.00,,9,1,material-lib
7321873118232890636,圣帕特里克节的搞笑狗狗,萌宠表情包,0.00,,5,1,material-lib
7331220028215332115,带浴帽的搞笑狗狗和主人在浴室里玩肥皂泡,萌宠表情包,0.00,,9,1,material-lib
7331462199824715058,猴子们坐在猴林的篱笆上,萌宠表情包,0.00,,9,1,material-lib
7331265378175225100,搞笑狗狗画像,萌宠表情包,0.00,,9,1,material-lib
7322838884088401190,一位年轻的白人父亲正在家里用勺子喂他的儿子。旁边的搞笑狗要吃东西。幸福的父亲,萌宠表情包,0.00,,5,1,material-lib
7299264869356866855,震惊表情,萌宠表情包,0.00,,5,1,material-lib
7322183103068310825,除夕的搞笑狗狗,萌宠表情包,0.00,,5,1,material-lib
7331088602312625447,绿色眼睛的肖像搞笑猫,萌宠表情包,0.00,,9,1,material-lib
7330963699949112602,复古卡通搞笑猫,萌宠表情包,0.00,,9,1,material-lib
7331308337197255947,黄色背景上戴着领结和眼镜的搞笑猫,萌宠表情包,0.00,,9,1,material-lib
7322184517370891559,一个女人和她的搞笑狗在享受汽车之旅,萌宠表情包,0.00,,5,1,material-lib
7323277456977268005,猴子吃菠萝蜜,萌宠表情包,0.00,,5,1,material-lib
7331447156307528986,野生猕猴吃猴子,萌宠表情包,0.00,,9,1,material-lib
7331446346873883955,可爱的猴子,萌宠表情包,0.00,,9,1,material-lib
7330868190051929353,带着酒和文凭的搞笑猫。,萌宠表情包,0.00,,9,1,material-lib
7145410014511910148,猫咪震惊no 搞笑实拍 网络流行,萌宠表情包,0.00,,5,1,material-lib
7331460291504377098,尼加拉瓜的刚果猴子,萌宠表情包,0.00,,9,1,material-lib
7322058119675268390,最小动画快餐艺术。搞笑猫披萨爱好者,萌宠表情包,0.00,,5,1,material-lib
7323355852969135369,印度尼西亚丛林里野生猴子的生活,萌宠表情包,0.00,,5,1,material-lib
7331217616599616777,生气的搞笑猫的幽默照片。家猫,萌宠表情包,0.00,,9,1,material-lib
7323284246527757606,男子在猴子酒吧做引体向上,萌宠表情包,0.00,,5,1,material-lib
7322088749754633491,穿着白色t恤的快乐女人与搞笑狗狗自拍,萌宠表情包,0.00,,5,1,material-lib
7331203434898541851,在夏天户外戴着太阳镜的搞笑猫的肖像。,萌宠表情包,0.00,,9,1,material-lib
7323316926749412645,宠物的爱。在街上发现一只可爱的小狐狸狗。,萌宠表情包,0.00,,5,1,material-lib
7330939052629232933,猫咪，在模糊的背景中休息的猫，可爱的搞笑猫近距离，家猫，放松的猫，休息的猫，在家里玩的猫，优雅的猫,萌宠表情包,0.00,,9,1,material-lib
7331106324169690394,绿色眼睛的肖像搞笑猫。,萌宠表情包,0.00,,9,1,material-lib
7331451451702562058,小猴子的肖像,萌宠表情包,0.00,,9,1,material-lib
7331455846829821235,可爱的猴子,萌宠表情包,0.00,,9,1,material-lib
7331184845550406962,绿色眼睛的肖像搞笑猫。,萌宠表情包,0.00,,9,1,material-lib
7329459997610380554,手工制作的美味蛋白酥皮，不同颜色的搞笑猫,萌宠表情包,0.00,,9,1,material-lib
7320214402932739366,一只漂亮的灰猫坐在一个纸袋里，然后穿着猫用的棕色毛衣从袋子里爬出来，离开了框架。购物袋里的搞笑猫,萌宠表情包,0.00,,5,1,material-lib
7327388331472325898,一只伸着舌头的搞笑猫,萌宠表情包,0.00,,9,1,material-lib
7331256387621637413,小狗边境牧羊犬戴冠军或冠军金牌孤立在白色的背景。冠军搞笑狗。赢得比赛第一名。胜利或成功的概念,萌宠表情包,0.00,,9,1,material-lib
7328575064377543990,黑色搞笑猫孤立在白色上,萌宠表情包,0.00,,9,1,material-lib
7328491454609886483,厚搞笑猫在震惊,萌宠表情包,0.00,,9,1,material-lib
7302772587686300969,震惊不可思议,萌宠表情包,0.00,,5,1,material-lib
7331452237639699749,猴子在水上嬉戏,萌宠表情包,0.00,,9,1,material-lib
7321817789604416818,家养动物的概念。小狗在外面玩耍。搞笑狗狗玩耍的视频。夏天自然背景。,萌宠表情包,0.00,,5,1,material-lib
7322395376269446412,除夕的搞笑狗狗,萌宠表情包,0.00,,5,1,material-lib
7327866703054900507,露出舌头的搞笑猫咪,萌宠表情包,0.00,,9,1,material-lib
7322212902545460492,除夕的搞笑狗狗,萌宠表情包,0.00,,5,1,material-lib
7331470740987858186,猴子在温泉里放松,萌宠表情包,0.00,,9,1,material-lib
7331118147262532876,爆米花搞笑狗,萌宠表情包,0.00,,9,1,material-lib
7320132096297618697,圣诞套装的搞笑猫在礼品盒里,萌宠表情包,0.00,,5,1,material-lib
7299264720287190313,震惊难以置信,萌宠表情包,0.00,,5,1,material-lib
7331468728812506405,猴子在温泉里放松,萌宠表情包,0.00,,9,1,material-lib
7327628405875215625,有假胡子的搞笑猫。十一月”概念。,萌宠表情包,0.00,,9,1,material-lib
7322684155567836479,一只伸着舌头的搞笑猫,萌宠表情包,0.00,,5,1,material-lib
7331446123657235763,可爱的猴子,萌宠表情包,0.00,,9,1,material-lib
7331447463603129610,可爱的小女孩和牛、马、羊、狗等家养宠物玩具以及长颈鹿、大象、猴子等野生动物玩耍。快乐健康的孩子有乐趣与丰富多彩的不同的玩具在家里,萌宠表情包,0.00,,9,1,material-lib
7331094872071474495,秋天公园里一只头上顶着枫叶的姜黄色搞笑猫。,萌宠表情包,0.00,,9,1,material-lib
7329366334041640219,带条纹尾巴的猫孤立地坐在白色背景上。搞笑猫从镜头里抬头看。英国短毛大理石长着漂亮可爱的大眼睛。侧视图,萌宠表情包,0.00,,9,1,material-lib
7323284378409307443,猴子,萌宠表情包,0.00,,5,1,material-lib
7323284361946631462,生活在柬埔寨吴哥窟历史建筑群中的猴子,萌宠表情包,0.00,,5,1,material-lib
7146978371455438087, 动物搞笑瞬间  猩猩优雅的跳起来天鹅舞,萌宠表情包,0.00,,5,1,material-lib
7322845453375032614,宠物的活动。难以辨认的女人的手抚摸着玩可爱的小狗狗边境牧羊犬在沙发沙发在家里室内。主人和宠物狗朋友在家休息。人与动物的友谊理念。,萌宠表情包,0.00,,5,1,material-lib
7322726388732054823,笼子里的搞笑猫,萌宠表情包,0.00,,5,1,material-lib
7331352553042480403,一个抱着搞笑狗的老人,萌宠表情包,0.00,,9,1,material-lib
7328380538866208054,纸板上微笑的搞笑猫,萌宠表情包,0.00,,9,1,material-lib
7322184577799818532,有兔耳朵的搞笑狗。复活节假期,萌宠表情包,0.00,,5,1,material-lib
7331015519107108107,黑色演播室里的白色搞笑狗,萌宠表情包,0.00,,9,1,material-lib
7327565881351884095,灰色搞笑猫摆姿势,萌宠表情包,0.00,,9,1,material-lib
7300477286594186515,脑瓜子翁翁的,萌宠表情包,0.00,,5,1,material-lib
7327456690150903050,复古卡通搞笑猫,萌宠表情包,0.00,,9,1,material-lib
7331153331517230362,牙齿被棍子戳着的搞笑狗,萌宠表情包,0.00,,9,1,material-lib
7322785323916823849,有兔耳朵的搞笑狗。复活节假期,萌宠表情包,0.00,,5,1,material-lib
7323287128161488165,猴子。,萌宠表情包,0.00,,5,1,material-lib
7323282714281381147,日本的猴子像人类一样行事,萌宠表情包,0.00,,5,1,material-lib
7322186694373936403,有兔耳朵的搞笑狗。复活节假期,萌宠表情包,0.00,,5,1,material-lib
7331003554238352676,白色毛茸茸的狗狗斯帕斯躺在地毯上，模仿草地的样子。搞笑狗的肖像,萌宠表情包,0.00,,9,1,material-lib
7322315867436485915,有兔耳朵的搞笑狗。复活节假期,萌宠表情包,0.00,,5,1,material-lib
7323305074283842842,猴子,萌宠表情包,0.00,,5,1,material-lib
7331471398419959050,可爱的猴子,萌宠表情包,0.00,,9,1,material-lib
7329652336756788543,装在行李箱里的搞笑猫，还有眼镜，护照，机票和衣服。,萌宠表情包,0.00,,9,1,material-lib
7321848576416501046,有兔耳朵的搞笑狗。复活节假期,萌宠表情包,0.00,,5,1,material-lib
7331035025162423564,复古卡通搞笑猫,萌宠表情包,0.00,,9,1,material-lib
7329619215734820137,猫在电脑前工作。空白屏幕上的桌子上模糊的散景灯背景一个舒适的房间。桌上放着笔记本电脑的搞笑猫。家庭办公室。灵感时刻，早晨的工作空间,萌宠表情包,0.00,,9,1,material-lib
7331320798562520346,回到学校理念概念与搞笑狗拿着大铅笔,萌宠表情包,0.00,,9,1,material-lib
7330991321823350053,绿色眼睛的肖像搞笑猫。,萌宠表情包,0.00,,9,1,material-lib
7327545499916029247,浴缸水槽里的搞笑猫,萌宠表情包,0.00,,9,1,material-lib
7328412602604834060,黑色搞笑猫孤立在白色上,萌宠表情包,0.00,,9,1,material-lib
7323266810256657690,猴子在垃圾桶里吃西瓜,萌宠表情包,0.00,,5,1,material-lib
7331454062371638566,猴子吃南瓜。,萌宠表情包,0.00,,9,1,material-lib
7331453675476503834,猴子,萌宠表情包,0.00,,9,1,material-lib
7331468616703020325,可爱的猴子坐在直布罗陀的一块岩石上,萌宠表情包,0.00,,9,1,material-lib
7327543159980838198,拿着电视遥控器的搞笑猫,萌宠表情包,0.00,,9,1,material-lib
7323284607552539955,鞍背狨新世界猴子坐在绳子上的特写,萌宠表情包,0.00,,5,1,material-lib
7327375153225043227,小猫。搞笑猫的肖像,萌宠表情包,0.00,,9,1,material-lib
7321802678277852479,卡通搞笑狗狗之舞,萌宠表情包,0.00,,5,1,material-lib
7327774177031703849,字云插图搞笑猫相关。小猫或小猫设计。,萌宠表情包,0.00,,9,1,material-lib
7322161017004346636,有趣的毛茸茸的叙利亚仓鼠吃了一个葡萄浆果，塞满了他的脸颊。宠物啮齿动物的食物，维生素。特写镜头,萌宠表情包,0.00,,5,1,material-lib
7327790342676155675,搞笑猫打哈欠满嘴饱,萌宠表情包,0.00,,9,1,material-lib
7322392102728387890,可爱的姜黄色小猫睡在毛茸茸的白色毯子上。两只猫依偎在一起。快乐可爱的猫咪宠物概念,萌宠表情包,0.00,,5,1,material-lib
7323272465378069797,银色Lutung猴子,萌宠表情包,0.00,,5,1,material-lib
7331300504900996379,空荡的道路和冰冻的山溪在冬季景观在Zlatibor，塞尔维亚航拍,背景,0.00,,9,1,material-lib
7331330472808697142,瓦莱塔城门和老城和斯莱马度假村日落时的小行星航拍全景，马耳他,背景,0.00,,9,1,material-lib
7323388044915035418,可循环抽象视差背景黑色混凝土墙纹理石头股票视频,背景,0.00,,5,1,material-lib
7331413654228798758,"韩国风格的煎饼,",背景,0.00,,9,1,material-lib
7322875582797090086,龙舟冲向终点线,背景,0.00,,5,1,material-lib
7331356528626175271,鲍威尔湖的航拍,背景,0.00,,9,1,material-lib
7331452513448627482,泰国风味的Phatthalung街上的咸鱼干,背景,0.00,,9,1,material-lib
7331145551175535923,白色大理石石材纹理的背景或豪华瓷砖地板和壁纸装饰设计。,背景,0.00,,9,1,material-lib
7322882049243712818,手工泰国风格伞画，清迈，泰国,背景,0.00,,5,1,material-lib
7331370386552016138,彩色的傍晚景观与柔和的彩色云景在水彩画着色的日落天空。抽象的自然背景,背景,0.00,,9,1,material-lib
7331373934169853195,外星人的星球。山和湖。三维渲染,背景,0.00,,9,1,material-lib
7331433339343080731,水彩植物插图，粉色荷花，东方园林自然，睡莲，绿叶，中国风墙纸，荷花，热带花卉剪辑艺术孤立的白色背景,背景,0.00,,9,1,material-lib
7323226503582387494,航拍的英国风景,背景,0.00,,5,1,material-lib
7329620512110284043,大理石纹理。水彩的屁股。抽象的色彩背景。,背景,0.00,,9,1,material-lib
7331421574907645221,中国风车棕榈，又称丘三棕榈，拉丁名Trachycarpos Fortunei，具有纤维状的树干结构，叶基部宿存,背景,0.00,,9,1,material-lib
7323388701487172902,绿色和红色的水喷雾混合在黑色的背景。慢动作,背景,0.00,,5,1,material-lib
7331368334740426022,无缝水彩植物图案与热带棕榈叶和草药在波西米亚风格,背景,0.00,,9,1,material-lib
7331370369011436819,装饰水彩心绿色热带植物,背景,0.00,,9,1,material-lib
7331302799692614962,亚洲风格中国风格民族潮流古风传统古典吉祥松树仙鹤底纹海报贺卡背景墙装饰画,背景,0.00,,9,1,material-lib
7331335507907022134,东格陵兰的航海探险,背景,0.00,,9,1,material-lib
7331394884768648485,蔚蓝的大海在法国风景自然,背景,0.00,,9,1,material-lib
7322855562738208051,60帧/秒的美国风中飘扬的循环旗帜逼真的3D动画，包括alpha通道。,背景,0.00,,5,1,material-lib
7324637750819360036,粽子，端午节用的粽子，在深灰色的餐桌背景上加上配料。,背景,0.00,,9,1,material-lib
7331366126292634891,槲寄生水彩插图，水彩亲吻树枝与红色的弓，圣诞装饰孤立在白色的背景。,背景,0.00,,9,1,material-lib
7323386296796237093,动画橙色的霓虹线条旋转抽象的背景。,背景,0.00,,5,1,material-lib
7322892739564014886,巴西阿拉戈斯的贾帕拉廷加的异国风情海滩,背景,0.00,,5,1,material-lib
7323243962637110554,兰纳银工艺品，泰国风格，清迈，泰国，用锤子敲打银。,背景,0.00,,5,1,material-lib
7331346269178203401,清晨山顶的太阳能光伏发电航拍照片,背景,0.00,,9,1,material-lib
7331115255923232051,夜间海上货运散货船航拍图,背景,0.00,,9,1,material-lib
7331358543267794188,中国上海的日出全景航拍图,背景,0.00,,9,1,material-lib
7331365894406425893,散焦模糊透明蓝色透明平静水面纹理与飞溅反射。新潮抽象的自然背景。水波在阳光下与复制空间。蓝色水彩光泽。,背景,0.00,,9,1,material-lib
7323301080962452763,抽象运动背景散景彩色闪烁粒子效果4K视频,背景,0.00,,5,1,material-lib
7331469634039762185,韩国风格的肉丸,背景,0.00,,9,1,material-lib
7331407846577343771,泰国风格的宝塔,背景,0.00,,9,1,material-lib
7323386948112911666,背景是酒吧或迪斯科舞厅里模糊的彩色灯光,背景,0.00,,5,1,material-lib
7323387154602790194,用锤子击碎玻璃。打破和破解屏幕上的垃圾摇滚背景在4K,背景,0.00,,5,1,material-lib
7331370446052543754,水彩花,背景,0.00,,9,1,material-lib
7323387217467002163,美国加利福尼亚州，彩绘女士蝴蝶为沙漠中的黄色花朵授粉。电影焦点从背景转移到前景中的蝴蝶。,背景,0.00,,5,1,material-lib
7331110356980403483,亚洲风中国风民族潮古风传统古典吉祥海波高山祥云仙鹤底纹海报贺卡背景墙装饰画,背景,0.00,,9,1,material-lib
7322876126529867020,在泰国风电场，两名亚洲工程师在统一的检查工程师准备和进度检查风力发电机的安全。,背景,0.00,,5,1,material-lib
7331382067462294820,航拍沙丘和树木在撒哈拉沙漠，非洲,背景,0.00,,9,1,material-lib
7331370610674748709,普罗旺斯风格的精致无缝图案，以薰衣草和香草为花束，手绘水彩，孤立在白色背景上。水彩画插图。,背景,0.00,,9,1,material-lib
7331365195522116891,框架与橙色水果。手绘水彩插图方形框架与柑橘食物和绿叶在白色孤立的背景。用热带柑橘作标签或贴纸。,背景,0.00,,9,1,material-lib
7331451641163418918,镜像冷水,背景,0.00,,9,1,material-lib
7331384465844882699,航拍珠海海岸线建筑景观及天际线全景,背景,0.00,,9,1,material-lib
7331370781521267977,长长的无缝横幅用水彩手绘绿色的树叶在树枝上垂下。为贺卡和卡片设计标题,背景,0.00,,9,1,material-lib
7331360107659398409,航拍的一个湖被一个小镇环绕在郁郁葱葱的绿色山丘上,背景,0.00,,9,1,material-lib
7331458968696507675,泰国风平浪静的海面上,背景,0.00,,9,1,material-lib
7331369834657123593,红黑相间的玫瑰花，嫩绿的叶子和花蕾，别致，鲜艳，美丽。手绘水彩插图。无缝边框白色背景，用于装饰和设计,背景,0.00,,9,1,material-lib
7331472570048367898,蓝色缎纹织物的纹理为背景,背景,0.00,,9,1,material-lib
7323221451262201129,粽子端午节粽子在明亮的木桌背景上配食材。,背景,0.00,,9,1,material-lib
7331350887882820875,航拍俯视图集装箱货轮在进出口业务中，以国际货物夜间在海上的物流运输理念。,背景,0.00,,9,1,material-lib
7331473653613219081,纹理棕砂岩图案自然抽象背景,背景,0.00,,9,1,material-lib
7331355848100285750,太平洋上空的航拍，显示加州亨廷顿海滩和码头的海岸线,背景,0.00,,9,1,material-lib
7331307946216869139,高山风电场的航拍,背景,0.00,,9,1,material-lib
7331371138125139238,水彩画棉花花。蓬松的棉花树枝，手绘插图在素描风格，孤立的白色背景。用于包装、邀请函、标签设计的印刷,背景,0.00,,9,1,material-lib
7323309036189928755,黑色墨水在背景中流动，烟熏看起来液体抽象墨水滴在水中,背景,0.00,,5,1,material-lib
7331389686486699305,在托盘上准备蔬菜和肉的烧烤串。泰国风格的食物,背景,0.00,,9,1,material-lib
7329659972319530291,模糊的灯光抽象的色彩背景,背景,0.00,,9,1,material-lib
7331349590660205887,海浪压在岩石上的艺术航拍,背景,0.00,,9,1,material-lib
7331454990692715826,传统的英国风景,背景,0.00,,9,1,material-lib
7329536620636523813,端午节粽子肉粽,背景,0.00,,9,1,material-lib
7331382565607132442,柚木是用来做墙壁和墙壁的泰国风格的房子。,背景,0.00,,9,1,material-lib
7323378102883601701,美丽的年轻异国风情的肚皮舞长黑发在不寻常的西装开始摇动她的臀部，在白色,背景,0.00,,5,1,material-lib
7326906941903539510,抽象的色彩丰富的满月大气与星星在日落的天空,背景,0.00,,9,1,material-lib
7331392348099726642,“Keep warm and love”牌竖立在黄色树叶环绕的木屋旁。斯堪的纳维亚或美国风格的木框海报。采购产品乡村复古棕色纹理背景，家居装饰，旗帜，框架,背景,0.00,,9,1,material-lib
7331113195874028812,莱夫卡达灯塔航拍旅游地标,背景,0.00,,9,1,material-lib
7325409538906033447,亚洲风中国风民族潮古风传统古典祥云牡丹底纹海报贺卡背景墙装饰画,背景,0.00,,9,1,material-lib
7331040496036433203,无人机拍摄的香港西贡赛龙舟,背景,0.00,,9,1,material-lib
7331429855008967946,泰国卧佛寺的中国风格雕塑和泰国艺术建筑。,背景,0.00,,9,1,material-lib
7331374834997415231,外星人orb的星球,背景,0.00,,9,1,material-lib
7331345780000754956,夏季蓝天下的山川航拍景观,背景,0.00,,9,1,material-lib
7331368511345790218,抽象水彩画。蓝色和金色帆布大理石纹理的背景。酒精墨水。,背景,0.00,,9,1,material-lib
7331370342918720805,水彩红色圣诞球与快乐的节日文字在白色的背景。水彩画插图。,背景,0.00,,9,1,material-lib
7331426651345112330,法国风景海滩海洋,背景,0.00,,9,1,material-lib
7331366530661338387,蓝色花的框架。水彩手绘花。贺卡。婚礼邀请的设计。装饰性的角落,背景,0.00,,9,1,material-lib
7331369612635901235,柠檬片，成熟的亮黄色果实。无缝图案，无穷无尽，手绘水彩。设计布料、厨房毛巾和桌布、包装、文具,背景,0.00,,9,1,material-lib
7322885889275841802,英格兰圣奥尔本斯镇的英国风景最美丽的乡村镜头,背景,0.00,,5,1,material-lib
7331375757400362266,电影星球地球渲染,背景,0.00,,9,1,material-lib
7331330018309639451,西方航海,背景,0.00,,9,1,material-lib
7331427260081196297,在异国风情的度假胜地享受暑假,背景,0.00,,9,1,material-lib
7331338976587943195,航拍在破浪之上，纹理，图案,背景,0.00,,9,1,material-lib
7323315372348755250,自然漂浮的有机颗粒在美丽的放松背景。闪烁粒子与散景。缓慢的运动。,背景,0.00,,5,1,material-lib
7331372294754848009,令人惊叹的日落或日出天空在海上景观，美丽的彩色光的自然海景背景，无人机航拍海洋背景,背景,0.00,,9,1,material-lib
7322903765600800037,蓝色水中闪烁粒子的抽象背景环,背景,0.00,,5,1,material-lib
7331398891721559305,水疗和按摩项目在橙色泰国风格垫子,背景,0.00,,9,1,material-lib
7330990694871485707,龙舟paddels,背景,0.00,,9,1,material-lib
7331465118695361829,非常漂亮的海岸航拍照片,背景,0.00,,9,1,material-lib
7331122401092177190,亚洲风中国风民族潮古风传统古典吉祥彩云吊车遮阳海报贺卡背景墙装饰画,背景,0.00,,9,1,material-lib
7331433449087126834,英国风景-北德文郡海岸线(Baggy Point和Branstaple Bay),背景,0.00,,9,1,material-lib
7326982368412093708,抽象的色彩缤纷的花朵。水彩花卉分支。,背景,0.00,,9,1,material-lib
7331367297203850507,日出时威尼斯泻湖和丽都岛的航拍全景图,背景,0.00,,9,1,material-lib
7331407179435494693,怀普拉公庙在中国风格的泰国清莱,背景,0.00,,9,1,material-lib
7325018840461544740,荷花水彩画框。,背景,0.00,,9,1,material-lib
7322878705326361895,有沙丘的沙漠自然景观。美丽的美国风景鸟瞰图。,背景,0.00,,5,1,material-lib
7331114766603144484,紫喜鹊梯田是中国风景区、自然文化遗产、水利风景区。,背景,0.00,,9,1,material-lib
7004579828544343328,中秋节片头素材,背景,0.00,,5,1,material-lib
7331472115113200906,紫黄抽象艺术背景,背景,0.00,,9,1,material-lib
7322862347624647974,美丽的女孩在海滩上跳着异国风情的舞蹈,背景,0.00,,5,1,material-lib
7326219885443321124,粽子、蒸熟的粽子放在蒸笼上的木桌上，端午节著名美食端午设计理念，拉近，复制空间。,背景,0.00,,9,1,material-lib
7322935791015955738,Mookata泰国烧烤平底锅泰国风格,背景,0.00,,5,1,material-lib
7322852698129435954,令人惊叹的美丽的普吉岛海滩与海浪冲击在沙滩上的泰国风景粉红色的沙滩海和清澈的蓝色天空在夏天的泰国普吉岛海滩,背景,0.00,,5,1,material-lib
7331472172742872347,三维线框抽象背景渲染与移动线,背景,0.00,,9,1,material-lib
7331326246766300454,3d渲染中国风格背景,背景,0.00,,9,1,material-lib
7331390711624912139,航拍中国婺源美丽的乡村风光,背景,0.00,,9,1,material-lib
7331305563059408165,云影下的中国日岳山、公路和黄色田野的航拍照片。,背景,0.00,,9,1,material-lib
7331392749448613131,3d渲染中国风格背景,背景,0.00,,9,1,material-lib
7322908265392770313,动画绿色圈中国风格的隔离与黑色背景为模板。,背景,0.00,,5,1,material-lib
7323389253986028838,鸟瞰图，缩小移动。在北威尔士的丘陵，大海，斯诺登尼亚山脉背景的无人机全景日落,背景,0.00,,5,1,material-lib
7331309628002782475,航拍鲍威尔湖,背景,0.00,,9,1,material-lib
7323384845869108507,抽象的红色烟雾背景，美丽的发光波从空气与粒子的能量和魔力。屏幕保护程序，视频在4k，运动图形设计-库存视频,背景,0.00,,5,1,material-lib
7331104732330708275,犹他州I-70 -航拍,背景,0.00,,9,1,material-lib
7331420750429048114,春天盛开的英国风信子,背景,0.00,,9,1,material-lib
7328293044179029285,滨海湾龙舟比赛后的庆祝活动,背景,0.00,,9,1,material-lib
7331396117596359946,法国风景海滩海洋,背景,0.00,,9,1,material-lib
7322873253016505609,泰国帕塔隆帕拉村的泰国风格渔具,背景,0.00,,5,1,material-lib
7331365699060911386,散焦模糊透明蓝色透明平静水面纹理与飞溅反射。新潮抽象的自然背景。水波在阳光下与复制空间。蓝色水彩光泽。,背景,0.00,,9,1,material-lib
7331314094160596265,中国新年风格的金色边框圆底座与圆窗和中国风格的水波图案在黄色抽象的背景,背景,0.00,,9,1,material-lib
7331088318525902121,粽子-粽子在蒸笼上的木桌黑色复古背景为端午节庆祝，近距离，复制空间。,背景,0.00,,9,1,material-lib
7323293241707597066,航拍森林和河流,背景,0.00,,5,1,material-lib
7331366475351084327,水和沙图案的航拍,背景,0.00,,9,1,material-lib
7323223448753327379,做粽子。端午节的传统粽子,背景,0.00,,9,1,material-lib
7331378584491199783,全景航拍在夜间照亮的大教堂圣母德富尔维埃-里昂,背景,0.00,,9,1,material-lib
7331391628634066187,卡帕多西亚童话烟囱日落航拍无人机照片土耳其,背景,0.00,,9,1,material-lib
7331328391829851419,越南富寿茶园的航拍图片。,背景,0.00,,9,1,material-lib
7331323066070338870,在阳光明媚的日子里，航拍的奥地利雪山,背景,0.00,,9,1,material-lib
7331376642566163739,航拍沙滩和波浪夏季早晨美丽的热带海洋图像由航拍无人机拍摄，高角度视图夏季海浪,背景,0.00,,9,1,material-lib
7331397411862088997,幻想外星球。岩石和湖,背景,0.00,,9,1,material-lib
7331439535882079525,黑白肖像漂亮的法国风格悲伤严肃的女孩,背景,0.00,,9,1,material-lib
7331367600296938790,美丽的航拍全景纽约。2023年左右曼哈顿和哈德逊河的景色,背景,0.00,,9,1,material-lib
7331367312529935627,水彩手绘紫花勿忘我紫罗兰花叶枝花卉组成花束孤立艺术,背景,0.00,,9,1,material-lib
7326605787172801819,铜金闪闪发光的纹理闪闪发光的包装纸背景为圣诞假期季节性壁纸装饰，问候和婚礼邀请卡设计元素,背景,0.00,,9,1,material-lib
7323208697415519539,韩国火锅“Budae Jjigae”或“Army Stew”是融合了美国风味的韩国美食,背景,0.00,,5,1,material-lib
7323344267080928562,一个男人的剪影与音乐会舞台灯光,背景,0.00,,5,1,material-lib
7331371024686107941,新西兰——令人惊叹的可疑声音峡湾的航拍，新西兰,背景,0.00,,9,1,material-lib
7331365197078105394,冬季日落时云杉林的航拍照片,背景,0.00,,9,1,material-lib
7328177594971491610,中国龙舟系列,背景,0.00,,9,1,material-lib
7324639931517799692,荷花水彩画框。,背景,0.00,,9,1,material-lib
7331367901020179724,植物学风格的圆形框架铅笔水彩覆盖森林秋天浆果地点设计明信片与一个地方的铭文在白色背景,背景,0.00,,9,1,material-lib
7331414624106990886,土耳其奥斯曼帝国风格的水龙头,背景,0.00,,9,1,material-lib
7331359916868799807,农田航拍照片。从飞机上往地面看。金色的沙滩,背景,0.00,,9,1,material-lib
7331408275704925449,伟大的英国风景-托贝赛船会烟花表演,背景,0.00,,9,1,material-lib
7331472864396217610,黑色背景上的桑迪爆炸。,背景,0.00,,9,1,material-lib
7331398067435998501,复古的形象风格在粉红色的睡莲或莲花折叠泰国风格的白色蜡烛灯与红色的散景背景,背景,0.00,,9,1,material-lib
7331443519648697626,土耳其奥斯曼帝国风格的水龙头,背景,0.00,,9,1,material-lib
7331115477491567910,木龙舟3d渲染中国节日。,背景,0.00,,9,1,material-lib
7322528029723381042,航拍日出在薄雾森林与阳光在山上,背景,0.00,,5,1,material-lib
7323307828024708390,流畅的艺术绘画视频，时尚的丙烯纹理与流动的效果。液体颜料混合背景与飞溅和漩涡。详细的背景运动与白色，蓝色和薄荷溢出颜色。,背景,0.00,,5,1,material-lib
7323383631802600730,3d动画最小抽象球体循环背景…,背景,0.00,,5,1,material-lib
7331182716420918578,一位年长的亚洲华人妇女在她的厨房里准备粽子，把配料包好，为端午节做准备,背景,0.00,,9,1,material-lib
7323386263048949001,闪闪发光的黄色尘埃颗粒与闪烁的灯光抽象的背景,背景,0.00,,5,1,material-lib
7331366789642833188,水彩花圈/框架，绿色的叶子，粉红色的桃红的花朵和树枝。,背景,0.00,,9,1,material-lib
7331367368674790693,无缝边界的水彩热带绿叶，垂直无尽的藤本植物，丛林自然，孤立在白色的背景上,背景,0.00,,9,1,material-lib
7331366733745278271,抽象色彩斑斓的水彩画纸底色纹理,背景,0.00,,9,1,material-lib
7331366211432746259,水彩鸟和棉花半花环卡片,背景,0.00,,9,1,material-lib
7323385024118623514,雨点落在香蕉树的背景下,背景,0.00,,5,1,material-lib
7331376312742858003,风景如画的海岸线航拍照片，蓝绿色的海洋和白色的沙滩,背景,0.00,,9,1,material-lib
7323385961583299849,黑白抽象几何背景的3d动画,背景,0.00,,5,1,material-lib
7323277865435270437,两名亚洲工程师在统一检查工程师准备和进度检查一个风力涡轮机与安全在泰国风电场。,背景,0.00,,5,1,material-lib
7323385672365133107,抽象的数字背景与发光的霓虹粒子向上飞行。一束发光的明亮粒子线的运动。无缝循环抽象背景,背景,0.00,,5,1,material-lib
7331471871529045274,金龙中国自然背景的一种动态模糊。,背景,0.00,,9,1,material-lib
7331352061994454298,航拍一艘货船和其他船只在公海上,背景,0.00,,9,1,material-lib
7322917811146345737,英格兰圣奥尔本斯镇的英国风景最美丽的乡村镜头,背景,0.00,,5,1,material-lib
7322736311738174729,美丽的电影航拍森林在冬天在一个山峰上,背景,0.00,,5,1,material-lib
7323387631943879962,年轻人在虚拟现实头盔做赢家手势在明亮的聚光灯背景,背景,0.00,,5,1,material-lib
7331470691033763099,抽象的混凝土背景，双重曝光,背景,0.00,,9,1,material-lib
7326417078540324147,翠鸟荷花水彩画,背景,0.00,,9,1,material-lib
7323388039986711859,风向标在移动云背景,背景,0.00,,5,1,material-lib
7323424623255702821,带有亚洲元素的端午节,背景,0.00,,9,1,material-lib
7331370945162136859,水彩心花,背景,0.00,,9,1,material-lib
7331473651050482995,五颜六色的水彩背景。画笔手绘,背景,0.00,,9,1,material-lib
7331112878499482890,印尼龙目岛吉利岛海滩无人机航拍景观,背景,0.00,,9,1,material-lib
7331275053813861686,天空和雪山镜像在拉古纳德尔印加/波蒂略滑雪度假村,背景,0.00,,9,1,material-lib
7331338416052882699,中国上海的日出全景航拍图,背景,0.00,,9,1,material-lib
7331360367739784474,斯洛文尼亚布莱德湖的航拍全景,背景,0.00,,9,1,material-lib
7331365777951493388,抽象水彩现代平面几何液体形态形成无缝图案。,背景,0.00,,9,1,material-lib
7323185464981130535,节日快乐，红色小熊软糖，白色背景,背景,0.00,,9,1,material-lib
7323338077131361546,泰国风格的鼓,背景,0.00,,5,1,material-lib
7331377431548300554,墨西哥下加利福尼亚海滩的航拍图,背景,0.00,,9,1,material-lib
7323267585112345865,带有移动和闪烁粒子的抽象背景。闪烁的粒子，粒子的随机运动。美丽放松的背景。闪烁粒子与散景,背景,0.00,,5,1,material-lib
7331326659016133898,航拍的城市商业区在日落，上海，中国,背景,0.00,,9,1,material-lib
7322854640930819369,驾驶汽车，在美国加州公路旅行，从汽车上看。在美国搭便车旅行。高速公路，山脉和多云戏剧性的天空前暴雨。美国风景道。乘客的观点,背景,0.00,,5,1,material-lib
7322912301315542298,泰国妇女烹饪烤虾或对虾在火炉泰国风格在户外,背景,0.00,,5,1,material-lib
7331470918813863219,色彩斑斓的画背景,背景,0.00,,9,1,material-lib
7331375259649576204,滑雪胜地冬季日出时雪山的航拍图。日落时分，在山间山谷和蜿蜒的村庄上空嗡嗡作响。高加索山峰的天际线在粉红色的余辉中。,背景,0.00,,9,1,material-lib
7331368286652763431,水彩野花无缝图案。手绘花卉背景制作的草本，茎，叶和植物。夏季植物装饰与垃圾纹理。飞溅的是斑点和水滴。时装设计,背景,0.00,,9,1,material-lib
7331369568067276058,西瓜的模式。水彩插图。手绘,背景,0.00,,9,1,material-lib
7322893144616455475,金粒子。自然漂浮的有机颗粒在美丽的背景。闪烁粒子与散景。缓慢的运动。,背景,0.00,,5,1,material-lib
7331456823158918409,韩国首尔北川韩屋村的传统韩国风格建筑，背景为北首尔塔。,背景,0.00,,9,1,material-lib
7323275616743083315,美丽的女孩在大自然中跳着异国风情的舞蹈,背景,0.00,,5,1,material-lib
7322877232857255187,手工制作的泰国风格伞画,背景,0.00,,5,1,material-lib
7331351494412832050,航拍从海浪和手写的幸福在海滩,背景,0.00,,9,1,material-lib
7331351915839671615,数字渲染未来建筑或技术背景在高科技风格类似交叉图形。,转场,0.00,,9,1,material-lib
7331296313448910130,未来建筑的商业理念，全景俯瞰建筑顶部。,转场,0.00,,9,1,material-lib
7331192689964207370,霓虹辉光未来走廊隧道深蓝绿色旗帜背景壁纸未来建筑3D渲染,转场,0.00,,9,1,material-lib
7331423875294596390,在展厅或现代展厅，混凝土地面的几何形状结构与空白的灰色墙壁背景，未来建筑的施工技术-抽象的室内设计3d插图,转场,0.00,,9,1,material-lib
7331259782738840868,愤怒，疲惫，烦恼，疲惫的人们住在大都市的概念。在后面，后面近距离观看照片肖像哭泣，悲伤，不快乐，难过的女士关闭耳朵未来建筑的背景,转场,0.00,,9,1,material-lib
7322691451630931226,好看、严肃、自信、聪明的年轻女性设计师，留着脏辫，在现代设计办公室检查未来建筑模型的细节，4k,转场,0.00,,5,1,material-lib
7322373971939265804,佛罗里达州巴布科克牧场完成的社区和未来建筑鸟瞰图,转场,0.00,,5,1,material-lib
7321992657784278299,日落时桥的鸟瞰图。现代未来建筑,转场,0.00,,5,1,material-lib
7327169444055239945,穿着飘逸的白裙子的漂亮女孩。飘逸的面料,转场,0.00,,9,1,material-lib
7331375307699637516,房地产的概念。摘要商业现代城市城市未来建筑背景。动态模糊，在高层摩天楼立面玻璃上反射，以散景调蓝画面,转场,0.00,,9,1,material-lib
7331238580452347147,3D的高楼玻璃建筑和暗色的钢窗系统在湛蓝明朗的天空背景下，未来建筑的商业理念，仰望建筑的转角。,转场,0.00,,9,1,material-lib
7331041922766703926,米兰大教堂-从白天到夜晚的时间切片,转场,0.00,,9,1,material-lib
7331158214731517247,3D的高楼玻璃建筑和暗色的钢窗系统在湛蓝明朗的天空背景下，未来建筑的商业理念，仰望建筑的转角。,转场,0.00,,9,1,material-lib
7322170174696656139,节点和未来建筑的无限符号动画。Metaverse世界背景,转场,0.00,,5,1,material-lib
7322726145324043532,女性商务人士在现代未来建筑俯瞰湖泊城市全景窗口,转场,0.00,,5,1,material-lib
7331238001609067839,3D的高楼玻璃建筑和暗色的钢窗系统在湛蓝明朗的天空背景下，未来建筑的商业理念，仰望建筑的转角。,转场,0.00,,9,1,material-lib
7331165221840489754,Emdark未来建筑太空站内部3d渲染插图,转场,0.00,,9,1,material-lib
7321704230279073078,在一个抽象的未来主义的蓝色内部飞行。霓虹荧光灯点亮的走廊。未来建筑的背景。有金属墙的盒子。无缝循环3d渲染,转场,0.00,,5,1,material-lib
7327055133315960075,模糊的彩虹光折射纹理的白色墙壁,转场,0.00,,9,1,material-lib
7331432107157310771,白色建筑空间的抽象，未来建筑设计的概念，3D插图。,转场,0.00,,9,1,material-lib
7329703516967144713,抽象明亮背景与光折射和金色粒子,转场,0.00,,9,1,material-lib
7322874490030017818,金属未来建筑与辉光流可循环的3D渲染动画,转场,0.00,,5,1,material-lib
7322755995766164786,飘逸的面料,转场,0.00,,5,1,material-lib
7331288998750555418,未来建筑城市景观,转场,0.00,,9,1,material-lib
7009190772742294792,赛博朋克片头转场 进度条,转场,0.00,,5,1,material-lib
6969200777839578375,简约风 3秒倒计时,转场,0.00,,5,1,material-lib
7331164078284606759,科幻未来建筑金属网格飞船虚拟白蓝色电影发光反射垃圾混凝土隧道走廊优雅的黑暗背景未来3D渲染,转场,0.00,,9,1,material-lib
7322942334331522342,女孩穿着飘逸的连衣裙翩翩起舞。夕阳西下，天空中一个芭蕾舞演员的剪影。,转场,0.00,,5,1,material-lib
7323413701392928036,穿着飘逸的白裙子的漂亮女孩。飘逸的面料,转场,0.00,,9,1,material-lib
7331340276868386102,蓝天背景下的高层玻璃办公大楼和深色钢窗系统，未来建筑的商业理念，用阳光望向建筑顶部。3 d渲染。,转场,0.00,,9,1,material-lib
7321796872664780086,泰国曼谷隆皮尼中央公园。摩天大楼和现代未来建筑的城市全景。公园里的湖和天鹅游艇。倒影在水中。,转场,0.00,,5,1,material-lib
7321960637859515698,抽象橘色房间内设有橘色霓虹灯、荧光灯。未来建筑的背景。混凝土墙箱体。模型为您的设计项目。3d动画循环4K,转场,0.00,,5,1,material-lib
7322431707846577449,丝绸缎子优雅飘逸的背景圈黑色,转场,0.00,,5,1,material-lib
7321820294044208396,飘逸的白布，慢动作,转场,0.00,,5,1,material-lib
7322774673714957618,未来建筑无人机小型交通5号高速公路欧文加州晴朗，多云。,转场,0.00,,5,1,material-lib
7330862252180000011,现代城市城市未来建筑的反映,转场,0.00,,9,1,material-lib
7322680982363016467,金融业务背景。未来建筑高层建筑。,转场,0.00,,5,1,material-lib
7331319563784604940,带有霓虹灯的抽象蓝色室内或走廊。日光灯。未来建筑的背景。霓虹灯照亮室内空间的3d插图。模型为您的设计项目,转场,0.00,,9,1,material-lib
7321698539493526847,天际线上的未来建筑,转场,0.00,,5,1,material-lib
7331336740860448026,摘要商业现代城市城市未来建筑背景。房地产概念，动态模糊，高层摩天楼立面的玻璃反射，色调蓝色的画面与散景,转场,0.00,,9,1,material-lib
7010410673830153479,_ 10.1国庆节 国庆大气金色十一国庆晚会片头视频 ,转场,0.00,,5,1,material-lib
7331131392560057619,穿着飘逸的白裙子的漂亮女孩。飘逸的面料,转场,0.00,,9,1,material-lib
7331263702710209846,白色延长线是未来建筑的人工空间背景,转场,0.00,,9,1,material-lib
7331119412113657114,模糊彩虹光折射纹理叠加效果的照片和模型。白墙上的有机对角全息耀斑。阴影为自然光效果,转场,0.00,,9,1,material-lib
7322294413424659731,帅气、自信、聪明、大胡子、30岁的工程师设计师在设计办公室用平板电脑总结未来建筑的计算,转场,0.00,,5,1,material-lib
7325944027507854619,穿着飘逸的白裙子的漂亮女孩。飘逸的面料,转场,0.00,,9,1,material-lib
7331244941332450572,3D模拟高楼曲线的玻璃建筑和暗色钢窗系统在湛蓝明朗的天空背景下，未来建筑的商业理念，仰望建筑的转角。,转场,0.00,,9,1,material-lib
7331335469524929818,摘要商业现代城市城市未来建筑背景。房地产概念，动态模糊，高层摩天楼立面的玻璃反射，色调蓝色的画面与散景,转场,0.00,,9,1,material-lib
7325999610390957362,穿着飘逸的白裙子的漂亮女孩。飘逸的面料,转场,0.00,,9,1,material-lib
7322811935664229641,泰国曼谷隆皮尼中央公园。摩天大楼和现代未来建筑的城市全景。公园里的湖和天鹅游艇。倒影在水中。,转场,0.00,,5,1,material-lib
7331215847559580982,3D的高楼现代玻璃建筑与钢窗系统在蔚蓝的天空背景下，未来建筑的商业理念，仰望建筑的转角。三维渲染,转场,0.00,,9,1,material-lib
7322177479907478803,讨人喜欢的满足成功自信的35岁建筑师的正面视图，他们在设计办公室窗口附近谈话，并就未来建筑的项目提供建议，4k,转场,0.00,,5,1,material-lib
7321696881858383154,未来建筑师办公室和触摸屏,转场,0.00,,5,1,material-lib
7321902385209675071,未来建筑3D科幻隧道金属黑色拖车4k动画视频。,转场,0.00,,5,1,material-lib
7322673656369286439,未来建筑室内,转场,0.00,,5,1,material-lib
7331231905112689956,3D模拟高楼曲线的玻璃建筑和暗色钢窗系统在湛蓝明朗的天空背景下，未来建筑的商业理念，仰望建筑的转角。,转场,0.00,,9,1,material-lib
7322138821015964940,泰国曼谷隆皮尼中央公园。摩天大楼和现代未来建筑的城市全景。公园里的湖和天鹅游艇。倒影在水中。,转场,0.00,,5,1,material-lib
7322058247895026954,关于未来建筑的动画。,转场,0.00,,5,1,material-lib
7331159539766562087,白色建筑结构图案的抽象，未来建筑设计的概念，三维渲染,转场,0.00,,9,1,material-lib
7322410918078319891,阿联酋迪拜——2022年10月10日:迪拜铁路上的地铁列车，以未来博物馆和未来建筑为背景。FPV POV在快速驱动运动。无人驾驶地铁,转场,0.00,,5,1,material-lib
7331293729157926163,3D模拟高楼曲线的玻璃建筑和暗色钢窗系统在湛蓝明朗的天空背景下，未来建筑的商业理念，仰望建筑的转角。,转场,0.00,,9,1,material-lib
7331341994926624019,3D模拟高楼曲线的玻璃建筑和暗色钢窗系统在湛蓝明朗的天空背景下，未来建筑的商业理念，仰望建筑的转角。,转场,0.00,,9,1,material-lib
7331202361114791206,未来建筑表面抽象、结构设计节奏、现代建筑格局、三维渲染,转场,0.00,,9,1,material-lib
7323274433592839474,模型展示未来建筑阴天特写。画像商务女士。,转场,0.00,,5,1,material-lib
7325012295187303699,飘逸的面料,转场,0.00,,9,1,material-lib
7329451580556594482,橙色百合与光折射数字改变的背景,转场,0.00,,9,1,material-lib
7321661895658818826,黑色抽象房间内设有白光霓虹灯、荧光灯。未来建筑的背景。混凝土墙箱体。模型为您的设计项目。3d动画循环4K,转场,0.00,,5,1,material-lib
7327469485487607066,穿着飘逸的白裙子的漂亮女孩。飘逸的面料,转场,0.00,,9,1,material-lib
7322776488921632051,泰国曼谷隆皮尼中央公园。摩天大楼和现代未来建筑的城市全景。公园里的湖和天鹅游艇。倒影在水中。,转场,0.00,,5,1,material-lib
7322218667880615180,高相机视角变焦黑色数字未来建筑，3D渲染镜头。,转场,0.00,,5,1,material-lib
7331276024841309481,"未来建筑金属穿孔立面的对角线视图，带有宽窗孔空间和休息区。生态设计,外观。流动的形状。",转场,0.00,,9,1,material-lib
7331302176876170550,3D模拟高楼曲线的玻璃建筑和暗色钢窗系统在湛蓝明朗的天空背景下，未来建筑的商业理念，仰望建筑的转角。三维渲染,转场,0.00,,9,1,material-lib
7331179027547311423,蓝天背景下的高层玻璃建筑和深色钢窗系统，未来建筑的商业理念，仰望建筑顶部的阳光。三维渲染,转场,0.00,,9,1,material-lib
7322051533292490022,泰国曼谷隆皮尼中央公园。摩天大楼和现代未来建筑的城市全景。公园里的湖和天鹅游艇。倒影在水中。,转场,0.00,,5,1,material-lib
7322222415843560745,好看的现代严肃高技能的胡须建筑师戴着眼镜，在设计工作室与未来建筑模型一起工作时在i-pad上做笔记,转场,0.00,,5,1,material-lib
7326604991031037235,穿着飘逸的白裙子的漂亮女孩。飘逸的面料,转场,0.00,,9,1,material-lib
7331367003254508811,施工技术理念，未来建筑施工，工程师设计和规划建筑。,转场,0.00,,9,1,material-lib
7331349238476999974,未来建筑内部3D效果图,转场,0.00,,9,1,material-lib
7331303152186133787,未来的未来建筑。,转场,0.00,,9,1,material-lib
7327792361151434020,柔软，飘逸的面料与星星,转场,0.00,,9,1,material-lib
7322166453225016615,未来建筑3D科幻隧道金属白色4k动画视频。,转场,0.00,,5,1,material-lib
7322323486943366451,天线。未来的迪拜城。利用3D VFX图形进行房地产项目施工现场工业建筑开发。未来建筑发展概念,转场,0.00,,5,1,material-lib
7328339661103893786,模糊彩虹光折射纹理3d渲染。全息梯度耀斑在白墙上。现代潮流抽象充满活力的背景,转场,0.00,,9,1,material-lib
7331336838898126131,3D插图抽象的蓝色房间内部与蓝色霓虹灯。未来建筑的背景。混凝土墙箱体。你的设计项目的模型，,转场,0.00,,9,1,material-lib
7321820256631147813,未来建筑无人机小型交通5号高速公路欧文加州晴朗，多云。,转场,0.00,,5,1,material-lib
7322245899185392946,在未来建筑的屋顶上，落日余晖映照下的海岸为背景，吊钩沿着塔式起重机的吊臂移动,转场,0.00,,5,1,material-lib
7322603899997687090,移动未来的结构。摄像机旋转未来建筑。无缝的动画。,转场,0.00,,5,1,material-lib
7322128596951239947,飘逸的白布，慢动作,转场,0.00,,5,1,material-lib
7331210043074841919,白色建筑图案的抽象，未来建筑立面设计的概念，3d背景渲染,转场,0.00,,9,1,material-lib
7322169301681638692,为建造新房子做准备。土方拖拉机为未来建筑地基做准备。平整新房子的地基,转场,0.00,,5,1,material-lib
7323256117348306202,蓝色背景，未来建筑，3d运动设计，分层纸艺术，4K墙纸，抽象几何图案，圆形动画，同心圆形状。,转场,0.00,,5,1,material-lib
7331340222820535593,数字渲染图像的未来建筑碎片与金属框架和结构玻璃。曲线多层网格结构。抽象的建筑或工业背景，高科技风格。,转场,0.00,,9,1,material-lib
7322049919739497737,3d霓虹led隧道黑暗走廊未来建筑4k,转场,0.00,,5,1,material-lib
7322545495098805558,泰国曼谷隆皮尼中央公园。摩天大楼和现代未来建筑的城市全景。公园里的湖和天鹅游艇。倒影在水中。,转场,0.00,,5,1,material-lib
7322875502237158706,3D未来建筑在旋转时反射,转场,0.00,,5,1,material-lib
7331304453481483530,模糊的彩虹光折射纹理叠加效果的照片和模型。白色墙上的有机全息光斑。自然光线效果的阴影,转场,0.00,,9,1,material-lib
7322843537639312652,女性商务人士在现代未来建筑俯瞰湖泊城市全景窗口,转场,0.00,,5,1,material-lib
7331431923476106534,白色图案空间的抽象，未来建筑设计的透视,转场,0.00,,9,1,material-lib
7331258883404467468,蓝天背景下的高层玻璃建筑和深色钢窗系统，未来建筑的商业理念，仰望建筑顶部的阳光。三维渲染,转场,0.00,,9,1,material-lib
7331251906108607783,双曝光未来建筑工程项目的概念向平面设计合作伙伴开放,转场,0.00,,9,1,material-lib
7321855123930533171,飘逸的面料,转场,0.00,,5,1,material-lib
7023288834926415117,卡通转场动画,转场,0.00,,5,1,material-lib
7326644037539155237,抽象的未来概念波数据点流。量子虚拟加密。人工智能业务可视化。大数据。,转场,0.00,,9,1,material-lib
7331331485624012070,钢铁和玻璃摩天大楼的现代未来建筑碎片,转场,0.00,,9,1,material-lib
7322751300024700187,未来建筑立面由金属骨架和玻璃制成,转场,0.00,,5,1,material-lib
7331207592712178998,3D模拟高楼曲线的玻璃建筑和暗色钢窗系统在湛蓝明朗的天空背景下，未来建筑的商业理念，仰望建筑的转角。,转场,0.00,,9,1,material-lib
7331277166115573055,未来建筑内部3D效果图,转场,0.00,,9,1,material-lib
7323286916130934067,一位建筑工地的女工程师戴着虚拟现实眼镜移动双手，模拟未来建筑施工创新控制界面的工作。,转场,0.00,,5,1,material-lib
7331330451136646419,近距离的冰与蓝色和橙色的光折射通过它,转场,0.00,,9,1,material-lib
7331303914899377445,几何形状的结构，灰色混凝土地板与白色墙壁背景的大厅或现代展厅。未来建筑的施工技术。,转场,0.00,,9,1,material-lib
6969200708755279140,潮酷片头 loading界面加载中,转场,0.00,,5,1,material-lib
7322115058098638106,檀香山美丽的大海和未来建筑的无人机视图4k,转场,0.00,,5,1,material-lib
7331306775091694867,概念未来建筑3d渲染,转场,0.00,,9,1,material-lib
7323930173940829481,紫罗兰色飘逸的面料，美丽的浅色渐变背景,转场,0.00,,9,1,material-lib
7322799737302781222,泰国曼谷隆皮尼中央公园。摩天大楼和现代未来建筑的城市全景。公园里的湖和天鹅游艇。倒影在水中。,转场,0.00,,5,1,material-lib
7322201486740442387,白光背景、建筑未来建筑、3d运动设计、分层纸艺术、循环动画4K墙纸、抽象几何图案、圆形动画、同心圆形状,转场,0.00,,5,1,material-lib
7322306306612792612,粉色背景，未来建筑，3d运动设计，分层纸艺术，4K墙纸，抽象几何图案，圆形动画，同心形状。,转场,0.00,,5,1,material-lib
7322517642089155903,快乐微笑的肖像经验丰富的现代年轻建筑师与未来建筑的木制模型在设计办公室一起工作，使用来自笔记本电脑和增强现实眼镜的信息,转场,0.00,,5,1,material-lib
7331194278263131403,3D模拟高楼曲线的玻璃建筑和暗色钢窗系统在湛蓝明朗的天空背景下，未来建筑的商业理念，仰望建筑的转角。,转场,0.00,,9,1,material-lib
7331163082531605811,太阳能电池板停车场制造工厂屋顶蓝天多云复制空间创新维修设施未来建筑站产业结构发电机清洁绿色环境生态,转场,0.00,,9,1,material-lib
7323962153306803506,秋女人艺术，秋叶服饰的时尚模特，艺术飘逸的面料,转场,0.00,,9,1,material-lib
7322239980095425828,一位建筑工地的女工程师戴着虚拟现实眼镜移动双手，模拟未来建筑施工创新控制界面的工作。,转场,0.00,,5,1,material-lib
7322579428771368228,好看、有经验、时尚、成功的30-35年代的建筑师在现代设计办公室审查未来建筑的蓝图，4k,转场,0.00,,5,1,material-lib
7331336845755731241,蓝天背景下的高层玻璃建筑和深色钢窗系统，未来建筑的商业理念，仰望建筑顶部的阳光。三维渲染,转场,0.00,,9,1,material-lib
7322322563235958026,迷人的集中年轻的现代女性设计师与雷鬼辫工作在增强现实眼镜与构建的未来建筑模型在她的男性大胡子同事在笔记本电脑上工作,转场,0.00,,5,1,material-lib
7331180054505852198,以蓝天为背景的玻璃建筑，未来建筑的经营理念，仰望楼顶的灯光。3 d渲染。,转场,0.00,,9,1,material-lib
7329631490961083687,飘逸的面料,转场,0.00,,9,1,material-lib
7322909015992716594,飘逸的白布，慢动作,转场,0.00,,5,1,material-lib
7322129860019768617,飞行通过未来建筑隧道与打开的金属门和移动到白光。抽象科幻3d动画与阿尔法磨光。,转场,0.00,,5,1,material-lib
7322835339536633100,泰国曼谷隆皮尼中央公园。摩天大楼和现代未来建筑的城市全景。公园里的湖和天鹅游艇。倒影在水中。,转场,0.00,,5,1,material-lib
7331193334955904267,钢铁划痕未来建筑设计界,转场,0.00,,9,1,material-lib
7322714766902906123,3d渲染动画，一个孤独的旅行者在未来建筑几何形状和墙壁,转场,0.00,,5,1,material-lib
7331336608790187302,白色延长线是未来建筑的人工空间背景,转场,0.00,,9,1,material-lib
7321901278794140938,未来建筑动画3D,转场,0.00,,5,1,material-lib
7321570894336298291,飘逸的面料,转场,0.00,,5,1,material-lib
7328426768178679050,蓝色的飘逸的面料,转场,0.00,,9,1,material-lib
7331228019836636453,3D渲染未来建筑,转场,0.00,,9,1,material-lib
7322121310304210195,抽象的绿色房间内设有绿色发光的霓虹灯、荧光灯。未来建筑的背景。混凝土墙箱体。模型为您的设计项目。3d动画循环4K,转场,0.00,,5,1,material-lib
7322149341529918731,抽象的未来主义白色走廊由盒子组成。未来建筑的背景。三维动画,转场,0.00,,5,1,material-lib
7331360063774280999,3 d渲染。抽象的房间内部有楼梯和白色霓虹灯。未来建筑的背景。一个有混凝土墙的盒子。模型为您的设计项目。,转场,0.00,,9,1,material-lib
7329558783108107571,未来建筑-圆顶-抽象数字生成图像,转场,0.00,,9,1,material-lib
7331228411815415067,具有波浪形外观的现代建筑。现代未来建筑。建筑楼层的低角度视图,转场,0.00,,9,1,material-lib
7321728917138672935,可爱的、满意的、高技能的、成功的大胡子工程师，在他的工作场所以放松的姿势坐着，对他在建筑局未来建筑项目的工作结果感到高兴，4k,转场,0.00,,5,1,material-lib
7326558003862326539,美丽的年轻女孩跳舞。飘逸的面料,转场,0.00,,9,1,material-lib
7331201644966776075,水纹理与太阳反射的水覆盖效果的照片或模型。有机光灰投影与波和水循环光折射的焦散效应。带有复制空间的横幅,转场,0.00,,9,1,material-lib
7322684694452047131,在关于未来建筑的联席会议上，英俊成功的技术型大胡子总工程师签署了女建筑师的施工报告,转场,0.00,,5,1,material-lib
7331305249237519626,芝加哥市中心城市景观-白天到晚上的时间切片,转场,0.00,,9,1,material-lib
7331172930551942437,现代未来建筑,转场,0.00,,9,1,material-lib
7322378082021559602,未来建筑工地地面平移拍摄,转场,0.00,,5,1,material-lib
7321843158193671475,女性商务人士在现代未来建筑俯瞰湖泊城市全景窗口,转场,0.00,,5,1,material-lib
7321889917120924979,可爱的自信积极幸运的胡须建筑师看着未来建筑的木制模型设计办公室全景窗户,转场,0.00,,5,1,material-lib
7331052665738104114,穿着飘逸的白裙子的漂亮女孩。飘逸的面料,转场,0.00,,9,1,material-lib
7331294177587678473,未来建筑抽象建筑背景,转场,0.00,,9,1,material-lib
7321876217651580199,婚礼当天，新郎牵着新娘纺纱。女人在飘逸的长头纱和飘逸的面料优雅的连衣裙中旋转。浪漫兴奋的新婚夫妇享受婚姻。,转场,0.00,,5,1,material-lib
7322864054488337701,飘逸的面料,转场,0.00,,5,1,material-lib
7331191768618224959,白色半径图案的抽象，未来建筑设计的展望,转场,0.00,,9,1,material-lib
7331354259981749567,3D渲染未来建筑,转场,0.00,,9,1,material-lib
7322790372256664895,抽象的蓝色房间内设有蓝色发光的霓虹灯、荧光灯。未来建筑的背景。混凝土墙箱体。模型为您的设计项目。无缝循环3d动画4K,转场,0.00,,5,1,material-lib
7326701078479736091,摘要梯度液体概念波状组成背景。矢量图,转场,0.00,,9,1,material-lib
7331173304037854514,未来建筑内部,转场,0.00,,9,1,material-lib
7331265911371959579,未来建筑工程项目的概念向平面设计合作伙伴开放,转场,0.00,,9,1,material-lib
7331308438452014362,未来建筑与线和低多边形3D插图,转场,0.00,,9,1,material-lib
7322053917569813810,在明亮的霓虹几何隧道里飞行。未来的技术。现代光谱。房间内部有发光的霓虹灯荧光灯。未来建筑的背景。Seamlees循环3d渲染,转场,0.00,,5,1,material-lib
7322553635433385225,在一个抽象的未来主义的蓝色内部飞行。霓虹荧光灯点亮的走廊。未来建筑的背景。有混凝土墙的盒子。无缝循环3d渲染,转场,0.00,,5,1,material-lib
7331422589820095771,摘要商业现代城市城市未来建筑背景。房地产概念，动态模糊，高层摩天楼立面的玻璃反射，色调蓝色的画面与散景,转场,0.00,,9,1,material-lib
7321641943002385691,在抽象的蓝色和绿色的未来主义内部飞行。霓虹荧光灯点亮的走廊。未来建筑的背景。有混凝土墙的盒子。无缝循环3d渲染,转场,0.00,,5,1,material-lib
7322493910310325515,在建筑行业的概念中，吸引人的成功的专业多元化的男女工程师团队与大胡子的首席工程师举行了关于未来建筑使用蓝图的会议,转场,0.00,,5,1,material-lib
7331118747102579977,模糊梯度光折射叠加效果。抽象的霓虹灯形象,转场,0.00,,9,1,material-lib
7331379238387354899,摘要商业现代城市城市未来建筑背景。房地产概念，动态模糊，高层摩天楼立面的玻璃反射，色调蓝色的画面与散景,转场,0.00,,9,1,material-lib
7331115794081959194,压花玻璃背景。波纹玻璃单色。背光下凹凸不平的透明表面的光折射。白色和灰色的发挥凸显。黑色区域。抽象的背景。,转场,0.00,,9,1,material-lib
7322286239753702692,天线。未来的迪拜城。利用3D VFX图形进行房地产项目施工现场工业建筑开发。未来建筑发展概念,转场,0.00,,5,1,material-lib
7331233140175850778,模糊的彩虹光折射纹理的白色墙壁,转场,0.00,,9,1,material-lib
7322838643628952869,绿色背景，未来建筑，3d运动设计，分层纸艺术，4K墙纸，抽象几何图案，圆形动画，同心圆形状。,转场,0.00,,5,1,material-lib
7023211852763041061,卡通加载中loading 片头转场,转场,0.00,,5,1,material-lib
7323346970280594697,飘逸的云朵和翠绿的桦树,转场,0.00,,5,1,material-lib
7322191668353010963,计算机图形视图，从一个戴头盔的建筑工人的背后，他手里拿着一份蓝图，背景是漂浮的蓝图。未来建筑业务的概念,转场,0.00,,5,1,material-lib
7034980626621123871, 倒计时转场特效,转场,0.00,,5,1,material-lib
7323292931505376563,在一个抽象的未来主义的蓝色内部飞行。霓虹荧光灯点亮的走廊。未来建筑的背景。有混凝土墙的盒子。无缝循环3d渲染,转场,0.00,,5,1,material-lib
6969592931988655397,正在加载的开场视频中间转场过渡素材,转场,0.00,,5,1,material-lib
7331213390716718348,3D的高楼现代玻璃建筑与钢窗系统在蔚蓝的天空背景下，未来建筑的商业理念，仰望建筑的转角。三维渲染,转场,0.00,,9,1,material-lib
7322016421146283301,棋盘隧道3d风格的未来建筑背景能够循环无缝4k,转场,0.00,,5,1,material-lib
7331300829909077285,3D等距游戏的未来建筑,转场,0.00,,9,1,material-lib
7331230930960403749,伦敦的未来建筑,转场,0.00,,9,1,material-lib
7327716762236095781,蓝色的飘逸的面料,转场,0.00,,9,1,material-lib
7321703481541266707,未来建筑城市景观,转场,0.00,,5,1,material-lib
7322043924275563786,建筑结构未来建筑。办公大楼,转场,0.00,,5,1,material-lib
7323930918756945191,紫罗兰色飘逸的面料，美丽的浅色渐变背景,转场,0.00,,9,1,material-lib
7321991815199051018,飘逸的蓝布，慢动作,转场,0.00,,5,1,material-lib
7322031867685850405,在蓝色晴朗的天空背景下，高层玻璃建筑和深色钢窗系统的景色。未来建筑的经营理念，仰望着楼顶的阳光,转场,0.00,,5,1,material-lib
7326322131036294410,穿着飘逸的白裙子的漂亮女孩。飘逸的面料,转场,0.00,,9,1,material-lib
6995092326007721247,转场 简约 圆形遮罩转场,转场,0.00,,5,1,material-lib
7331369767451905343,厚重云层下的未来建筑的灰度镜头,转场,0.00,,9,1,material-lib
7331314181607558463,概念未来建筑3d渲染,转场,0.00,,9,1,material-lib
7322399295494212873,有吸引力的创意、聪明、经验丰富的年轻设计师的肖像，在现代建筑局讨论未来建筑的木制模型，4k,转场,0.00,,5,1,material-lib
7023281135610334477,简约 转场动画,转场,0.00,,5,1,material-lib
7327108401408904484,PVG时间切片,转场,0.00,,9,1,material-lib
7331202977174179082,模糊的彩虹光折射纹理的白色墙壁,转场,0.00,,9,1,material-lib
7331198959773289767,美丽的阳光折射效果在粉红色的背景。焦散线结构,转场,0.00,,9,1,material-lib
7323317491269160219,数字像素噪声故障错误视频损坏,故障动画,0.00,,5,1,material-lib
7331402162464886028,数字故障静态噪声颗粒纹理条纹,故障动画,0.00,,9,1,material-lib
7323345788728282405,抽象的数字动画。旧电视。故障错误视频损坏,故障动画,0.00,,5,1,material-lib
7323332434353736998,信号故障。视频失真,故障动画,0.00,,5,1,material-lib
7323383145212939546,模拟电视VHS噪声故障覆盖,故障动画,0.00,,5,1,material-lib
7331441941898415410,男试图修理他的车，寻找他的汽车引擎盖下，故障问题,故障动画,0.00,,9,1,material-lib
7323302672214363443,彩色的故障，赛博朋克梦幻全息背景,故障动画,0.00,,5,1,material-lib
7331452208258534665,独特设计的抽象数字像素噪声故障错误视频破坏,故障动画,0.00,,9,1,material-lib
6991481449895496997,高科技信号故障背景视频素材 ,故障动画,0.00,,5,1,material-lib
7331389751469067546,印刷电路板短路。失败的电子产品。PCB上的电子元件故障。电子产品维修。有选择性的重点,故障动画,0.00,,9,1,material-lib
7009088692950289700,  故障风  代码界面,故障动画,0.00,,5,1,material-lib
7008925935726546184,赛博朋克    代码 ,故障动画,0.00,,5,1,material-lib
7331436143151451429,认真进取的西班牙裔男性工程师，带着胡茬指着机器，拿着平板电脑，在工厂里查找故障原因,故障动画,0.00,,9,1,material-lib
7331387663594966335,商务，笔记本电脑和人的思维，决定和混乱的最后期限，新项目和时间表。公司，男性员工和经理的设备，故障和问题的交易和投资,故障动画,0.00,,9,1,material-lib
7331387388159216905,建筑物的百叶窗服务。金属板条的调整、调整和维护。有一定角度的百叶窗的办公室窗户。灰色金属门套。防晒，释放，故障,故障动画,0.00,,9,1,material-lib
7331387989152582953,女人使用虚拟现实头盔进入虚拟现实。带有小故障效果的图像。,故障动画,0.00,,9,1,material-lib
7331396466650533159,数字故障系统失真绿线噪声,故障动画,0.00,,9,1,material-lib
7331399448075062591,生产过程的优化有助于提高生产率。生产工程师女在工厂与主管站在一起，使用数码平板电脑跟踪部分机器故障，并在生产线的货架上检查。,故障动画,0.00,,9,1,material-lib
7323289030332779827,闪烁振动睁开眼睛符号，小故障效果动画lo,故障动画,0.00,,5,1,material-lib
7323289786075106569,可循环的带有二进制故障的计算机处理器电路板,故障动画,0.00,,5,1,material-lib
6919727486838312200,毛刺故障机器故障花屏转场,故障动画,0.00,,5,1,material-lib
7331387382853324069,小故障交织抽象纹理小故障未来背景,故障动画,0.00,,9,1,material-lib
7331428107150249267,汽车故障后，司机打电话给保险公司,故障动画,0.00,,9,1,material-lib
6978404326704155912, 几何图形马赛克蒙版遮罩过渡转场动画  ,故障动画,0.00,,5,1,material-lib
7331457513876901170,旧飞机，故障的AN-2农业飞机在草地上的田地里。,故障动画,0.00,,9,1,material-lib
7331391370541698330,"摘要珊瑚橙暗红色背景。模糊纹理。水彩笔刷背景。几何故障艺术数字屏幕。海报,横幅。墙纸。展示卡片。副本的空间。封面设计。广告",故障动画,0.00,,9,1,material-lib
7323309699074428198,超级卖家故障效果文本数字电视失真4K循环动画,故障动画,0.00,,5,1,material-lib
7323294104866098458,计算机屏幕上具有故障效果的数字线和元素图案,故障动画,0.00,,5,1,material-lib
6974628090248989983,复古信号干扰故障转场,故障动画,0.00,,5,1,material-lib
7323320437595835685,故障艺术彩色噪音叠加闪烁缺陷,故障动画,0.00,,5,1,material-lib
7331387923461377299,女人使用虚拟现实头盔进入虚拟现实。带有小故障效果的图像。,故障动画,0.00,,9,1,material-lib
7323364120571481371,旧电视的灰色干涉屏幕上的色度绿色背景。老式电视的特写，怀旧。灰色噪声屏幕和故障,故障动画,0.00,,5,1,material-lib
7331386262361738537,工业工程师的肖像正在工厂工作。工人帮助修理和检查机器的准备情况。机械技术人员正在车库里维修出故障的发动机。,故障动画,0.00,,9,1,material-lib
7331397912829676863,车辆故障，呼叫汽车保险服务,故障动画,0.00,,9,1,material-lib
7323329543702433062,冬天，一对年轻夫妇的汽车出了故障。,故障动画,0.00,,5,1,material-lib
7331460257845087539,独特设计的抽象数字像素噪声故障错误视频破坏,故障动画,0.00,,9,1,material-lib
7323318444097621299,变形故障垃圾效果混乱,故障动画,0.00,,5,1,material-lib
7323383321960910106,独特设计的抽象数字动画像素噪声故障错误视频破坏,故障动画,0.00,,5,1,material-lib
7014047970005896479,合成 电影感 胶片转场,故障动画,0.00,,5,1,material-lib
7323357674484010291,复古视频游戏残酷的单词文本电脑旧的电视故障干扰噪声屏幕动画无缝循环新品质的通用复古运动动态动画背景丰富多彩的快乐的视频m,故障动画,0.00,,5,1,material-lib
7331459651357166875,通讯设备故障。一个损坏的多芯电缆显示特写。电话线断了。电信网络连接问题。断开连接。,故障动画,0.00,,9,1,material-lib
7331385149470297363,蓝色波浪与运动点和线。抽象数字故障背景。概念连接大数据。未来科技背景。3 d渲染。,故障动画,0.00,,9,1,material-lib
7323321827361656102,损坏的故障覆盖。肮脏的背景干扰。问题故障的效果。,故障动画,0.00,,5,1,material-lib
7331397372104199465,每年对发动机进行检查有助于防止发动机损坏。近距离机械工程师将塑料管插入发动机曲轴箱中，收集机油进行废油分析，防止发动机发生故障。,故障动画,0.00,,9,1,material-lib
7323304712793492746,一个复古的故障覆盖。变形抽象背景。数字效果。,故障动画,0.00,,5,1,material-lib
7323282137627577637,独特设计的抽象数字动画像素噪声故障错误视频破坏,故障动画,0.00,,5,1,material-lib
6978076541880192287,故障动画无信号转场,故障动画,0.00,,5,1,material-lib
7331443009604652326,在一家现代汽车修理店，可靠的汽车修理工与一位女性顾客谈论发动机故障,故障动画,0.00,,9,1,material-lib
7323312899588492553,损坏的故障覆盖。肮脏的背景干扰。问题故障的效果。,故障动画,0.00,,5,1,material-lib
7323324538891111706,百元美钞上的本杰明·富兰克林(Benjamin Franklin)肖像，红色的签名是“通货膨胀”。故障发生时，肖像的脸皱了起来。世界金融和经济危机概念。,故障动画,0.00,,5,1,material-lib
7323310030051233074,故障文摘,故障动画,0.00,,5,1,material-lib
7323314879073389862,复古小故障叠加闪烁噪音失真黑暗,故障动画,0.00,,5,1,material-lib
7331385928767835419,带有小故障效果的抽象背景。摘要数字像素噪声、故障、错误、损坏。社交媒体故事为文本提供了空间。,故障动画,0.00,,9,1,material-lib
7323295172387687718,独特的设计抽象对称和反射数字像素噪声故障背景,故障动画,0.00,,5,1,material-lib
6978073301348289800,科技故障动画转场 信号干扰视频  ,故障动画,0.00,,5,1,material-lib
7331384124285947146,红色听诊器内置硬盘驱动器硬盘包含健康记录和敏感的患者数据与硬件医生检查和休息之前，数据丢失的故障存储系统或加密泄露,故障动画,0.00,,9,1,material-lib
7323292003171618058,独特设计的抽象数字动画像素噪声故障错误视频破坏,故障动画,0.00,,5,1,material-lib
7001770628579659045, 故障 面具 转场 ,故障动画,0.00,,5,1,material-lib
7323325522312760603,商业智能故障文本效果与银光发光循环动画。4K 3D隔离QuickTime Alpha Channel ProRes 4444无缝循环商业智能故障文本效果元素。,故障动画,0.00,,5,1,material-lib
7323299742044179749,独特设计的抽象数字像素噪声故障错误视频破坏,故障动画,0.00,,5,1,material-lib
7323304531872238886,故障剧透警报2 -无缝循环,故障动画,0.00,,5,1,material-lib
7331425210840747315,3D现实小故障小写字母é与软阴影隔离在白色背景上-路径选择文件,故障动画,0.00,,9,1,material-lib
7323372238906903834,霓虹圆形景观，抽象风格，灯光背景。游戏背景。故障宇宙背景。空的背景。陌生的风景。4 k,故障动画,0.00,,5,1,material-lib
7323367060711460106,故障电视静态噪声失真信号问题,故障动画,0.00,,5,1,material-lib
7331456235817995530,独特设计的抽象数字像素噪声故障错误视频破坏,故障动画,0.00,,9,1,material-lib
7323342503598460170,故障电视静态噪声失真信号问题错误视频损坏,故障动画,0.00,,5,1,material-lib
7323378763423583538,迷幻赛博朋克动画漫画HUD故障循环,故障动画,0.00,,5,1,material-lib
7323341391675788554,全文故障背景股票视频4K分辨率，成就，管理员，分析，人工,故障动画,0.00,,5,1,material-lib
6974628090248957215,各种信号干扰视频素材转场 ,故障动画,0.00,,5,1,material-lib
7331394173280488741,这张照片拍摄的是一个英俊的年轻人在遭遇汽车故障后站在路边,故障动画,0.00,,9,1,material-lib
7323318322467032330,压力大的高级女商人烦恼卡住的笔记本电脑或系统故障,故障动画,0.00,,5,1,material-lib
7331445099596877065,水槽板故障,故障动画,0.00,,9,1,material-lib
7323323983141621002,格里戈里·斯科沃罗达的肖像来自500个乌克兰格里夫尼亚，闭着眼睛，标题是“抑郁”。故障发生时，肖像的脸皱了起来。金融和经济危机的概念。,故障动画,0.00,,5,1,material-lib
7331396330637593894,虚拟现实玻璃vr模糊。年轻人戴着数字眼镜，在黑暗的背景下玩3d虚拟现实游戏。增强现实，游戏，未来技术概念。带有故障效果的VR。,故障动画,0.00,,9,1,material-lib
7008936231639829774,赛博朋克 科技转场,故障动画,0.00,,5,1,material-lib
7323278225625386291,独特设计的抽象数字动画像素噪声故障错误视频破坏,故障动画,0.00,,5,1,material-lib
7323361406382804234,独特设计的抽象数字动画像素噪声故障错误视频破坏,故障动画,0.00,,5,1,material-lib
7331413636361014537,黑客利用虚拟现实，数字故障效应进行网络攻击,故障动画,0.00,,9,1,material-lib
7009061190533975326,赛博朋克  故障风  代码转场 ,故障动画,0.00,,5,1,material-lib
7331385343037476108,优雅的曲线故障流流体液体彩虹模糊移动条纹在深色单色背景,故障动画,0.00,,9,1,material-lib
7331396076190158118,工程师在工厂工作焊接机器人故障排除检查焊接头,故障动画,0.00,,9,1,material-lib
7331387001733713163,小故障的年轻人肖像,故障动画,0.00,,9,1,material-lib
7323303023197932837,简单的文本故障效果动画在黑色背景-4K分辨率,故障动画,0.00,,5,1,material-lib
7331468681697824051,故障屏幕信号错误的抽象说明,故障动画,0.00,,9,1,material-lib
7323351439340834086,抽象故障图形掩模。,故障动画,0.00,,5,1,material-lib
7331409445504732443,故障迷幻的背景。老电视屏幕错误。数字像素噪声抽象设计。故障照片。电视信号失败。技术问题壁纸。色彩斑斓的噪音,故障动画,0.00,,9,1,material-lib
7331414554494160137,年轻人在路上更换轮胎后，故障,故障动画,0.00,,9,1,material-lib
7009070685825797413,科技故障风  代码 ,故障动画,0.00,,5,1,material-lib
6969198138909379876,雪花屏故障,故障动画,0.00,,5,1,material-lib
7323386283655482675,数字像素噪声故障错误视频损坏,故障动画,0.00,,5,1,material-lib
6969198833926491428,复古 故障雪花屏,故障动画,0.00,,5,1,material-lib
7331439613254356262,独特设计的抽象数字像素噪声故障错误视频破坏,故障动画,0.00,,9,1,material-lib
6991326085329947912,复古电影胶卷老旧泛黄故障动画转场,故障动画,0.00,,5,1,material-lib
6978073519766752548,故障动画转场 信号干扰视频,故障动画,0.00,,5,1,material-lib
7323322948318711050,迷人的小故障仿光漏闪闪发光的背景,故障动画,0.00,,5,1,material-lib
7323339497758903590,故障效应干扰模仿动态噪声效应80年代迷幻赛博朋克背景。,故障动画,0.00,,5,1,material-lib
6990657044466437383,底片故障快速转场特效 ,故障动画,0.00,,5,1,material-lib
7331386374920195367,汽车服务人员诊断汽车故障。,故障动画,0.00,,9,1,material-lib
7331390722756660516,像素噪声故障，背景色伪影变暗,故障动画,0.00,,9,1,material-lib
7331389824303254810,抽象的背景纹理。故障、失真在屏幕上播放数字电视,故障动画,0.00,,9,1,material-lib
7331396330079800612,商务人士，手和笔记本电脑放在桌子上，信息技术和技术支持顶和办公室工作。打字，软件更新的故障或404，键盘和男性解决数字问题,故障动画,0.00,,9,1,material-lib
7331439321146215730,独特设计的抽象数字像素噪声故障错误视频破坏,故障动画,0.00,,9,1,material-lib
7323334032626879795,故障和噪音效果。在屏幕或覆盖层上使用它,故障动画,0.00,,5,1,material-lib
7331383586752351538,故障噪声静态电视视觉特效包。视觉视频效果条纹背景，CRT电视屏幕无信号故障效果,故障动画,0.00,,9,1,material-lib
7331437157795548443,独特设计的抽象数字像素噪声故障错误视频破坏,故障动画,0.00,,9,1,material-lib
7323287221748976905,视频电视静态失真广播模糊录像机故障,故障动画,0.00,,5,1,material-lib
7331411209754889510,汽车故障,故障动画,0.00,,9,1,material-lib
7331389814228454682,抽象背景与三维形状和破碎的电视故障效果,故障动画,0.00,,9,1,material-lib
7331433726938729778,独特设计的抽象数字像素噪声故障错误视频破坏,故障动画,0.00,,9,1,material-lib
7331395190403452179,电视屏幕故障:带有信号干扰的数字背景失真。现代又有创意的墙纸装饰。垂直背景设计模板。,故障动画,0.00,,9,1,material-lib
7331469443068857610,电脑或笔记本电脑的硬盘放在修理店的桌子上。进行故障诊断和紧急修复，恢复删除过程中丢失的数据,故障动画,0.00,,9,1,material-lib
7331387801210080523,女人使用虚拟现实头盔进入虚拟现实。带有小故障效果的图像。,故障动画,0.00,,9,1,material-lib
7323375561705852186,故障模式和影响分析(FMEA):设备维护计划的核心,故障动画,0.00,,5,1,material-lib
7331397258094693695,的灵魂。艺术拼贴，设计与霓虹手壁纸，设计，背景。垂直的旗帜。故障的效果。超现实主义和未来主义中的抽象艺术,故障动画,0.00,,9,1,material-lib
7331388113920544012,女人使用虚拟现实头盔进入虚拟现实。带有小故障效果的图像。,故障动画,0.00,,9,1,material-lib
7331395545195482395,故障排除。白种人用手托着下巴来解决问题。孤立的蓝色背景。,故障动画,0.00,,9,1,material-lib
7331392382748904715,抽象模糊颗粒渐变背景纹理。彩色数字颗粒软噪效果图案。低保真多色复古。VHS故障纹理,故障动画,0.00,,9,1,material-lib
7331418357054393638,独特设计的抽象数字像素噪声故障错误视频破坏,故障动画,0.00,,9,1,material-lib
7331472055457565961,独特设计的抽象数字像素噪声故障错误视频破坏,故障动画,0.00,,9,1,material-lib
7323363026646650139,彩色小故障静态噪声叠加黑色grunge,故障动画,0.00,,5,1,material-lib
7331437776371584294,独特设计的抽象数字像素噪声故障错误视频破坏,故障动画,0.00,,9,1,material-lib
7323303451947961650,独特设计的抽象数字动画像素噪声故障错误视频破坏,故障动画,0.00,,5,1,material-lib
7331388629023100196,抽象数字故障,故障动画,0.00,,9,1,material-lib
7331462912034327846,独特设计的抽象数字像素噪声故障错误视频破坏,故障动画,0.00,,9,1,material-lib
7323355581610249509,系统故障,故障动画,0.00,,5,1,material-lib
7331449752124525875,独特设计的抽象数字像素噪声故障错误视频破坏,故障动画,0.00,,9,1,material-lib
7323285476691938586,4K抽象故障技术背景。,故障动画,0.00,,5,1,material-lib
7331445643971546405,独特设计的抽象数字像素噪声故障错误视频破坏,故障动画,0.00,,9,1,material-lib
7331432124639169802,独特设计的抽象数字像素噪声故障错误视频破坏,故障动画,0.00,,9,1,material-lib
7323313787077971209,带有故障效应的未来数字波。网络空间中噪音的概念。数字流的失真。受损的信号。3 d渲染。,故障动画,0.00,,5,1,material-lib
7323314660151725338,独特设计的抽象数字动画像素噪声故障错误视频破坏,故障动画,0.00,,5,1,material-lib
7331463078720064795,色彩鲜艳的形状，计算机生成的抽象背景，3D渲染背景的扭曲和故障,故障动画,0.00,,9,1,material-lib
7323274714409864486,带有静电和故障的动画复古电视,故障动画,0.00,,5,1,material-lib
7331398389663354162,美丽的女电脑专家专业技术员检查板电脑在一个工厂的实验室。故障排除。技术支持。工程。制造业。,故障动画,0.00,,9,1,material-lib
7331420204066508083,独特设计的抽象数字像素噪声故障错误视频破坏,故障动画,0.00,,9,1,material-lib
7331420193090047283,独特设计的抽象数字像素噪声故障错误视频破坏,故障动画,0.00,,9,1,material-lib
7331398710435286281,电子智能手机技术服务中的技术人员修理故障手机,故障动画,0.00,,9,1,material-lib
7323304278318173491,抽象数据故障动态怀旧噪声背景。镜像光线扭曲的创造性使用。ProRes镜头,故障动画,0.00,,5,1,material-lib
7323298925895535882,4K抽象故障技术背景。,故障动画,0.00,,5,1,material-lib
7323351719381896458,超级销售动画与能量故障的效果,故障动画,0.00,,5,1,material-lib
7331395014074879268,积极的技术支持经理接听电话，为遇到产品故障排除问题的客户提供服务台解决方案。印度专家成功解决问题,故障动画,0.00,,9,1,material-lib
7323360612971580698,故障智能电视静态噪声失真信号问题,故障动画,0.00,,5,1,material-lib
7323326619358104859,电视故障静电噪声失真信号问题错误视频损坏,故障动画,0.00,,5,1,material-lib
7323339819759734043,应力文本数字噪声抽搐小故障失真效果错误动画。,故障动画,0.00,,5,1,material-lib
7331383494616157491,摘要故障背景-黑,故障动画,0.00,,9,1,material-lib
7331390686023011610,照片中的LED屏幕故障，LED故障，干扰LED面板，像素烧坏,故障动画,0.00,,9,1,material-lib
7323327599634140466,转换数据故障未来赛博朋克闪闪发光的背景,故障动画,0.00,,5,1,material-lib
7331437776904178953,年轻女子自信地微笑着修理汽车的机械故障,故障动画,0.00,,9,1,material-lib
7323346240333188362,3D动画的你准备好了发光故障文本数字效果电影标题背景。结束封面介绍，标题横幅。五彩缤纷的复古游戏机风格。,故障动画,0.00,,5,1,material-lib
7323309478227561765,独特设计的抽象数字动画像素噪声故障错误视频破坏,故障动画,0.00,,5,1,material-lib
7331457627349601574,独特设计的抽象数字像素噪声故障错误视频破坏,故障动画,0.00,,9,1,material-lib
7331402281348255039,正时皮带断裂。汽车引擎盖附近的男子正在寻找发动机不工作的故障。司机手里拿着断了的前安全带。由于无法修复的损坏而引起的电击。,故障动画,0.00,,9,1,material-lib
7323282952626998554,独特设计未来抽象数字动画像素噪声故障背景,故障动画,0.00,,5,1,material-lib
7323363063850224922,独特设计的抽象数字动画像素噪声故障错误视频破坏,故障动画,0.00,,5,1,material-lib
7331427733672594726,红色、黑色和白色背景上的现代摩天大楼。时髦的故障影响,故障动画,0.00,,9,1,material-lib
7323286093535661350,故障电视静态噪声失真信号问题,故障动画,0.00,,5,1,material-lib
7331464761403575562,年轻绝望和沮丧的亚洲华人妇女在压力下被困在街头遭受汽车引擎故障，有机械问题打电话求助保险援助服务,故障动画,0.00,,9,1,material-lib
7331446420140002611,独特设计的抽象数字像素噪声故障错误视频破坏,故障动画,0.00,,9,1,material-lib
7331436478477765915,独特设计的抽象数字像素噪声故障错误视频破坏,故障动画,0.00,,9,1,material-lib
7323296199732235530,仿造80年代90年代风格的老式电视或电脑显示器屏幕。屏幕显示器故障。抽象源代码数据流。紫色和蓝色文本。屏幕上的噪音。VHS风格。旧的录像,故障动画,0.00,,5,1,material-lib
7331399026333453578,电视故障背景。没有信号显示。坏的电视线。,故障动画,0.00,,9,1,material-lib
7323302806746664219,Alpha的手机银行故障效果图标动画,故障动画,0.00,,5,1,material-lib
7331384361046052106,故障噪声静态电视视觉特效包。视觉视频效果条纹背景，CRT电视屏幕无信号故障效果,故障动画,0.00,,9,1,material-lib
7323360538812058889,微黑白高科技图形小故障。,故障动画,0.00,,5,1,material-lib
7331388538384108826,维修人员近距离检查车轮和底盘，排除故障和维护,故障动画,0.00,,9,1,material-lib
7331391102488005942,电气工程师用温度计来检查成套设备的故障，又称预防性维护，以减少对设备的损坏，概念对工业上的专业工程师来说,故障动画,0.00,,9,1,material-lib
7323326257997810954,随意的万花筒抽象几何故障效果科幻迷幻彩虹背景。,故障动画,0.00,,5,1,material-lib
7323311872487279910,独特的设计抽象彩色噪声故障视频损坏,故障动画,0.00,,5,1,material-lib
7323306540302191923,一架无牌直升机由于发动机故障和尾桨失效而在半空中失去控制,故障动画,0.00,,5,1,material-lib
7331408596011453723,抽象故障背景下的计算机屏幕错误,故障动画,0.00,,9,1,material-lib
7323381853744893193,冒险更多的文本故障效果动画黑色背景-4K分辨率,故障动画,0.00,,5,1,material-lib
7331391670916762892,紧急安全。由于一辆汽车在森林里出了故障，一名男子正在拨打手机拨打紧急号码。出行前对汽车进行保养可以提高安全性，避免发生事故。,故障动画,0.00,,9,1,material-lib
7331384915151326491,摘要:在金字网上出现故障。在美国，美元转换成数字艺术形式的想法，如何不工作，从创造加密艺术品赚钱,故障动画,0.00,,9,1,material-lib
7323301099220290825,计算机网络服务器故障,故障动画,0.00,,5,1,material-lib
7323280328116735241,垂直视频颗粒噪声模拟故障旧电视,故障动画,0.00,,5,1,material-lib
7331385424952282406,电脑故障:一名中年男子在歇斯底里地对着自己的笔记本电脑发火时，扭曲着自己的脸,故障动画,0.00,,9,1,material-lib
7323319681937411378,独特设计的抽象数字动画像素噪声故障错误视频破坏,故障动画,0.00,,5,1,material-lib
7323310358108589349,冬天，一对年轻夫妇的汽车出了故障。,故障动画,0.00,,5,1,material-lib
7331398789212687625,电子智能手机技术服务中的技术人员修理故障手机,故障动画,0.00,,9,1,material-lib
7331409042461560073,独特设计的抽象数字像素噪声故障错误视频破坏,故障动画,0.00,,9,1,material-lib
7331398326321024283,年轻女子紧张地说，“汽车引擎故障。,故障动画,0.00,,9,1,material-lib
7323359667122425097,循环网络安全蓝色粉红色霓虹灯文本故障影响黑色抽象背景。元素的隔离透明视频动画文本与alpha通道使用快速时间证明444,故障动画,0.00,,5,1,material-lib
7331397085033401627,亚洲商人汽车发动机故障，思虑情绪，事故应急，对道路概念。,故障动画,0.00,,9,1,material-lib
7331386224776596774,故障噪声静态电视视觉特效包。视觉视频效果条纹背景，CRT电视屏幕无信号故障效果,故障动画,0.00,,9,1,material-lib
7323307662471367986,旧电视屏幕上没有信号、信息和小故障。像素噪声。崩溃的错误。视频的伤害。宏关闭,故障动画,0.00,,5,1,material-lib
7323348462362184998,法国小故障效果文本数字电视失真4K循环动画,故障动画,0.00,,5,1,material-lib
7323307316135071027,高达10%的Off文本复古小故障效果推广。,故障动画,0.00,,5,1,material-lib
7331396344818486565,Vr护目镜使虚拟现实变得模糊。年轻人戴着数字头盔，在黑暗的背景下玩3d虚拟现实游戏。研究和虚拟世界的三维仿真与故障效应。,故障动画,0.00,,9,1,material-lib
7323382016408571186,混合色数据小故障动态怀旧闪烁背景,故障动画,0.00,,5,1,material-lib
7323301293345213734,网络故障背景与一个年轻人玩游戏控制台。愤怒的玩家。,故障动画,0.00,,5,1,material-lib
7331397268563627273,工程师在工厂集中工作，排除故障，检查焊接头,故障动画,0.00,,9,1,material-lib
7331367541358497074,人工智能，区块链，3d抽象结构，未来科技背景,科技,0.00,,9,1,material-lib
7331384119617752357,赛博朋克的科幻产品展示在飞船上，以绿色、蓝色和粉色霓虹灯为背景。技术和对象概念。3 d演示呈现,科技,0.00,,9,1,material-lib
7331372953336139027,迪拜码头和湖泊或河流，市中心天际线，阿拉伯联合酋长国或阿联酋。智慧城市中的金融区和商业区。摩天大楼和高层建筑与蓝天。体系结构。,科技,0.00,,9,1,material-lib
7329427949428542758,抽象粒子闪烁星波散景蓝色背景,科技,0.00,,9,1,material-lib
7331366591965236490,智慧城市，数字世界，全球通信网络概念。6 g业务图。全球业务。,科技,0.00,,9,1,material-lib
7329484030053797157,穿越太空，穿越星空。抽象粒子，霓虹灯背景。,科技,0.00,,9,1,material-lib
7323255305826012467,未来的表面墙网格概念与六边形。新潮的科幻科技背景与六角形图案。无缝循环,科技,0.00,,5,1,material-lib
7323182685432728858,鸟瞰图吉隆坡市区，马来西亚和高速公路。亚洲智慧城市的金融区和商业中心。摩天大楼和高楼大厦中午与蓝天。,科技,0.00,,5,1,material-lib
7331376340542770468,手持平板电脑，打造你的智慧城市。城市景观智能建筑，虚拟物联网概念和全球网络连接技术中的未来城市全息屏幕。,科技,0.00,,9,1,material-lib
7331393289066695962,赛博朋克AI的3D渲染。电路板。技术背景。中央计算机处理器CPU和GPU的概念。数字芯片主板。技术科学背景。,科技,0.00,,9,1,material-lib
7331439220210289958,鸟瞰图香港公寓在城市景观背景，深水?区。亚洲智慧城市中的住宅区。建筑物俯视图。,科技,0.00,,9,1,material-lib
7323313200898805018,云计算在线存储，用于金融科技物联网计算机网络连接,科技,0.00,,5,1,material-lib
7322475413811252489,扩音器音响设备科技动画,科技,0.00,,5,1,material-lib
7331396021513161994,霓虹灯的3D插图，元素周期表的化学元素。教育、科技背景,科技,0.00,,9,1,material-lib
7331143655094373669,近距离拍摄的工程师手在高科技工厂使用电脑编程挑选和放置电子机械印刷线路板表面安装装配线。使用SMT设备生产PCB。,科技,0.00,,9,1,material-lib
7331042828501716261,抽象粒子球，科学背景。虚拟流大二进制数据可视化。,科技,0.00,,9,1,material-lib
7325103244273847591,未来科技城市与商业标志发光的背景墙纸。现代蓝色发光城市背景设计,科技,0.00,,9,1,material-lib
7322873151031872794,圆动画数字发光高科技背景，圆技术背景数字数据Bg，现代旋转圆三维数据分析循环动画视频。,科技,0.00,,5,1,material-lib
7323368366045973786,用数字技术高科技概念诠释AI,科技,0.00,,5,1,material-lib
7322523897448926514,蓝色科技动画背景。,科技,0.00,,5,1,material-lib
7322587418002033939,现代的内部服务器室数据中心，在数据中心的玻璃面板后面有服务器。虚拟高科技动画。数据传输的概念，计算机通信，挖掘，托管,科技,0.00,,5,1,material-lib
7331388194384137498,公司抽象的蓝色阴影的正方形和线条与照明效果的高科技背景。未来科技现代设计。,科技,0.00,,9,1,material-lib
7331323049612004645,抽象的紫色能量方块发光的数字粒子未来的高科技背景,科技,0.00,,9,1,material-lib
7331381030709955879,现代创意电信与互联网网络在智慧城市中互联互通。,科技,0.00,,9,1,material-lib
7323337349939694899,未来数字区块链背景，金融科技科技概念,科技,0.00,,5,1,material-lib
7323244654550322442,空中智慧城市。网络连接和带有百分比的云计算图标。技术理念、数据通信、人工智能、物联网。纽约的天际线。,科技,0.00,,5,1,material-lib
7323308583653788937,广播旋转高科技闪烁照明花卉图案，灰度，事件，3D，可循环，4K,科技,0.00,,5,1,material-lib
7322879907653045513,数码黑白高科技背景设计元素,科技,0.00,,5,1,material-lib
7331383900154907930,戴着虚拟现实眼镜的赛博朋克女人,科技,0.00,,9,1,material-lib
7323325518835666202,复古背景循环动画，复古高科技数字背景，未来的80年代复古动画数字背景，景观发光复古Bg，复古土地数字,科技,0.00,,5,1,material-lib
7322912642614496522,智慧城市网络空间数字技术动画,科技,0.00,,5,1,material-lib
7331353269706542374,抽象的红色能量网格漩涡隧道的线条在屏幕的顶部和底部神奇明亮的发光未来的高科技背景,科技,0.00,,9,1,material-lib
7322824209116286271,飞行内部人工智能数字大脑投标数据。思维过程的说明。未来科技动画，人工智能深度学习计算机机器。三维渲染,科技,0.00,,5,1,material-lib
7331444375945366811,黑白智慧城市具有网络连接、无线通信的技术理念,科技,0.00,,9,1,material-lib
7331233698685160755,蓝色抽象粒子,科技,0.00,,9,1,material-lib
7323290856994262299,智慧城市的全球互联和互联网网络现代化,科技,0.00,,5,1,material-lib
7331143397064903974,高科技工厂:质量控制工程师拾起并视觉检查智能电子设备可能的损坏。采用表面贴装取放技术的PCB后台装配线。,科技,0.00,,9,1,material-lib
7323233437551201563,智慧城市IOT物联网ICT数字技术未来感、自动化管理智能数字技术安全与电力能源可持续的虚拟城市增强,科技,0.00,,5,1,material-lib
7331240429603605811,抽象粒子背景与损坏的点球。太阳耀斑粒子日冕物质抛射。,科技,0.00,,9,1,material-lib
7331374159991246118,赛博朋克AI的3D渲染。电路板。技术背景。中央计算机处理器CPU和GPU的概念。数字芯片主板。技术科学背景。,科技,0.00,,9,1,material-lib
7331388240173239578,赛博朋克AI的3D渲染。电路板。技术背景。中央计算机处理器CPU和GPU的概念。数字芯片主板。技术科学背景。,科技,0.00,,9,1,material-lib
7331434553137007899,鸟瞰图的香港公寓和山在城市景观背景。亚洲智慧城市中的住宅区。建筑在晚上。,科技,0.00,,9,1,material-lib
7011428462841842958,科幻文本3_x264,科技,0.00,,5,1,material-lib
7323307063432580403,广播平移高科技图案的窗户，品红色，建筑，3D，可循环，4K,科技,0.00,,5,1,material-lib
7330878386715282726,彩色抽象粒子插图。,科技,0.00,,9,1,material-lib
7331384149133085961,赛博朋克未来发光霓虹小镇壁纸背景3d渲染,科技,0.00,,9,1,material-lib
7331391321439046922,赛博朋克AI的3D渲染。电路板。技术背景。中央计算机处理器CPU和GPU的概念。数字芯片主板。技术科学背景。,科技,0.00,,9,1,material-lib
7331381121038437686,高科技背景，抽象技术发光背景，抽象技术条纹,科技,0.00,,9,1,material-lib
7323302267350715686,互联网文字未来科技动画循环视频,科技,0.00,,5,1,material-lib
7331350859772644617,突发新闻流行科技背景绿屏。新闻背景4 k。,科技,0.00,,9,1,material-lib
7331390682126421258,未知的外星人机库隧道未来走廊赛博朋克聚光灯棕色或金色插图旗帜背景墙纸未来3D渲染概念,科技,0.00,,9,1,material-lib
7323330741243317542,4k 3d动画笔记本电脑从多个角度拍摄的白色背景，概念视频，以促进科技产品,科技,0.00,,5,1,material-lib
7331326665743748388,赛博朋克AI的3D渲染。电路板。技术背景。中央计算机处理器CPU和GPU的概念。主板数字芯片。科技背景。,科技,0.00,,9,1,material-lib
7323360871185517851,台湾台北市区鸟瞰图的时间流逝。智慧城市中的金融区和商业中心。晚上有摩天大楼和高层建筑。,科技,0.00,,5,1,material-lib
7331396145232497946,智慧城市金融双曝光混合媒体,科技,0.00,,9,1,material-lib
7331369885966093606,抽象的能量球与发光明亮的粒子能源科学未来高科技背景,科技,0.00,,9,1,material-lib
7331356955895762202,4K广场灯数字技术高科技背景,科技,0.00,,9,1,material-lib
7331392406635547967,全球数字网络空间未来主义，科幻抽象背景，赛博朋克壁纸3d渲染,科技,0.00,,9,1,material-lib
7331357513935326502,物联网智慧城市家居物联网家电美好生活。亚洲人男人女人快乐赢得乐趣啤酒乒乓球扔杯子游戏机器人吸尘器打扫地板沙发客厅和宠物狗。,科技,0.00,,9,1,material-lib
7323230278153948467,抽象的高科技背景纹理可循环，几何荧光紫外线灯，发光的霓虹灯形状，数据流和电路板,科技,0.00,,5,1,material-lib
7331379629669813541,赛博朋克智慧城市的通信网络和互联网连接。连接技术的概念。,科技,0.00,,9,1,material-lib
7331375462360403237,赛博朋克风格的室内工业环境,科技,0.00,,9,1,material-lib
7331318958169083187,美丽的高科技背景下,科技,0.00,,9,1,material-lib
7322246842018811199,4k金融科技动画标签文字云，文字动画无缝循环。,科技,0.00,,5,1,material-lib
7331396446958128447,蓝色复古未来科技背景3d渲染，80年代复古背景，90年代未来科幻。合成波复古，外太空，星空，太阳和星云,科技,0.00,,9,1,material-lib
7323312457584282930,全球科技概念动画，蓝色背景,科技,0.00,,5,1,material-lib
7323238016506531081,早晨，油棕树上的风力发电机。企业、家庭和农业领域的可再生能源。智慧城市与新一代动力。清洁环保。广角镜头。,科技,0.00,,5,1,material-lib
7323856809209367817,风景优美的蒙特利尔现代天际线在市中心的金融和科技城市中心,科技,0.00,,9,1,material-lib
7323237535004609819,智慧城市和通信网络的概念。数字转换。物联网。信息通信技术。,科技,0.00,,5,1,material-lib
7011428599429467406,科幻地图5_x264,科技,0.00,,5,1,material-lib
7331373091362295079,80年代复古赛博朋克风格。抽象霓虹色光党明亮的镜头光晕在黑色的背景。激光显示彩色横幅广告设计技术,科技,0.00,,9,1,material-lib
7323297353107049765,智慧城市与通信网络的概念,科技,0.00,,5,1,material-lib
7323241049290181939,湄南河鸟瞰图，曼谷市中心。亚洲智慧城市的金融区和商业中心。日落时分的摩天大楼和高层建筑。,科技,0.00,,5,1,material-lib
7331383629786008859,赛博朋克AI的3D渲染。电路板。技术背景。中央计算机处理器CPU和GPU的概念。数字芯片主板。技术科学背景。,科技,0.00,,9,1,material-lib
7331000164015951142,抽象粒子散景背景,科技,0.00,,9,1,material-lib
7331277290145385769,超宇宙智能科技城市。数字未来的数据摩天大楼技术蓝色背景。商业、科学、互联网的概念,科技,0.00,,9,1,material-lib
7322879077700963634,抽象的高科技背景纹理可循环，几何荧光紫外线灯，发光的霓虹灯形状，数据流和电路板,科技,0.00,,5,1,material-lib
7322922840142007578,摘要在黑色背景上循环高科技动画,科技,0.00,,5,1,material-lib
7323377772661951781,带有工业革命概念的科技数字城市街道,科技,0.00,,5,1,material-lib
7322904461087706418,摘要科幻隧道变压器与发光霓虹灯红橙金电子光旋转。4k循环高科技背景。背景风格在网络空间或高科技未来效果元素。,科技,0.00,,5,1,material-lib
7331388287669554483,商人手持手机提升智慧城市。,科技,0.00,,9,1,material-lib
7323224426114305289,科技智慧城市和工厂污染工业区,科技,0.00,,5,1,material-lib
7331435266592279834,香港市区及维多利亚港。智慧城市的金融区。摩天大楼和高层建筑。中午全景图。,科技,0.00,,9,1,material-lib
7331372230959516969,挪威奥斯陆市区天际线的鸟瞰图。欧洲智慧城市的金融区和商业中心。夜间的摩天大楼和高层建筑。,科技,0.00,,9,1,material-lib
7322391996612611364,云计算，科技动画的云符号,科技,0.00,,5,1,material-lib
7331320707915336969,黑暗的未来科技背景与发光的线条,科技,0.00,,9,1,material-lib
7322195704611654931,飞行内部人工智能数字大脑投标数据。思维过程的说明。未来科技动画，人工智能深度学习计算机机器。三维渲染,科技,0.00,,5,1,material-lib
7331365049098980658,鸟瞰图曼谷市中心天际线，泰国。亚洲智慧城市的金融区和商业中心。日落时的摩天大楼和高层建筑。,科技,0.00,,9,1,material-lib
7322379285065403675,计算机数字数据，网络数据背景动画。数字粒子数据未来高科技动画Bg，网络通信与连接数字数据分析技术背景,科技,0.00,,5,1,material-lib
7331382533268966675,3D渲染图。黑客人工智能脸高科技在网络空间的概念。机器人头，二进制代码矩阵，随机符号。赛博朋克编程代码技术背景,科技,0.00,,9,1,material-lib
7331379055855422770,赛博朋克AI的3D渲染。电路板。技术背景。中央计算机处理器CPU和GPU的概念。数字芯片主板。技术科学背景。,科技,0.00,,9,1,material-lib
7323196374890171658,能量抽象粒子球具有霓虹灯光线，发光球球发出光线，核科学、科幻、科技背景，无缝循环,科技,0.00,,5,1,material-lib
7331357329629252914,抽象的黄色橙色能量方块发光的数字粒子未来的高科技背景,科技,0.00,,9,1,material-lib
7331390559254302002,宇宙飞船内部建筑走廊，现代未来科幻空间，金属地板和灯光面板，蓝色和紫色霓虹灯发光，室内设计背景，赛博朋克黑暗设计，3d渲染,科技,0.00,,9,1,material-lib
6981337378166213918,蓝色粒子爆炸特效,科技,0.00,,5,1,material-lib
7323372167121374491,用智能手机里的女人庆祝在线科技动画,科技,0.00,,5,1,material-lib
7331376596168756499,智慧城市的先进通信和全球互联网网络连接,科技,0.00,,9,1,material-lib
7331364290152254759,抽象几何线条高科技背景与闪亮的绿色和金色阴影。,科技,0.00,,9,1,material-lib
7331389323448716571,赛博朋克在复古背景下跳舞。日落。粉色霓虹灯的颜色。未来的概念。三维演示,科技,0.00,,9,1,material-lib
7322235172546497843,摘要高科技动画3D未来大数据数字背景,科技,0.00,,5,1,material-lib
7329706310751014198,一个男人穿着衬衫躺在床上拿着智能手机的裁剪视图。以生活方式和科技为理念。,科技,0.00,,9,1,material-lib
7323303927418555699,科技背景,科技,0.00,,5,1,material-lib
7331388627102010636,彩色波浪与运动点。抽象数字背景。概念连接大数据。未来科技背景。3 d渲染。,科技,0.00,,9,1,material-lib
7331284430276922643,3d渲染背景与抽象粒子。,科技,0.00,,9,1,material-lib
7322859169093061899,飞行内部人工智能数字大脑投标数据。思维过程的说明。未来科技动画，人工智能深度学习计算机机器。3d渲染与故障,科技,0.00,,5,1,material-lib
7331348927402265910,鸟瞰图迪拜市中心天际线，高速公路或街道在阿拉伯联合酋长国或阿联酋。智慧城市中的金融区和商业区。日落时分的摩天大楼和高层建筑。,科技,0.00,,9,1,material-lib
7331324021490928934,抽象紫色能量线三角形神奇明亮发光未来高科技背景,科技,0.00,,9,1,material-lib
7329711709885615370,穿越太空，穿越星空。抽象粒子，霓虹灯背景。,科技,0.00,,9,1,material-lib
7331374175170366729,赛博朋克AI的3D渲染。电路板。技术背景。中央计算机处理器CPU和GPU的概念。数字芯片主板。技术科学背景。,科技,0.00,,9,1,material-lib
7331381841762487589,赛博朋克AI的3D渲染。电路板。技术背景。中央计算机处理器CPU和GPU的概念。数字芯片主板。技术科学背景。,科技,0.00,,9,1,material-lib
7331388233667874099,在红色的镜子背景上，时尚的未来派金发女郎在赛博朋克风格,科技,0.00,,9,1,material-lib
7322148233898183948,五秒倒计时计时器具有抽象的科幻隧道科技动画背景。五到零倒计时艺术效果计数定时器抽象背景。,科技,0.00,,5,1,material-lib
7323220232028343562,智慧城市与通信网络的概念。5克。LPWA低功率广域。无线通信。,科技,0.00,,5,1,material-lib
7322837472877088038,高科技背景蓝色,科技,0.00,,5,1,material-lib
7322244587580345637,庆祝网上科技动画与女孩在网页模板,科技,0.00,,5,1,material-lib
7331381118270311706,外层空间网络仓库未来的室内反射赛博朋克照明与黑色颜色的未来3D渲染概念,科技,0.00,,9,1,material-lib
7331328899718122802,赛博朋克AI的3D渲染。电路板。技术背景。中央计算机处理器CPU和GPU的概念。主板数字芯片。科技背景。,科技,0.00,,9,1,material-lib
7323313242309184818,4K高科技可循环背景,科技,0.00,,5,1,material-lib
7322357074736860455,旋转棕色巧克力咖啡白bg霓虹灯圆点科技动画背景，旋转万花筒漩涡动画背景的标志和标题,科技,0.00,,5,1,material-lib
7322123154875256100,抽象背景与立方体单元。现代科技动画与方形网格。数字几何抽象与细线。60 fps 3D渲染,科技,0.00,,5,1,material-lib
7323355285404257587,广播火光高科技广场舞台，黄色，抽象,科技,0.00,,5,1,material-lib
7329704579770240292,从太空中看美国的夜晚，城市灯光显示美国的活动。地球的3d渲染图。来自美国宇航局的元素。科技，全球通讯，世界。美国。,科技,0.00,,9,1,material-lib
7322718095641038090,红色科幻科技动画,科技,0.00,,5,1,material-lib
7323227374215040293,抽象高科技六角形与移动粒子在空间未来的背景，红色六角形高科技背景,科技,0.00,,5,1,material-lib
7323225106094837018,曼谷市中心，鸟瞰十字路口或与汽车交通的路口的时间推移。泰国。智慧城市的金融区和商业中心。摩天大楼和建筑物在夜间。,科技,0.00,,5,1,material-lib
7331382776593157403,赛博朋克AI的3D渲染。电路板。技术背景。中央计算机处理器CPU和GPU的概念。数字芯片主板。技术科学背景。,科技,0.00,,9,1,material-lib
7331390032370109722,3d合成波超时空霓虹灯景观与发光的摩天大楼和网格。复古赛博朋克电子游戏和电子音乐的概念。,科技,0.00,,9,1,material-lib
7331378417977330980,赛博朋克或蒸汽朋克的工业背景,科技,0.00,,9,1,material-lib
7323206890316467494,科技背景，点与线相连,科技,0.00,,5,1,material-lib
7323217494120942885,科技行业,科技,0.00,,9,1,material-lib
7323227313712303369,现代智慧城市市中心的现代建筑。时间流逝,科技,0.00,,5,1,material-lib
7323315670010137883,在科技网络空间飞行。科幻宇宙飞船隧道。未来技术抽象无缝VJ技术标题和背景。运动图形为互联网，速度。无缝循环3D渲染,科技,0.00,,5,1,material-lib
7331371403012295990,赛博朋克AI的3D渲染。电路板。技术背景。中央计算机处理器CPU和GPU的概念。主板数字芯片。科技背景。,科技,0.00,,9,1,material-lib
7322227145575648548,高科技动画背景。数字霓虹灯。,科技,0.00,,5,1,material-lib
7322850913368968474,抽象色彩变化能量线丛三角形神奇明亮发光未来高科技背景，4k视频，60 fps,科技,0.00,,5,1,material-lib
7322251533444336959,飞行内部人工智能数字大脑投标数据。思维过程的说明。未来科技动画，人工智能深度学习计算机机器,科技,0.00,,5,1,material-lib
7323299178325544229,云计算，科技动画的云符号,科技,0.00,,5,1,material-lib
7331390968924474633,赛博朋克AI的3D渲染。电路板。技术背景。中央计算机处理器CPU和GPU的概念。数字芯片主板。技术科学背景。,科技,0.00,,9,1,material-lib
7331371476085509402,人们穿着赛博朋克服装,科技,0.00,,9,1,material-lib
7331393491144084790,泰国曼谷市区天际线、高速公路或街道的鸟瞰图。智慧城市的金融区和商务区。摩天大楼和高层建筑的夜晚。,科技,0.00,,9,1,material-lib
7322933368872570150,全息智慧城市线框建筑,科技,0.00,,5,1,material-lib
7331422826940910886,蓝色漩涡，宇宙和星云，科技背景,科技,0.00,,9,1,material-lib
7331358070142012713,智慧城市与通信网络概念。5克。物联网(IoT)。电信。,科技,0.00,,9,1,material-lib
7331352457122958643,鸟瞰图:泰国曼谷市中心新CBD罗摩9路。亚洲智慧城市的金融区和商业中心。摩天大楼和高层建筑。,科技,0.00,,9,1,material-lib
7322944311077670181,TD智慧城市与元宇宙概念，居民楼夜景鸟瞰图,科技,0.00,,5,1,material-lib
7331351585366232370,智慧城市和通信网络概念。数字转换。,科技,0.00,,9,1,material-lib
7323352513678167323,过程自动化与数字技术高科技概念,科技,0.00,,5,1,material-lib
7323363198348872986,紫外线隧道。高科技霓虹灯科幻隧道。时髦的霓虹灯发光线形成图案和施工在镜子隧道。穿越科技网络空间。3d循环无缝4k明亮的青年背景。,科技,0.00,,5,1,material-lib
7322497725847637298,货币/外汇/金融科技动画。,科技,0.00,,5,1,material-lib
7323326069895908618,赋能智慧城市:电信网络、无线移动互联网、物联网和区块链的交集，面向全球商业、金融科技和5G LTE数据连接,科技,0.00,,5,1,material-lib
7331322776596319514,现代深红色科技背景。数字技术,科技,0.00,,9,1,material-lib
7322919003846872371,中国上海市区摩天大楼和高层办公楼鸟瞰图。日落时分，亚洲智慧城市的金融区和商业中心。,科技,0.00,,5,1,material-lib
7331377577048755467,智慧城市与通信网络概念。5克。物联网(IoT)。电信。,科技,0.00,,9,1,material-lib
7331381736758054181,显微镜全息图呈蓝绿色。目标平台上有橙色灯光。横幅和标志的空间。科技背景，3D渲染。,科技,0.00,,9,1,material-lib
7331386265608211749,赛博朋克AI的3D渲染。电路板。技术背景。中央计算机处理器CPU和GPU的概念。数字芯片主板。技术科学背景。,科技,0.00,,9,1,material-lib
7323354420241124634,夜景的时间流逝与未来的电信元素，智慧城市的概念，通信和数据传输,科技,0.00,,5,1,material-lib
7331333119494081843,抽象的蓝色能量球与飞行发光明亮的粒子，科学的未来主义原子与电子高科技背景,科技,0.00,,9,1,material-lib
7331392548012969227,曼谷市区天际线，沙顿区隆比尼公园的绿树鸟瞰图。泰国。亚洲智慧城市的金融区和商业中心。摩天大楼的建筑,科技,0.00,,9,1,material-lib
7331358477413059867,手持数字魔方区块链概念和金融科技背景,科技,0.00,,9,1,material-lib
7322155847113542939,4k金融科技动画标签字云，文字动画无缝循环。,科技,0.00,,5,1,material-lib
7323214370945715519,抽象的几何线条高科技背景，未来技术现代旗帜设计。,科技,0.00,,9,1,material-lib
7331383049902394635,智慧城市，数字世界，全球通信网络概念。6G业务图。全球业务。,科技,0.00,,9,1,material-lib
7322255037449702675,高科技动画3D未来大数据数字背景,科技,0.00,,5,1,material-lib
7323270436786113819,红色六边形图标发光未来的表面墙网格概念与六边形。新潮的科幻科技背景，六边形医学模式。无缝循环,科技,0.00,,5,1,material-lib
7322450272255626523,摘要3D结尾文字隧道尽头的grunge橙紫色Hi科技动画。4K 3D渲染科幻动画与黑暗高科技技术,科技,0.00,,5,1,material-lib
7322870928042413339,4 k的3 d动画。在抽象的科幻隧道中无缝循环飞行。未来运动图形，高科技背景,科技,0.00,,5,1,material-lib
7331395349292141851,三维插图铝，化学元素周期表。教育、科技背景,科技,0.00,,9,1,material-lib
7323281404983266610,泰国曼谷市区天际线、高速公路或街道的鸟瞰图。智慧城市的金融区和商务区。摩天大楼和高层建筑的夜晚。,科技,0.00,,5,1,material-lib
7331380525900385555,时尚新潮的年轻女孩在迪斯科派对赛博朋克俱乐部吃大巧克力棒糖果,科技,0.00,,9,1,material-lib
7323312800502123814,广播闪烁高科技广场地球仪01,科技,0.00,,5,1,material-lib
7323321135771159834,广播闪烁高科技方块01,科技,0.00,,5,1,material-lib
7331391468021599551,白色光泽的科技背景。3 d演示。,科技,0.00,,9,1,material-lib
7323278604471717171,鸟瞰图Sathorn十字路口或交叉路口与汽车交通，曼谷市中心。泰国。智慧城市中的金融区和商业中心。晚上有摩天大楼和高层建筑。,科技,0.00,,5,1,material-lib
7322900804220865843,发光点粒子未来技术背景，屏幕上数字点移动高科技背景，数字数据背景，网络数据背景，高科技矩阵点移动,科技,0.00,,5,1,material-lib
7331354328780901651,空中俯瞰香港市中心，中华人民共和国。亚洲智慧城市的金融区和商业中心。摩天大楼和高耸的现代建筑在中午。,科技,0.00,,9,1,material-lib
7331382656652823871,女性肖像的女人谁戴未来眼镜和使用手机室内汽车。黑色电影风格和赛博朋克概念摄影，霓虹灯电影照片。蓝色发型的人，车里的人和科技。,科技,0.00,,9,1,material-lib
7323361875033361690,广播旋转高科技模式，品红，事件，3D，循环，4K,科技,0.00,,5,1,material-lib
7323288164666215731,抽象的黄色橙色能量线三角形神奇明亮发光的未来高科技背景，4k视频，60 fps,科技,0.00,,5,1,material-lib
7331348821105970473,智慧城市与通信网络概念。数字转换。,科技,0.00,,9,1,material-lib
7322949472898551067,曼哈顿金融区的未来主义鸟瞰图。电路板。物联网，智慧城市。技术网络概念。纽约，美国。从直升机上拍摄的。,科技,0.00,,5,1,material-lib
7326385786239126810,抽象粒子球，科学背景。虚拟流大二进制数据可视化。,科技,0.00,,9,1,material-lib
7331359810618723621,抽象的高科技背景设计元素,科技,0.00,,9,1,material-lib
7331369983475305767,赛博朋克女士摆出食指和中指向上的姿势,科技,0.00,,9,1,material-lib
7323243773910109477,Vj循环运动设计背景。摘要bg运动图形三维对称发光结构。神秘的发光技术结构。夜总会vj。高科技科幻现代科技背景,科技,0.00,,5,1,material-lib
7323270747223313691,彩色点数字高科技背景插图，壁纸,科技,0.00,,5,1,material-lib
7331383063286435110,赛博朋克蓝色的空讲台，在黑暗中用发光的灯进行产品展示。科技和科幻概念。3 d演示呈现,科技,0.00,,9,1,material-lib
7331335692724735270,波与运动点和线。抽象数字背景。概念连接大数据。未来科技背景。3 d渲染。,科技,0.00,,9,1,material-lib
7331348087044066601,智慧城市与通信网络概念。5克。LPWA(低功率广域)。无线通信。,科技,0.00,,9,1,material-lib
7322483689231813939,个人住房贷款协议向金融机构借款抵押银行金融科技动画,科技,0.00,,5,1,material-lib
7331459060153322778,一个男人在用数字平板电脑制作全息图和网络媒体图标。智慧城市，互联网和联网技术概念,科技,0.00,,9,1,material-lib
7331373008688336191,5G概念与智慧城市,科技,0.00,,9,1,material-lib
7328595710264282407,抽象粒子花背景,科技,0.00,,9,1,material-lib
7322585691458735401,人脑三维动画。旋转大脑与神经网络彩虹脉冲。未来科技动画，AI深度学习计算机机器。3 d渲染。,科技,0.00,,5,1,material-lib
7323239436030856475,曼谷市区天际线，沙顿区隆比尼公园的绿树鸟瞰图。泰国。亚洲智慧城市的金融区和商业中心。摩天大楼的建筑,科技,0.00,,5,1,material-lib
7331326604498537767,赛博朋克AI的3D渲染。电路板。技术背景。中央计算机处理器CPU和GPU的概念。主板数字芯片。科技背景。,科技,0.00,,9,1,material-lib
7331380585778220339,赛博朋克AI的3D渲染。电路板。技术背景。中央计算机处理器CPU和GPU的概念。数字芯片主板。技术科学背景。,科技,0.00,,9,1,material-lib
7294410869671218482,蓝色数据技术网络背景,科技,0.00,,5,1,material-lib
7294408955285998874,大数据分析 蓝色多边形数据背景,科技,0.00,,5,1,material-lib
7331361026719403291,穿着绿色西装的女商人用手翻动木块、立方体、文字“数字破坏”。技术转型、数字化颠覆、物联网、网络、智慧城市和机器概念。,科技,0.00,,9,1,material-lib
7331316433063906611,抽象的蓝色发光飞波能量粒子未来高科技背景,科技,0.00,,9,1,material-lib
7331469714595613961,夏日明媚的风景与蝴蝶的雏菊花。,空镜,0.00,,9,1,material-lib
7322785849622416694,日落时间南京著名的湖滨岛公园湾全景时间间隔4k中国,空镜,0.00,,5,1,material-lib
7331472211582225673,鲜艳的鲜花背景，绣球花,空镜,0.00,,9,1,material-lib
7323373530484084018,鸟瞰美丽的大自然和大海,空镜,0.00,,5,1,material-lib
7323386809528962355,垂死之夜盛开的蜡样仙人掌花时光流逝,空镜,0.00,,5,1,material-lib
7331470964611452187,水彩手绘圣诞花卉装饰插图,空镜,0.00,,9,1,material-lib
7323316832209800499,男人在雨天打着透明的伞看山,空镜,0.00,,5,1,material-lib
7323371646562077990,雾在山景中奔跑，雪从天空和树枝上落下,空镜,0.00,,5,1,material-lib
7331471715081440562,泰国的大海和沙滩,空镜,0.00,,9,1,material-lib
7331461008344616218,暴风雨天空的背景视图,空镜,0.00,,9,1,material-lib
7331438126470139187,自然美丽的千禧女在秋雨天读书,空镜,0.00,,9,1,material-lib
7323353167998110985,海燕在暴风雨天气中飞过海浪,空镜,0.00,,5,1,material-lib
7331465282713603337,女孩坐在长椅上，看着大海的色调,空镜,0.00,,9,1,material-lib
7331455675127680282,下雨天，夏威夷考艾岛普林斯维尔的鲜花绽放。,空镜,0.00,,9,1,material-lib
7331471983235943706,冬天的风景,空镜,0.00,,9,1,material-lib
7323374515231231269,风力发电机涡轮在天空,空镜,0.00,,5,1,material-lib
7331473140209421578,花园里的电灯,空镜,0.00,,9,1,material-lib
7319395495065996554,4K运动超缩视频鸟瞰图山谷中的雾下午雨在森林里，太阳落在令人惊叹的景色。,空镜,0.00,,5,1,material-lib
7331470718074490122,美丽的花束花为背景,空镜,0.00,,9,1,material-lib
7331471715081424178,在蒙大拿的大天空滑雪,空镜,0.00,,9,1,material-lib
7325041455506918667,意大利的厄尔巴岛有令人惊叹的蓝色大海和海浪。海岛之旅,空镜,0.00,,9,1,material-lib
7322693148075887935,多莉:在一个城市公园的草坪上有树和云的天空镜头,空镜,0.00,,5,1,material-lib
7323266787104017715,涩谷，东京，日本:涩谷周围的冬季雪景。,空镜,0.00,,5,1,material-lib
7323377202584653082,夏天的风景,空镜,0.00,,5,1,material-lib
7331451156130057522,雨天,空镜,0.00,,9,1,material-lib
7323374997609942323,蜿蜒山路的风景如画。吉尔吉斯斯坦令人惊叹的自然风光。,空镜,0.00,,5,1,material-lib
7331467423666703666,雨天樵夫盘腿看书，放松场景,空镜,0.00,,9,1,material-lib
7331471487225957658,考艾岛里休的荷亚乐花树开着黄花。夏威夷。,空镜,0.00,,9,1,material-lib
7150935518581165324,实拍老人手捧谷物,空镜,0.00,,5,1,material-lib
7323376254571351305,海龟穿越美丽的水下风景,空镜,0.00,,5,1,material-lib
7323387016127827210,红色的接骨木树在春天开着黄色的花,空镜,0.00,,5,1,material-lib
7331471790721551626,水彩无缝图案的日本木瓜(木瓜)在盛开，手绘花卉插图。,空镜,0.00,,9,1,material-lib
7331439606799322395,同卵双胞胎姐妹在外面玩在一个雨天,空镜,0.00,,9,1,material-lib
7331471848347028786,夜景，星光下的风景,空镜,0.00,,9,1,material-lib
7322309453246713142,镜头从热带环礁岛度假酒店的白色沙棕榈树上移开，越过马尔代夫碧绿的印度洋水域，无人机低空镜头从上方以4k的速度鸟瞰,空镜,0.00,,5,1,material-lib
7323317191321963827,越南，河内——2023年5月:下雨天，无人机俯瞰越南河内城市街道。,空镜,0.00,,5,1,material-lib
7331436878840843547,在雨天，库肯霍夫的风车和美丽多彩的郁金香花园,空镜,0.00,,9,1,material-lib
7323341164260756786,穿越暴风雨天气,空镜,0.00,,5,1,material-lib
7331472223955356979,玻璃屋山与树木和雾覆盖在白天风景如画的山脉(布里斯班地区，昆士兰，澳大利亚)的特写,空镜,0.00,,9,1,material-lib
7323355838305799462,时间流逝美丽的秋天自然和雾雾流在早晨的山与温和的阳光。乌克兰喀尔巴阡山的秋天,空镜,0.00,,5,1,material-lib
7331459895021047066,阿马尔菲海岸和种植柠檬的山坡。意大利的城市和自然全景。傍晚的风景和蜿蜒的道路。天空和大海,空镜,0.00,,9,1,material-lib
7323380029545647386,在4K的瑞士阿尔卑斯山脉令人惊叹的风景。云朵环绕着山峰。在格拉鲁斯州一个叫做Limmerensee的高山湖泊上，美妙的时光流逝。,空镜,0.00,,5,1,material-lib
7323334122116599078,覆盖雨天窗玻璃雨滴蓝色悲伤的情绪shot。3D图形雨滴在玻璃背景。,空镜,0.00,,5,1,material-lib
7323385112953982217,纷飞的樱花背景。春天的心情。太阳神上盛开着春花,空镜,0.00,,5,1,material-lib
7331471732546555187,美丽的日落的天空。海滩日落。暮色中的大海和天空。黄昏时分的热带海洋。戏剧性的橙色和金色的天空。平静的大海。日落抽象背景。傍晚金色的天空。平静，放松生活。,空镜,0.00,,9,1,material-lib
7323254860978064690,雪景、鸟瞰图、公路桥和冰冻的河流。,空镜,0.00,,5,1,material-lib
7323375644509736202,POV骑摩托车的风景绿色山路，瑞士阿尔卑斯山，摩托之旅,空镜,0.00,,5,1,material-lib
7331434689988676915,人们，无论男女，都在雨天撑着伞穿过人行道,空镜,0.00,,9,1,material-lib
7331467278468320539,水豚水彩家庭集，手绘野生动物插图孤立在一个白色的背景。,空镜,0.00,,9,1,material-lib
7331471334830116106,蓝色的天空和美丽的云彩背景,空镜,0.00,,9,1,material-lib
7323365024586550538,雨天繁忙的街市,空镜,0.00,,5,1,material-lib
7323339782560435493,下雨天，人们的脚走在大城市的街道上,空镜,0.00,,5,1,material-lib
7331471677290827058,高速公路与斜拉桥跨越大海，清晨拂晓,空镜,0.00,,9,1,material-lib
7331473255838059827,带玫瑰花的情人节贺卡,空镜,0.00,,9,1,material-lib
7331468705404030218,动物立交桥横跨加拿大公路1号路易斯湖到班夫在秋天，班夫国家公园，加拿大落基山脉，阿尔伯塔，加拿大,空镜,0.00,,9,1,material-lib
7331470465363397915,近距离猫头鹰肖像，野生动物形象,空镜,0.00,,9,1,material-lib
7331470948027223322,冰岛马在日出的风景,空镜,0.00,,9,1,material-lib
7323315917503352115,下雨天透过窗户的景色。雨点落在窗玻璃上，人们在雨天走在城市街道上，模糊了人们的剪影。购物概念，步行，生活方式，天气，季节，现代城市,空镜,0.00,,5,1,material-lib
7331465890107526426,海鸥，从西伯利亚迁徙到泰国的邦浦Samutprakhan，在日落时由游客喂养。飞过大海，在水面上吃东西。,空镜,0.00,,9,1,material-lib
7323353380955507978,女人手捧着一杯咖啡在咖啡馆在雨天,空镜,0.00,,5,1,material-lib
7323360775639289139,三个孩子在享受海滩，大海和海浪,空镜,0.00,,5,1,material-lib
7331436514217348402,铁丝网栅栏上有雪。模糊的雪景，近观。,空镜,0.00,,9,1,material-lib
7323292719474904358,鸟瞰图的秋天森林。白俄罗斯,空镜,0.00,,5,1,material-lib
7323380366956449033,慢镜头，一个白人男子在湖上行驶的甲板上欣赏风景,空镜,0.00,,5,1,material-lib
7322770893082512694,文艺复兴时期的美学:在一个旧的艺术工作室里，没有人的空镜头展示了搁在架上的名画《蒙娜丽莎》。达芬奇创作空间的再创造,空镜,0.00,,5,1,material-lib
7331466204428782857,大海鲢在水中,空镜,0.00,,9,1,material-lib
7322872208462794011,广州江岸的天际线和现代写字楼夜来日来，时光流逝。,空镜,0.00,,5,1,material-lib
7322482108256128283,美丽的航空镜头史诗谷在hardanger，挪威，4k,空镜,0.00,,5,1,material-lib
7322504604271332647,澳大利亚航空镜头内陆河在森林峡谷,空镜,0.00,,5,1,material-lib
7331399022139264319,美丽的海上日落，海洋日出，热带海岛海滩黎明，五彩的粉红紫云，碧蓝的天空，阳光倒映在水面上，宁静的天堂自然景观，暑假，度假，旅游,空镜,0.00,,9,1,material-lib
7331469506470006067,蓝星山风景区的树枝和海洋景观,空镜,0.00,,9,1,material-lib
7323358448303770906,鸟瞰香港市区天际线,空镜,0.00,,5,1,material-lib
7323372248339926281,夏日的天空淡蓝色，云的背景。美丽清澈多云在阳光下平静明亮的冬季空气背景。延时视频片段4K。,空镜,0.00,,5,1,material-lib
7323379162507529510,球满天空,空镜,0.00,,5,1,material-lib
7323317280828361993,下雨天山上形成的云,空镜,0.00,,5,1,material-lib
7323348301565234442,在海边、大海上荡秋千。手工制作的木制秋千,空镜,0.00,,5,1,material-lib
7331469617384279347,泰国南山区的风景。,空镜,0.00,,9,1,material-lib
7331472720040922418,蓝色的天空和蓝色的天空与云可以在背景和书写文字。,空镜,0.00,,9,1,material-lib
7331438741241793801,有趣的圣诞雪人在雪景的背景,空镜,0.00,,9,1,material-lib
7323386119595281701,春天的草地上开满了红色的郁金香花,空镜,0.00,,5,1,material-lib
7323385290091973938,自然美丽的黎明日出天空云在早上与时间推移的云,空镜,0.00,,5,1,material-lib
7323367263413751067,快乐的女人旅行者在黄色连衣裙吹头发呆在车边上的粘土山在大海与早晨的阳光。在乌克兰，斯坦尼斯拉夫悬崖，赫尔森地区的汽车旅行,空镜,0.00,,5,1,material-lib
7331446551593651493,雪景中结霜的芦苇床,空镜,0.00,,9,1,material-lib
7323358891234970918,暴风雨天湿漉漉的草地,空镜,0.00,,5,1,material-lib
7150541411895594248,实拍秋天树林落叶,空镜,0.00,,5,1,material-lib
7323332479601872178,夏季公路上的雨天-散焦背景。在挡风玻璃上移动的水滴,空镜,0.00,,5,1,material-lib
7331467805243526426,可爱的复活节小兔子的春天水彩画。卡通动物兔子无缝粉红色图案与气球和鸟,空镜,0.00,,9,1,material-lib
7331470810210684186,美丽的天空，壮观的云彩和阳光,空镜,0.00,,9,1,material-lib
7331471809356827913,这张照片描绘了一个高压电力塔和电线在多云的蓝色明亮的天空。,空镜,0.00,,9,1,material-lib
7331471650262666505,红色滑翔机在蓝色多云的天空在绿色的山,空镜,0.00,,9,1,material-lib
7323382555921698057,令人惊叹的全景鸟瞰图的山脉与白雪和白色的天空,空镜,0.00,,5,1,material-lib
7331470924601937179,欧洲獾是一种强壮的黑、白、棕、灰相间的动物，头部小，身体结实,空镜,0.00,,9,1,material-lib
7331472034381172019,天空的鸟,空镜,0.00,,9,1,material-lib
7323385085686762790,低角度特写蓝铃草开始开花,空镜,0.00,,5,1,material-lib
7323346953130003750,麦田里两台风力涡轮机正在运转,空镜,0.00,,5,1,material-lib
7323319266017611045,在雨天开车。雨点，镜头上的雨滴,空镜,0.00,,5,1,material-lib
7331463411966020915,1100高地湿地，雪景，雪花，,空镜,0.00,,9,1,material-lib
7322370418592075046,固定的摄影视频的粉色梅花。,空镜,0.00,,5,1,material-lib
7331468475489127707,动物。一只米色的法国斗牛犬孤立白色，圣诞帽和礼物袋,空镜,0.00,,9,1,material-lib
7327335503718649114,南京玄武湖建筑景观天际线,空镜,0.00,,9,1,material-lib
7331466765005819146,西班牙海岸的全景，蓝色的大海和岩石,空镜,0.00,,9,1,material-lib
7323376372422806810,白俄罗斯晴天雾多云天空空中飞行全景4k,空镜,0.00,,5,1,material-lib
7331470858868772147,夜景，星光下的风景,空镜,0.00,,9,1,material-lib
7331440472340155674,圣卡塔琳娜风景多云的雨天,空镜,0.00,,9,1,material-lib
7323368235137633546,木制楼梯通向海滩。多岩石的海岸和暴风雨的大海,空镜,0.00,,5,1,material-lib
7331440255859543334,下雨天，一个年轻人拿着原声吉他坐在满是岩石的海滩上用智能手机,空镜,0.00,,9,1,material-lib
7331470494459284787,"质地、图案,背景。风景与云，屏幕保护程序，白云。天空。傍晚晨曦，天空，白云",空镜,0.00,,9,1,material-lib
7331462534186175794,阿马尔菲海岸和种植柠檬的山坡。意大利的城市和自然全景。傍晚的风景和蜿蜒的道路。天空和大海,空镜,0.00,,9,1,material-lib
7323383861172325659,4K年轻人在外面的移动办公室工作。创意工作者在美丽的老城风景。神奇的水反射,空镜,0.00,,5,1,material-lib
7331460143600667955,在瑞典俯瞰大海的女人,空镜,0.00,,9,1,material-lib
7331470777017044251,银泉倒映着天空,空镜,0.00,,9,1,material-lib
7331471396440198426,动物的脸,空镜,0.00,,9,1,material-lib
7331470684956216585,巨大的摩天大楼映衬着险恶的灰色天空,空镜,0.00,,9,1,material-lib
7323386193230548274,一个可爱的白人小孩坐在桌子旁，端着一盘西兰花和花椰菜。他手里拿着一片卷心菜，高兴地把它当午餐吃了。我们教孩子们健康饮食。,空镜,0.00,,5,1,material-lib
7323360904639221030,阿根廷巴塔哥尼亚的El Chalten雪景。,空镜,0.00,,5,1,material-lib
7323195597194939657,中国深圳日落美景的航拍画面,空镜,0.00,,5,1,material-lib
7323215039698079003,深圳蛇口，中国-城市全景从上面拍摄,空镜,0.00,,5,1,material-lib
7323318621080423690,亚特兰大航拍v404全景，详细的雪景,空镜,0.00,,5,1,material-lib
7331472355354545445,美丽的白色菊花在白色的背景上,空镜,0.00,,9,1,material-lib
7323366159020018970,金色黎明的大海，地平线上有一座小岛,空镜,0.00,,5,1,material-lib
7323369602098990386,汽车在一条土路上穿过苔原，背景是一望无际的风景和湖泊。无人机的摄像头跟踪着它,空镜,0.00,,5,1,material-lib
7331463955551948069,汉拿山，雪景，雪花，,空镜,0.00,,9,1,material-lib
7331430631827721499,雨天，鹤池，阿迪朗达克山，纽约,空镜,0.00,,9,1,material-lib
7323216372702498057,4K:上海陆家嘴景观日落到夜晚的时间流逝，中国,空镜,0.00,,5,1,material-lib
7331473339548011814,Cypredium calceolus。花卉植物的花。水彩背景插图集。边框装饰方形。,空镜,0.00,,9,1,material-lib
7323253414488575283,雪人和雪花飘落在雪景的动画,空镜,0.00,,5,1,material-lib
7331474313016511794,城市丛林灰色斯堪的纳维亚卧室与wabi sabi床头柜和床与花羽绒被和毯子，真实照片,空镜,0.00,,9,1,material-lib
7331465470878420275,汉拿山，雪景，雪花，,空镜,0.00,,9,1,material-lib
7331472502746533130,土耳其，盐湖，盐，云和天空,空镜,0.00,,9,1,material-lib
7322911330577468699,雨中的阳光森林里的蘑菇牛肝菌。,空镜,0.00,,5,1,material-lib
7331445723071876402,冬季雪景,空镜,0.00,,9,1,material-lib
7331473160182730011,花,空镜,0.00,,9,1,material-lib
7331470429195914546,黑暗多云的暴风雨天空,空镜,0.00,,9,1,material-lib
7331473476743613705,泰国南山区的风景。,空镜,0.00,,9,1,material-lib
7323377030966283547,飞越大海。鸟瞰图一片绿色的海水，俯视图。,空镜,0.00,,5,1,material-lib
7331431174176247067,海滨城市暴风雨天空的全景图。阳光，海湾。暴风雨来临前，山谷和山脉上空的暴风雨积云。黑海，新罗西斯克湾，卡巴尔丁卡,空镜,0.00,,9,1,material-lib
7323266703486438666,中国南京夜景的一段时间,空镜,0.00,,5,1,material-lib
7323386331789397286,一个头发花白的男人正在和牙医谈话。爷爷看着镜子里的牙齿，竖起大拇指,空镜,0.00,,5,1,material-lib
7323370715506396467,大海鸥站在码头上,空镜,0.00,,5,1,material-lib
7323323083488529673,下雨天，马萨诸塞州迷人的秋色树木和茂密的森林全景,空镜,0.00,,5,1,material-lib
7331471397748772105,300年的白蜡树，在五彩缤纷的夕阳天空背景下的白蜡树,空镜,0.00,,9,1,material-lib
7331468275844517171,污水管道排入大海,空镜,0.00,,9,1,material-lib
7323377747626118438,壮丽的风景,空镜,0.00,,5,1,material-lib
7331468019161451813,灯塔远高于岩石公路面朝大海的风景照片,空镜,0.00,,9,1,material-lib
7331450006962031909,夏威夷考艾岛上阴雨天日落时凯卡哈附近的威美亚峡谷-地平线上的尼豪岛。,空镜,0.00,,9,1,material-lib
7331472304016215306,奇异的、蓬松的、白云映衬着蓝天。雨云。暴风雨前天空的情况。本空间,空镜,0.00,,9,1,material-lib
7322316028719942924,航空镜头的风力涡轮机在犹他山脉,空镜,0.00,,5,1,material-lib
7331462793998142770,圣诞贺卡与冬天的风景。雪花飘飘，圣诞快乐，新年装饰。DIY的概念。雪景，冬天来了。最小纸艺术风格。有蓝色花环灯的圣诞树。,空镜,0.00,,9,1,material-lib
7323386086288379146,西兰花鸡肉意面,空镜,0.00,,5,1,material-lib
7322490035624774966,一棵干枯的树映衬着乌云密布的天空。多云的天空镜头。,空镜,0.00,,5,1,material-lib
7323386589198011657,和谐自然。一只蝴蝶在黄色的春花上的特写。,空镜,0.00,,5,1,material-lib
7331469969986686234,尼罗河鳄鱼。捕食者非洲水库。爬行动物鳄鱼。,空镜,0.00,,9,1,material-lib
7323347833053056307,波涛汹涌的大海，蓝色的巨浪，白色的浪花和水花,空镜,0.00,,5,1,material-lib
7323386285756878106,花岗岩板材防火加工,空镜,0.00,,5,1,material-lib
7322527734314388799,印尼巴厘岛多云天空背景下的落基山脉的4K航空镜头,空镜,0.00,,5,1,material-lib
7331472546673577242,蝴蝶坐在草地上的一朵花上,空镜,0.00,,9,1,material-lib
7331466049436650802,尼罗河上的动物,空镜,0.00,,9,1,material-lib
7322408221841345828,芬兰拉普兰航空镜头-大雪森林,空镜,0.00,,5,1,material-lib
7322749463708077350,芬兰拉普兰航空镜头-大雪森林,空镜,0.00,,5,1,material-lib
7323385842842537225,用圆锯拉近金属加工的距离。机修工手持工具和打磨钢件。工人在车库或车间切割铁的细节。明亮炽热的火花四处飞舞。,空镜,0.00,,5,1,material-lib
7331469622438350130,美丽的风景，树木和一个池塘的石头，,空镜,0.00,,9,1,material-lib
7331448130510032154,科尔多瓦桥和清真寺从卡拉霍拉塔城垛一个雨天,空镜,0.00,,9,1,material-lib
7331472856968088882,美丽的蓝天和云彩的背景。天空的云。天空有云，天气自然云蓝。蓝天，有云，有太阳。,空镜,0.00,,9,1,material-lib
7331470772852067635,泰国现代竹扇以心形图案与花孤立在白色背景上，以剪径，自然编织垂直纹理，手工制作,空镜,0.00,,9,1,material-lib
7322911079523306762,深圳盐田集装箱码头,空镜,0.00,,5,1,material-lib
7322920648886521098,航空镜头拍摄的狂野的大西洋冲刷着美丽的风景,空镜,0.00,,5,1,material-lib
7323326563947253002,年轻的亚洲甜蜜夫妇感到幸福，用浪漫的时间打雨，而穿着雨衣站在湖边。情侣们在雨天享受和放松的生活方式。,空镜,0.00,,5,1,material-lib
7331471995390922022,大蒜花,空镜,0.00,,9,1,material-lib
7331470773661601051,心水晶玻璃折射阳光-玫瑰花园背景,空镜,0.00,,9,1,material-lib
7323297146445384970,日本，东京，涩谷:夜晚涩谷十字路口周围的冬季雪景。慢镜头。,空镜,0.00,,5,1,material-lib
7323351198453615922,冬天在山坡上的雪景小路,空镜,0.00,,5,1,material-lib
7331471941523524874,风景秀丽的山景,空镜,0.00,,9,1,material-lib
7323388217179311370,花店女孩在花店里做花束，特写,空镜,0.00,,5,1,material-lib
7331446548909264179,风光顶视图美丽的热带森林瀑布，清新的雾，野花与绿色的山在雨天。泰国孔兰国家公园。广角。多雨的季节。柔和的阳光。早....,空镜,0.00,,9,1,material-lib
7331469165762514202,灰色糖滑翔机。树栖滑翔负鼠。外来动物在人类的环境中。,空镜,0.00,,9,1,material-lib
7325796818632150282,南京玄武湖建筑景观天际线,空镜,0.00,,9,1,material-lib
7322782927136328997,瀑布溅水慢动作250fps,空镜,0.00,,5,1,material-lib
7323353932191894822,塞尔维亚Rtanj山脉的时间流逝,空镜,0.00,,5,1,material-lib
7331471868878179634,雨天和船,空镜,0.00,,9,1,material-lib
7323389006098500891,厨房水槽在花岗岩柜台- 4K分辨率,空镜,0.00,,5,1,material-lib
7331439361772375333,雨天。公园里飘落的花瓣。,空镜,0.00,,9,1,material-lib
7331470808964975909,低压电缆和多云的天空,空镜,0.00,,9,1,material-lib
7331470400926371122,野生动物在森林附近的晚春天气晴朗,空镜,0.00,,9,1,material-lib
7323245980525104421,交通圈和积雪景观-鸟瞰图,空镜,0.00,,5,1,material-lib
7323360643103411466,雨天的交通，从汽车上看。,空镜,0.00,,5,1,material-lib
7323386023579290889,废钢材料回收利用。在数控车床上加工金属零件后产生的废铝屑。特写扭曲螺旋钢刨花。小粗糙度清晰度,空镜,0.00,,5,1,material-lib
7331467870834068763,在山顶微笑的女人俯瞰大海,空镜,0.00,,9,1,material-lib
7331472330423602470,人造棉花在女性的粉红色背景上,空镜,0.00,,9,1,material-lib
7323380633152064818,年轻的黑发女人看着秋天的大海,空镜,0.00,,5,1,material-lib
7323307443461557530,在涩谷下雨天的十字路口，走散的行人的慢动作,空镜,0.00,,5,1,material-lib
7323385576730807602,湖边有许多船墩。水面上有许多游艇和船只。美丽的风景覆盖着松树林。,空镜,0.00,,5,1,material-lib
7331464055233776946,汉拿山，雪景，雪花，,空镜,0.00,,9,1,material-lib
7323381363061640499,空中的Beskidy山与阳光明媚的秋天树木和草周围，清晰的天空背景,空镜,0.00,,5,1,material-lib
7331446472400997658,沙漠中的暴风雨天气,空镜,0.00,,9,1,material-lib
7331433704499236146,下雨天，将带有嫩叶和水滴的树枝闭合。,空镜,0.00,,9,1,material-lib
7331472755298192690,欧洲小镇乡村城市与历史悠久的窗户和彩色花卉装饰在阳光明媚的夏天，没有人建筑从低角度向上看,空镜,0.00,,9,1,material-lib
7323368728991730981,移动白云蓝天风景鸟瞰图。在明亮的太阳下，一架无人机在高高的蓝天上飞过蓬松的云。日落时，太阳被云层遮住了,空镜,0.00,,5,1,material-lib
7331464022161657138,粉红色的心形气球在盒子的中间,氛围,0.00,,9,1,material-lib
7327582407702433078,贡嘎山的主峰,氛围,0.00,,9,1,material-lib
7331431058715512091,布店里的彩带,氛围,0.00,,9,1,material-lib
7331420873259273509,在盘子上用彩带和球装饰的圣诞树。从以上观点。,氛围,0.00,,9,1,material-lib
7331469966039977254,白色背景下的气球,氛围,0.00,,9,1,material-lib
7331415495054331146,红色金色抽象背景与模糊的散景光效果。和万圣节词,氛围,0.00,,9,1,material-lib
7331461223130746162,一套彩色气球在粉红色的背景平放顶视图,氛围,0.00,,9,1,material-lib
7323381863601524006,彩色气球和生日快乐的视频,氛围,0.00,,5,1,material-lib
6981378870255586596,写实 月亮树枝风景背景,氛围,0.00,,5,1,material-lib
7322881932864310564,风铃管在微风中移动。,氛围,0.00,,5,1,material-lib
7331470230545288475,卡帕多西亚的热气球,氛围,0.00,,9,1,material-lib
7331468220135738634,拿着香槟的女人在气球旁边,氛围,0.00,,9,1,material-lib
7323335207522782474,燃烧的烟花发出模糊的金色和粉红色的光,氛围,0.00,,5,1,material-lib
7331445620152028425,模糊图像的城市夜晚与圆形灯光背景,氛围,0.00,,9,1,material-lib
7322839418765692199,带冰桶和彩带的雪人,氛围,0.00,,5,1,material-lib
7331440918429519141,用不同的包装纸和彩带把礼物平铺在木质的背景上,氛围,0.00,,9,1,material-lib
7331464751114980635,一个在公园里拿着气球的小女孩的肖像,氛围,0.00,,9,1,material-lib
7323222491013369127,城市夜晚的鸟瞰图,氛围,0.00,,9,1,material-lib
7323373158189354266,年轻开朗的白人女士正坐在家里的桌子旁，庆祝她的生日。手里拿着两个气球，数字是30。网络摄像头的角度。,氛围,0.00,,5,1,material-lib
7323367236104719625,Bruhl Terrace和Hofkirche or Cathedral of Holy Trinity的雕塑和节日烟花——德国萨克森德累斯顿巴洛克教堂,氛围,0.00,,5,1,material-lib
7331403296193744165,三维渲染抽象连接与发光效果在中心。网络连接着点和线,氛围,0.00,,9,1,material-lib
7331412140034755849,散景灯光效果彩色模糊抽象背景,氛围,0.00,,9,1,material-lib
7323330369615367451,粉色和灰色闪闪发光的派对气球，情人节房间装饰，银色氦气球，新娘房间装饰，心形充气气球，新娘用充气氦气球刻字,氛围,0.00,,5,1,material-lib
7322922550256733466,视频片段以橙色和蓝色模糊光条纹的神奇背景吸引眼球，营造出一种特殊的氛围和和谐。模糊的光通量抽象效果,氛围,0.00,,5,1,material-lib
6976172664645897509,炫酷 粒子光线转场,氛围,0.00,,5,1,material-lib
7323287001476730149,抽象的散焦镜头耀斑和光效通过郁郁葱葱的绿色树木在夏威夷的一个阳光明媚的日子,氛围,0.00,,5,1,material-lib
7331468570355895602,圣诞烟花孤立在黑色背景。孟加拉火,氛围,0.00,,9,1,material-lib
7331463924493143333,气球孤立,氛围,0.00,,9,1,material-lib
7331467296411569418,"用红酒敬酒。飞溅,白色背景。把红酒洒在气球玻璃杯上",氛围,0.00,,9,1,material-lib
7331469032043892018,美丽多彩的烟花在晚上,氛围,0.00,,9,1,material-lib
7007266562134527245,4k实拍视频八月十五 中秋节 中秋汉服女子 月饼 大闸蟹,氛围,0.00,,5,1,material-lib
7331468051205917978,西班牙巴伦西亚夜晚城市的背景上放着烟花,氛围,0.00,,9,1,material-lib
7023354023390629133,万圣节南瓜和红蜡烛,氛围,0.00,,5,1,material-lib
7323383680712379657,五颜六色的气球。生日庆祝活动。氦气球。循环动画。,氛围,0.00,,5,1,material-lib
7323312820915834150,晚上气球的剪影,氛围,0.00,,5,1,material-lib
7331416850590420274,又大又快乐的圣诞老人娃娃和许多带着彩带的红色礼盒。圣诞背景、礼物、购物理念。丰富的圣诞,氛围,0.00,,9,1,material-lib
7323289497200905509,散景视频背景的光圈上的黑色。透镜漏光效果,氛围,0.00,,5,1,material-lib
7322844894400138506,黑衣小体操带着彩带在白色的演播室里做体操。可爱的女孩在健身房做伸展运动,氛围,0.00,,5,1,material-lib
7331469296880684298,西班牙巴伦西亚夜晚城市的背景上放着烟花,氛围,0.00,,9,1,material-lib
7323282002063445257,茨城县龙之奴渡桥上的鲤鱼形彩带,氛围,0.00,,5,1,material-lib
7323318945153289510,在土耳其卡帕多西亚的戈雷米，一个小女孩正在拍摄热气球在红色和玫瑰山谷飞行的照片,氛围,0.00,,5,1,material-lib
7331472023916530971,节日的彩带和彩旗顺风飘动,氛围,0.00,,9,1,material-lib
7331471913304214834,漂亮的学前班女孩住在白色的工作室里还有粉色的心形气球,氛围,0.00,,9,1,material-lib
7331346949179739446,中国的长城,氛围,0.00,,9,1,material-lib
7331464430770851099,美妙的多色烟花庆祝活动在抽象照片模糊曼谷城市景，河的景色在黄昏时间，新年快乐和庆祝概念,氛围,0.00,,9,1,material-lib
7331469946578390299,一位热情的年轻女子，身穿白色连衣裙，手里拿着礼品盒和气球，背景是粉红色的。3月8日的概念,氛围,0.00,,9,1,material-lib
7322932817447390502,池塘里盛开的粉红荷花,氛围,0.00,,5,1,material-lib
7331193011973508361,奥克兰城市夜晚时间,氛围,0.00,,9,1,material-lib
7323350405495262515,没有焦点的烟花的细节。慢动作,氛围,0.00,,5,1,material-lib
7323386874788121866,将香槟倒进带有金色泡泡和金色抽象闪光的笛子中，在黑色的背景上点燃烟花,氛围,0.00,,5,1,material-lib
7331389145417338123,聚光灯设置在透明背景孤立。向量发光的光效果与金色光线和镜头耀斑。,氛围,0.00,,9,1,material-lib
7323294769948511526,海滨餐厅的灯光设计。圣诞树上缠着霓虹彩带。,氛围,0.00,,5,1,material-lib
7323269831778782474,4K光线动画。背景上的发光或阳光效果-可循环,氛围,0.00,,5,1,material-lib
7331469906954833190,粉红色的气球。,氛围,0.00,,9,1,material-lib
7331392951811198244,抽象数字未来主义现代线点和散景光效果插图背景。,氛围,0.00,,9,1,material-lib
7323367155200740646,五颜六色的气球在小镇上空的蓝天上飞翔,氛围,0.00,,5,1,material-lib
7323330567779536154,烟花在节日的夜空中闪烁,氛围,0.00,,5,1,material-lib
7323265091250539785,摘要彩色光效星形背景,氛围,0.00,,5,1,material-lib
7323269598969679155,流动水中的动画石头在河床阳光下的健康环境下的岩石卵石上显示出晶莹剔透的河水的丝绸般的涟漪，平滑美丽的光效果,氛围,0.00,,5,1,material-lib
7323233363219762458,五彩的彩带在风中飘扬,氛围,0.00,,5,1,material-lib
7331452145486548233,这是冰岛乡村美丽的风景，夏日鲜花盛开，粉红色的天空倒映在流向大海的小溪中，背景是尖顶的岩石和山脉。维克。,氛围,0.00,,9,1,material-lib
7331430378072214834,宁静的大海和蓝天景观,氛围,0.00,,9,1,material-lib
7331460450384694538,圣诞背景用红帽子，彩带树装饰,氛围,0.00,,9,1,material-lib
7331418208936742171,彩带树被认为能带来好运。,氛围,0.00,,9,1,material-lib
7323282341906926874,彩带横幅以文字计获奖，海报采用波普艺术风格。运动图形。,氛围,0.00,,5,1,material-lib
7331420297645542665,模糊的形象，人们购物在五金店或仓库的各种室内和室外吊扇，平装，嵌入式，轨道灯，led。带有灯光效果的复古色调。,氛围,0.00,,9,1,material-lib
7323382792430144794,美丽的粉红色荷花盛开在池塘的水面上,氛围,0.00,,5,1,material-lib
7326233116534770954,现代城市夜晚的现代建筑,氛围,0.00,,9,1,material-lib
7322886949524557093,蓝色背景上的新年舞会和彩带,氛围,0.00,,5,1,material-lib
7331465138270129434,气球的心孤立,氛围,0.00,,9,1,material-lib
7331461832332381467,土耳其卡帕多西亚，日出时，热气球飞过令人惊叹的风景,氛围,0.00,,9,1,material-lib
7323374347983260954,美丽的百合荷花靠近大自然的湖水,氛围,0.00,,5,1,material-lib
7323364428018175242,节日彩色气球飞行的动画背景,氛围,0.00,,5,1,material-lib
7323325980817313034,杭州千岛湖鸟瞰图,氛围,0.00,,5,1,material-lib
7322721387838328076,杭州千岛湖的鸟瞰图,氛围,0.00,,5,1,material-lib
7323329112540564774,4 k。真正的烟花背景。夜空中闪烁的烟花。发光的闪光。除夕放烟花庆祝。五彩缤纷的新年烟花,氛围,0.00,,5,1,material-lib
7323346359241772325,用节日彩带包装节日礼物的女人手,氛围,0.00,,5,1,material-lib
7323363195379371274,新年倒计时烟花表演,氛围,0.00,,5,1,material-lib
7331472737203916041,气球，从人群中脱颖而出，领导理念。,氛围,0.00,,9,1,material-lib
7323326306450525477,美丽多彩的烟花表演在晚上庆祝节日,氛围,0.00,,5,1,material-lib
7323338157368380723,从热气球上鸟瞰日出在童话般的风景山丘Kapadokya与晨光,氛围,0.00,,5,1,material-lib
7323260082622352666,白人妇女手持粉红癌症意识彩带的上腹部视频,氛围,0.00,,5,1,material-lib
7331463367456083238,节日装饰和灯光效果,氛围,0.00,,9,1,material-lib
7323326558326754586,在圣诞节或排灯节或新年燃放烟花。全世界都在庆祝鞭炮。全高清剪辑烟花的背景。华丽的节日烟花庆祝概念,氛围,0.00,,5,1,material-lib
7323273143689219365,音乐会舞台灯光效果旋转,氛围,0.00,,5,1,material-lib
7322924272308063498,神秘的树，彩带在夕阳中随风飘动，,氛围,0.00,,5,1,material-lib
7331470161267952923,黑色背景下的金色烟花,氛围,0.00,,9,1,material-lib
7323311014072651045,快乐的女孩走在街上，气球在旋转,氛围,0.00,,5,1,material-lib
7331394236958493961,3D插图的橙色霓虹灯字母字符大写字母。霓虹灯管大写字母橙色辉光效果在黑色金属盒。3d渲染孤立的白色背景。,氛围,0.00,,9,1,material-lib
7322849627307363647,礼盒与红色蝴蝶结彩带木桌和心形颗粒为情人节。,氛围,0.00,,5,1,material-lib
7323348598203108617,土耳其卡帕多西亚日出时，热气球从山上飞下来，上面挤满了人,氛围,0.00,,5,1,material-lib
7323285469389753651,4k循环科幻粒子背景微世界或空间与散景和灯光效果。发光的蓝色粒子形成线，表面，复杂的圆形结构在平滑运动。,氛围,0.00,,5,1,material-lib
7331466149487463690,彩色的气球系在房子上,氛围,0.00,,9,1,material-lib
7323388880713977114,沙滩上五颜六色的烟花,氛围,0.00,,5,1,material-lib
7323352766569631014,烟花闪光粒子动画运动图形,氛围,0.00,,5,1,material-lib
7323298685452864778,可爱的宝宝对着镜头微笑。镜头光晕击中相机，产生发光效果,氛围,0.00,,5,1,material-lib
7323335209515076902,动画气球漂浮在旋转的镜子球,氛围,0.00,,5,1,material-lib
7322898064119729446,茨城县龙之奴渡桥上的鲤鱼形彩带,氛围,0.00,,5,1,material-lib
7323316816611216666,镜头光斑，明亮的下午太阳与镜头光斑，镜头光斑过渡光效应，镜头光斑效应的黑色背景，光条纹，灯光光学镜头光斑,氛围,0.00,,5,1,material-lib
7331394400720833830,圣诞节的装饰用彩纸做成的彩带，孤立的蝴蝶结在白色的背景上,氛围,0.00,,9,1,material-lib
7323323949238996261,烟花在夜空中闪烁。慢动作，180帧/秒。真正的烟烟火,氛围,0.00,,5,1,material-lib
7323316935179963657,美丽的年轻女子的肖像与黑色卷曲的头发微笑跳舞在她的手气球雨五彩纸屑在蓝色的背景,氛围,0.00,,5,1,material-lib
7331466465759005990,插图光滑的玫瑰金，粉色，绿色，金属条纹气球和白色纸在柔和的颜色背景。为生日、派对、社交媒体宣传横幅和海报腾出的空间。3d渲染现实气球,氛围,0.00,,9,1,material-lib
7331472211208850739,夜空上的烟花,氛围,0.00,,9,1,material-lib
7331418205740748042,女人坐在沙发上，用她的手机听着音乐，灯光效果,氛围,0.00,,9,1,material-lib
7331394862195002636,镜头光晕在黑色背景。镜头光晕辉光效果在黑色背景。易于添加覆盖或屏幕过滤器的照片,氛围,0.00,,9,1,material-lib
7331470178884144422,烟花度假。,氛围,0.00,,9,1,material-lib
7323364296765787430,阳光透过树叶照进来,氛围,0.00,,5,1,material-lib
7323307628388420915,舞台灯光、夜生活、夜店、灯光效果、舞蹈、音乐、电灯的概念,氛围,0.00,,5,1,material-lib
7331466998834105638,烟花,氛围,0.00,,9,1,material-lib
7331427619243642150,柔焦散景光效果在涟漪，蓝色的水背景,氛围,0.00,,9,1,material-lib
7331445491810553114,抽象模糊的美丽的水青色与闪光光环和闪光射线镜头光晕光效果为美丽的背景概念。的语气,氛围,0.00,,9,1,material-lib
7331451847162531123,模糊的散景背景，灯光效果，闪光，火红的灯光，节日，黄色的圆圈，黑色，圣诞节，乐趣,氛围,0.00,,9,1,material-lib
7323281591978052890,近距离拍摄鲜花、彩带和专业花匠的其他工具躺在桌子上。花束的整理和包装。送花的概念，工作坊或网上商店,氛围,0.00,,5,1,material-lib
7331461608809450790,笑嘻嘻的年轻女子在黑色连衣裙指向相机和拿着气球，庆祝孤立的红色背景。妇女节新年生日模型节日派对概念。,氛围,0.00,,9,1,material-lib
7322841940406324506,装饰性的彩带在风中摇曳,氛围,0.00,,5,1,material-lib
7331468034403519753,黑色背景上有很多金色的气球。哑光、有光泽和透明的气球。,氛围,0.00,,9,1,material-lib
7323260043657235763,彩色的圆点形状的彩纸在黑色背景上与发光的散景光效果飞行。视频动画背景。,氛围,0.00,,5,1,material-lib
7331398081335938342,资深男士打电话，双重曝光，光效果,氛围,0.00,,9,1,material-lib
7323302618158206259,彩带和蝴蝶结霓虹灯在砖墙上,氛围,0.00,,5,1,material-lib
7323337704429735206,五颜六色的节日烟花在夜空的背景。4k (UHD) 3840x2160格式。,氛围,0.00,,5,1,material-lib
7331466405960830235,烟花,氛围,0.00,,9,1,material-lib
7331389033723088164,背景与散景和灯光效果。辉光梯度多色粒子形成线，表面，弦结构的虚拟空间或全息图的HUD屏幕,氛围,0.00,,9,1,material-lib
7323364956122909989,晚上大红灯笼和烟花表演,氛围,0.00,,5,1,material-lib
7331469346591608102,大大小小的黑色气球背景，在厂房里,氛围,0.00,,9,1,material-lib
7331348855402941747,城市夜晚的路灯,氛围,0.00,,9,1,material-lib
7323363083131309349,霓虹灯闪烁着手中的符号。一套原始的星星闪烁图标。灿烂的烟花，装饰亮晶晶，闪闪发光。运动图形,氛围,0.00,,5,1,material-lib
7331467015250660635,圣诞烟花孤立在黑色背景。孟加拉火,氛围,0.00,,9,1,material-lib
7323270046040575283,五彩缤纷的彩带或花环在夏日晴朗的日子里随风飘扬，蓝天白云。宗教仪式的节日装饰的概念。,氛围,0.00,,5,1,material-lib
7323302335462051110,杭州湾大桥夕阳美景,氛围,0.00,,5,1,material-lib
7331466385689726245,消失的气球和蜡烛在黄色的背景花的形式。庆祝生日，过节。极简主义的趋势。俯视图,氛围,0.00,,9,1,material-lib
7323298702758595849,天空中非常美丽的云。体积光效应。阳光被逐渐逼近的乌云遮住了。天空间隔拍摄。积云垂直发展。对流层中的对流。,氛围,0.00,,5,1,material-lib
7323341836137860361,万圣节快乐_1文字祝福从烟花颗粒贺卡。,氛围,0.00,,5,1,material-lib
7331395430741200147,用彩带把圣诞节或其他节日手工制作的礼物用工艺纸包好。礼品盒，桌子上的礼品装饰，顶部视图与复制空间,氛围,0.00,,9,1,material-lib
7322862657990610226,放松的氛围,氛围,0.00,,5,1,material-lib
7322835529450442035,茨城县龙之奴渡桥上的鲤鱼形彩带,氛围,0.00,,5,1,material-lib
7323325488208891174,烟花在深黑色的天空背景与西班牙语圣诞问候信息，完美的圣诞节和新年庆祝，排版设计-事件和节日概念4K,氛围,0.00,,5,1,material-lib
7331469114269043978,新年的香槟酒杯和烟花背景,氛围,0.00,,9,1,material-lib
7331415098873040178,红色金色抽象背景与模糊的散景光效果。和万圣节词,氛围,0.00,,9,1,material-lib
7331257202553949479,古丝绸之路、张掖七彩丹霞是中国甘肃省的自然奇观,氛围,0.00,,9,1,material-lib
7331391220297534746,水彩插图的圣诞节日树球装饰图案设置在红色的颜色墨水彩带画和孤立在白色背景,氛围,0.00,,9,1,material-lib
7331391966858448165,亮丽的明星。透明背景上的光效果。,氛围,0.00,,9,1,material-lib
7323342785317260594,2023年新年烟花,氛围,0.00,,5,1,material-lib
7331469393429384458,曼谷新年倒计时烟花,氛围,0.00,,9,1,material-lib
7331386369845054731,蓝色圆框门户，抽象设计元素，点和粒子形状为混合模式，孤立的点和粒子光效果。,氛围,0.00,,9,1,material-lib
7323327744224300325,兴奋美丽的年轻多民族女性旅行者与非洲发型使用笔记本电脑在洛基峡谷山谷。热气球在山地国家公园飞行。徒步旅行。,氛围,0.00,,5,1,material-lib
7331472895387897097,两个复古锡机器人在一起一个拿着一个红色的大气球,氛围,0.00,,9,1,material-lib
7331436590574603529,皮埃罗嘉年华面具的特写，背景是彩色的彩带,氛围,0.00,,9,1,material-lib
7323276253102918963,4k循环科幻粒子背景与散景和灯光效果。发光的蓝色粒子形成线，表面，复杂的结构在平滑运动，就像在微世界或空间。16,氛围,0.00,,5,1,material-lib
7331463218348477722,节日装饰和灯光效果,氛围,0.00,,9,1,material-lib
7331471492250668314,令人惊叹和美丽的烟花在黑暗的背景,氛围,0.00,,9,1,material-lib
7331430480195112201,桔金橘树上，外来水果在树枝和水滴在他们与早晨的阳光效果。,氛围,0.00,,9,1,material-lib
7331464468288867634,儿童节和欢乐的充气球,氛围,0.00,,9,1,material-lib
7323279566670187814,多边形未来矩阵数字和蓝色激光抽象光效果下降和结束是红色警报错误在黑屏上,氛围,0.00,,5,1,material-lib
7331461901924322610,小男孩带着绿色的气球和大云朵在草地上奔跑，数码绘画,氛围,0.00,,9,1,material-lib
7331463028765904165,男孩拿着一个气球，上面写着“快乐的人”遮住了他自己的脸,氛围,0.00,,9,1,material-lib
7331468810312043802,圣诞烟花孤立在黑色背景。孟加拉火,氛围,0.00,,9,1,material-lib
7323343495807225098,12岁生日快乐黑色文本与金色的五彩纸屑和闪光粒子，彩色飞行气球无缝循环动画的礼物问候，邀请卡，派对，庆祝，节日。,氛围,0.00,,5,1,material-lib
7331462369983483145,旧金山美丽的新年烟花,氛围,0.00,,9,1,material-lib
7322876199951273228,五彩缤纷的装饰为传统的朱尼纳南美派对。天花板上挂着气球和彩带,氛围,0.00,,5,1,material-lib
7323309104791948595,感谢退伍军人短信横幅和气球漂浮在白人士兵拥抱他的女儿,氛围,0.00,,5,1,material-lib
7331392968949075241,特写枝与花的白色兰花蝴蝶兰背光效果,氛围,0.00,,9,1,material-lib
7331398288308030746,商人使用笔记本电脑，双重曝光，光效果,氛围,0.00,,9,1,material-lib
7322870203782581542,仲夏。用彩带装饰的树枝,氛围,0.00,,5,1,material-lib
7323253224725548326,孤立的彩色光线光线动画。黑屏上的阳光效果。闪光，闪亮，明亮，闪光镜头。,氛围,0.00,,5,1,material-lib
7331468456778304818,圣诞烟花孤立在黑色背景。孟加拉火,氛围,0.00,,9,1,material-lib
7331448022766816538,沙丘上的夕阳在天空中闪耀着粉红色的光芒,氛围,0.00,,9,1,material-lib
7331462275162803507,年轻女子用气球摆姿势庆祝新年,氛围,0.00,,9,1,material-lib
7331429817964956966,五彩纸屑和彩带剪纸在白色的背景,氛围,0.00,,9,1,material-lib
7323300875487743258,3D动画美丽的视频彩色抽象明亮的光能4K平滑的线条波闪闪发光的光效果在中心的圆形形状，黑色的背景,氛围,0.00,,5,1,material-lib
7326041909829373221,两个攀登者之间伸出援手的剪影,氛围,0.00,,9,1,material-lib
7331404868860529958,灯光效果背景，抽象灯光背景，漏光,氛围,0.00,,9,1,material-lib
7323335506979261734,夜空中的烟花。,氛围,0.00,,5,1,material-lib
7331470740987989258,夜空上的烟花,氛围,0.00,,9,1,material-lib
7331404592099478811,彩带运动多彩在天圣诞节和新年的天空与副本空间添加文本,氛围,0.00,,9,1,material-lib
7331340336893070631,中国的长城,氛围,0.00,,9,1,material-lib
7322900223741758758,多民族朋友用彩带庆祝,氛围,0.00,,5,1,material-lib
7323278481129803035,圣诞树的夜晚与灯光效果的背景,氛围,0.00,,5,1,material-lib
7331034044836187402,巴厘岛风景如画的瀑布,氛围,0.00,,9,1,material-lib
7331405947828505866,日食与灯光效果的背景,氛围,0.00,,9,1,material-lib
7323388262414945563,集装箱船穿过伊斯坦布尔博斯普鲁斯海峡航拍镜头-伊斯坦布尔/4K,氛围,0.00,,5,1,material-lib
7331457529265818931,存钱的概念。有阳光效果的阿尔及利亚第纳尔纸币玻璃罐,氛围,0.00,,9,1,material-lib
7331464941486050597,气球独角兽的形状泄气来到了地球,氛围,0.00,,9,1,material-lib
7326147646807117094,双重曝光的商务人士男女在城市夜晚的背景下会面握手,氛围,0.00,,9,1,material-lib
7323322362340871475,紫色抽象形状与多个心形气球落在白色背景,氛围,0.00,,5,1,material-lib
7331472522581413147,微笑的女学生拥抱，拿着五颜六色的气球，看着孤立在白色的相机,氛围,0.00,,9,1,material-lib
7331451415191129394,散景灯光照亮了现代城市夜晚的天际线,氛围,0.00,,9,1,material-lib
7331396618987638043,森林的梦幻和抽象的形象。双重曝光效果与水彩笔触纹理。,氛围,0.00,,9,1,material-lib
7331343119138458890,冬季牧场与落基山脉的背景,氛围,0.00,,9,1,material-lib
7331464218933300489,彩色气球与氦气隔离,氛围,0.00,,9,1,material-lib
7331405012326780170,散景灯光效果彩色模糊抽象背景,氛围,0.00,,9,1,material-lib
7331471940357508402,夜空上的烟花,氛围,0.00,,9,1,material-lib
7322925031049252123,背景彩带线波浪运动白色背景,氛围,0.00,,5,1,material-lib
7331407765392411954,在乡村木材背景上的老式厨房用具。叉子，勺子和刀的特写，美丽的白色百合花在白纸上作为复制空间，自然的侧光效果。婚礼卡片,氛围,0.00,,9,1,material-lib
7323313582731562266,扩音器里的演讲气球上挂着以色列和俄罗斯的国旗。3D动画相关的跨文化对话或国际对话,氛围,0.00,,5,1,material-lib
7331463387961920805,年轻女子用气球摆姿势庆祝新年,氛围,0.00,,9,1,material-lib
7331436930795572518,用阳光效应，商业解决方案，成功和战略理念，近距离连接拼图完成任务,氛围,0.00,,9,1,material-lib
7323360657179446555,2d绿幕卡通邮票动画。,绿幕,0.00,,5,1,material-lib
7331344830414490917,绿幕猫,绿幕,0.00,,9,1,material-lib
7323238411161079077,绿幕丝绒绳特写,绿幕,0.00,,5,1,material-lib
7323192120855006501,绿幕背景上的烟火,绿幕,0.00,,5,1,material-lib
7323307927278751027,亚洲女性，在工作室里用绿幕眨眼睛，对色度键充满信心。肖像，年轻的女性和幸福的z世代的人眨着眼睛，笑着笑着,绿幕,0.00,,5,1,material-lib
7323248232581106995,手持挥舞的旗帜与绿幕背景3d建模和动画循环- Cgi瑙鲁旗帜正在挥舞的旗帜在绿幕背景Chroma Keying,绿幕,0.00,,5,1,material-lib
7323287902656400678,鹦鹉坐在绿幕上,绿幕,0.00,,5,1,material-lib
7331369031045238042,一个中东人指着绿幕,绿幕,0.00,,9,1,material-lib
7331253515165240603,他做了一笔大买卖，收到了纸币。数钱绿幕,绿幕,0.00,,9,1,material-lib
7331321311265951039,非裔美国妇女使用监视器与绿幕模板工作,绿幕,0.00,,9,1,material-lib
7323283450860014886,在绿幕工作室里，有面孔，有思想，有想法，有点头，有决定，有计划。沉思，肖像或困惑的亚洲人的决定，选择或解决方案在孤立的模型背景,绿幕,0.00,,5,1,material-lib
7323250172006386970,球在绿幕上以慢动作飞入篮筐。漂亮的职业篮球投篮。运动概念。3d动画4k超高清3840x2160。,绿幕,0.00,,5,1,material-lib
7323224817015082277,绿幕背景上的烟火,绿幕,0.00,,5,1,material-lib
7323193465263721738,闪电效果绿幕运动图形,绿幕,0.00,,5,1,material-lib
7331199464692043046,绿幕背景中的印尼女子，手指放在额头上，一脸困惑，试图思考,绿幕,0.00,,9,1,material-lib
7323270030823542043,金刚鹦鹉在绿幕上飞翔,绿幕,0.00,,5,1,material-lib
7323238668037033267,绿幕上吃牛。动物的概念，野生动物，游戏，回到学校，3d动画，短视频，电影，卡通，有机，色度键，角色动画，设计元素，主题设置，循环,绿幕,0.00,,5,1,material-lib
7323192243106483507,猫头鹰滑翔绿幕(可循环),绿幕,0.00,,5,1,material-lib
7331152405498809612,绿幕背景:现场新闻工作室，专业男主播报道当天的事件。电视频道新闻编辑室概念。色度键模板背景,绿幕,0.00,,9,1,material-lib
7329716081411607845,女药剂师拿着一盒带绿幕的药丸,绿幕,0.00,,9,1,material-lib
7323301333476379942,泡泡在绿幕上飞舞,绿幕,0.00,,5,1,material-lib
7323297868792614181,亚洲女学生在绿幕工作室使用手机,绿幕,0.00,,5,1,material-lib
7323225316091088154,雪花飘落绿幕动画,绿幕,0.00,,5,1,material-lib
7323232199170428211,在绿幕上吃鸡肉。动物的概念，野生动物，游戏，回到学校，3d动画，短视频，电影，卡通，有机，色度键，人物动画，设计元素，主题集，,绿幕,0.00,,5,1,material-lib
7331386257509010725,医生给病人看绿幕,绿幕,0.00,,9,1,material-lib
7331113848738696458,健康医生和病人看着绿幕,绿幕,0.00,,9,1,material-lib
7323244266019360027,绿幕上钩子的2D动画插图,绿幕,0.00,,5,1,material-lib
7331201205516979507,绿幕拍摄的女人享受着自制的健康餐。,绿幕,0.00,,9,1,material-lib
7323293716318375205,2022年新年快乐定格动画概念。白绳子，孤立在绿幕背景上。,绿幕,0.00,,5,1,material-lib
7331109611195419954,电影板板或拍板和人的手。工作室内的白色胶片隔板和绿幕背景。,绿幕,0.00,,9,1,material-lib
7323219967808179506,在绿幕上吃牛。动物概念，野生动物，游戏，回校，3d动画，短视频，电影，卡通，有机，色度键，人物动画，设计元素，主题设置，可循环,绿幕,0.00,,5,1,material-lib
7323275390032579877,一个英俊的微笑英俊的男人做手指枪/手势的长镜头。背景为绿幕。,绿幕,0.00,,5,1,material-lib
7323212704141839643,礼品盒落绿幕,绿幕,0.00,,5,1,material-lib
7331306871862643979,人像拍摄的快乐的人鼓掌，鼓掌，绿幕,绿幕,0.00,,9,1,material-lib
7323262059989208346,权力，绿幕和女人的手臂弯曲与女性赋权，动机和模型空间的工作室。肌肉的柔韧，力量和肖像坚强的女孩与骄傲，性别平等和幸福。,绿幕,0.00,,5,1,material-lib
7323255603097374002,一位亚洲商人站在演播室的绿幕上，展示着和平的姿态和微笑,绿幕,0.00,,5,1,material-lib
7331230731768761636,男子肖像说你好，绿幕,绿幕,0.00,,9,1,material-lib
7330845827377696012,向量奢华绿幕,绿幕,0.00,,9,1,material-lib
7331279707649871143,剧院里的绿幕。,绿幕,0.00,,9,1,material-lib
7331220787187158335,带绿幕马达的电影摄影机,绿幕,0.00,,9,1,material-lib
7331230518261861695,男人给飞吻肖像，绿幕,绿幕,0.00,,9,1,material-lib
7323290652513471794,氦气气球。字母q与绿幕和阿尔法光哑光频道。循环动画。,绿幕,0.00,,5,1,material-lib
7323307150015548681,绿幕上吃牛。动物的概念，野生动物，游戏，回到学校，3d动画，短视频，电影，卡通，有机，色度键，角色动画，设计元素，主题设置，循环,绿幕,0.00,,5,1,material-lib
7329725759210278181,近距离专注的女商人站在绿幕背景,绿幕,0.00,,9,1,material-lib
7331155405567053119,绿幕猫,绿幕,0.00,,9,1,material-lib
7323384326316379443,戴着帽子的酷摇滚吉他手在绿幕上弹奏电吉他,绿幕,0.00,,5,1,material-lib
7331031108546563379,在服装店有绿幕的男人,绿幕,0.00,,9,1,material-lib
7331292396141006089,近距离的妇女在绿幕背景摆姿势,绿幕,0.00,,9,1,material-lib
7323319251312315675,3D骰子滚动绿幕,绿幕,0.00,,5,1,material-lib
7323281614098681139,飞行卡通英镑绿幕背景。4K,绿幕,0.00,,5,1,material-lib
7331310463021567271,各种各样的朋友在绿幕模板上看电视剧,绿幕,0.00,,9,1,material-lib
7323296392053607690,鹿跑绿幕(可循环),绿幕,0.00,,5,1,material-lib
7323297818435751205,日元下跌的迹象出现在绿幕股票视频上,绿幕,0.00,,5,1,material-lib
7331056251595427091,眼睛从绿幕的舞台向外凝视,绿幕,0.00,,9,1,material-lib
7323276603016957234,绿幕背景:现场新闻演播室与专业女主播报道当天的事件。电视频道新闻编辑室概念。色度键背景与跟踪标记,绿幕,0.00,,5,1,material-lib
7331073607545736458,男子摇头作为Yes标志的肖像，绿幕,绿幕,0.00,,9,1,material-lib
7331266868231146790,绿幕摄影棚，有灯光和电影摄影机。三维渲染,绿幕,0.00,,9,1,material-lib
7331001115024084261,从里面向上看的苦瓜绿幕,绿幕,0.00,,9,1,material-lib
7331212311249669439,一个戴着黑色面具的男人被隔离在绿幕背景上,绿幕,0.00,,9,1,material-lib
7331321469248474404,非裔美国妇女在绿幕工作，戴着耳机听歌,绿幕,0.00,,9,1,material-lib
7331054209242057995,绿幕夜窗,绿幕,0.00,,9,1,material-lib
7331338530477673754,绿幕猫,绿幕,0.00,,9,1,material-lib
7331089890727267610,绿幕时装设计师,绿幕,0.00,,9,1,material-lib
7331058940022770982,男人指着相机的肖像，绿幕,绿幕,0.00,,9,1,material-lib
7323260614489410853,绿幕背景3d建模和动画循环- Cgi库班人民共和国旗帜挥舞的手在绿幕背景上的旗帜Chroma键影,绿幕,0.00,,5,1,material-lib
7323345680955706634,医生给病人看绿幕,绿幕,0.00,,5,1,material-lib
7323195963261193482,棒球以慢动作飞向绿幕,绿幕,0.00,,5,1,material-lib
7323317916957461798,亚洲摄影师站在工作室绿幕背景上拍照前更换镜头的特写,绿幕,0.00,,5,1,material-lib
7331114584381738259,绿幕背景:现场新闻工作室，专业女主播报道当天的事件。电视频道新闻编辑室概念。色度键模板背景,绿幕,0.00,,9,1,material-lib
7331152638580378899,绿幕背景:现场新闻工作室，专业女主播报道当天的事件。电视频道新闻编辑室概念。色度键模板背景,绿幕,0.00,,9,1,material-lib
7331113822758980901,女模特做祈祷手签名全身绿幕背景,绿幕,0.00,,9,1,material-lib
7330882044513307958,剧场的绿幕或翠绿幕微微拉开,绿幕,0.00,,9,1,material-lib
7329735457594461491,雨100美元绿幕色度关键背景,绿幕,0.00,,9,1,material-lib
7323267661436063014,绿幕魔术球,绿幕,0.00,,5,1,material-lib
7323272964378578186,飞尘微粒绿幕运动图形,绿幕,0.00,,5,1,material-lib
7331369229553339659,绿幕背景中的印尼女子，手指放在下巴上，看起来很困惑,绿幕,0.00,,9,1,material-lib
7323254413592726810,五星评级与感谢绿幕动画4k。金色五星反馈评级动态图形绿屏。,绿幕,0.00,,5,1,material-lib
7331151879075827007,绿幕猫,绿幕,0.00,,9,1,material-lib
7323268539597606170,花落绿幕,绿幕,0.00,,5,1,material-lib
7323287630760725797,有钱的印度人把钱当做绿幕,绿幕,0.00,,5,1,material-lib
7331287518043802918,体育迷坐在沙发上看绿幕电视上的体育比赛，模拟鼓励最喜欢的球队,绿幕,0.00,,9,1,material-lib
7323310046014672166,天鹅看绿幕,绿幕,0.00,,5,1,material-lib
7323294075296288050,飞行卡通瑞士法郎绿幕背景。4K,绿幕,0.00,,5,1,material-lib
6969482009043389704,飘雪，雪花，下雪 ,绿幕,0.00,,5,1,material-lib
7331096576934284581,疲惫的圣诞老人在绿幕上打哈欠,绿幕,0.00,,9,1,material-lib
7331019475203935526,幕后摄像机和绿幕为电影或电影制作和设备在大制片厂。,绿幕,0.00,,9,1,material-lib
7331114489988926783,绿幕背景:现场新闻工作室，专业男主播报道当天的事件。电视频道新闻编辑室概念。色度键模板背景,绿幕,0.00,,9,1,material-lib
7331041857356516646,女商人看着绿幕,绿幕,0.00,,9,1,material-lib
7323224845288820005,绿幕上垂死的青蛙。动物的概念，野生动物，游戏，回到学校，3d动画，短视频，电影，卡通，有机，色度键，角色动画，设计元素，主题集，可循环,绿幕,0.00,,5,1,material-lib
7331307427641494803,睡觉的人打盹的肖像，绿幕,绿幕,0.00,,9,1,material-lib
7323295572570475827,绿幕上的五彩纸屑爆炸,绿幕,0.00,,5,1,material-lib
7323291598702349594,亚洲摄影师站在摄影棚的绿幕背景上用相机拍照,绿幕,0.00,,5,1,material-lib
7323247369598946598,银色的氦气球。字母s与绿幕和阿尔法光哑光通道。循环动画。,绿幕,0.00,,5,1,material-lib
7331334896427797799,蓝色主题的电视演播室背景与绿幕,绿幕,0.00,,9,1,material-lib
7323266149276323099,运动员对着绿幕练习足球,绿幕,0.00,,5,1,material-lib
7323300707380104499,绿幕肖像年轻女子在网上花钱,绿幕,0.00,,5,1,material-lib
7331351870771842314,绿幕背景:现场新闻工作室，专业男主播报道当天的事件。电视频道新闻编辑室概念。色度键模板背景,绿幕,0.00,,9,1,material-lib
7331238692394159399,无人机飞行无人机的细节，这个自动无人机四轴飞行器存储飞行监控观看天空隔离在绿幕技术3d渲染,绿幕,0.00,,9,1,material-lib
7323302161842998565,亚洲圣诞老人站在绿幕前头痛,绿幕,0.00,,5,1,material-lib
7331104906281061670,戈雅果实生长在苦瓜藤的绿幕上。,绿幕,0.00,,9,1,material-lib
6981742922588835086,山洞绿幕素材,绿幕,0.00,,5,1,material-lib
7323243188288769289,鹰在绿幕上飞翔,绿幕,0.00,,5,1,material-lib
7330926948274801946,绿幕上的哈努卡梅诺拉,绿幕,0.00,,9,1,material-lib
7008809352832240909,大雁 飞鸟 一群鸟  鸟儿 绿幕素材,绿幕,0.00,,5,1,material-lib
7323279606998502694,年轻的企业家看着绿幕显示器,绿幕,0.00,,5,1,material-lib
7331054106167102770,绿幕背景上的印尼女人有个主意,绿幕,0.00,,9,1,material-lib
7167119214342311175,科技 引导关注框 关注,绿幕,0.00,,5,1,material-lib
7330990124244782386,工匠在车间使用绿幕,绿幕,0.00,,9,1,material-lib
7323288552555416842,绿幕上的大雪,绿幕,0.00,,5,1,material-lib
7331048486626004274,过渡绿幕色度集7过渡视频,绿幕,0.00,,9,1,material-lib
7323270047395253531,绿幕上的雪花，圣诞庆典，新年贺卡,绿幕,0.00,,5,1,material-lib
7323238150204050714,4k动画-恐龙在绿幕背景上行走,绿幕,0.00,,5,1,material-lib
7331129075240602930,绿幕猫,绿幕,0.00,,9,1,material-lib
6969482727099796743,飘雪，雪花，下雪,绿幕,0.00,,5,1,material-lib
7323307441855253798,亚洲摄影师站在摄影棚的绿幕背景上，用相机拍照，微笑着摸着胸口,绿幕,0.00,,5,1,material-lib
7331152593080618249,电影制作过程。演员在绿幕上行动，拍摄电影场景，电影艺术家，电影摄制组，导演和操作员配备专业设备，矢量孤立概念,绿幕,0.00,,9,1,material-lib
7323259972811312435,系着围裙的亚裔男管家站在绿幕工作室里，热情地微笑着交叉双臂,绿幕,0.00,,5,1,material-lib
7323306108074855690,倒计时绿幕背景运动图形效果。,绿幕,0.00,,5,1,material-lib
7323380453098982693,在绿幕上飞翔的金刚鹦鹉,绿幕,0.00,,5,1,material-lib
7323387689141554483,商界女性在绿幕背景下打电话争吵,绿幕,0.00,,5,1,material-lib
7323288258492878130,雪花落在绿幕上,绿幕,0.00,,5,1,material-lib
7331193494897233161,剪刀手孤立在绿幕背景,绿幕,0.00,,9,1,material-lib
7331355790017613110,戴口罩的男男女女被隔离在绿幕背景上,绿幕,0.00,,9,1,material-lib
7323288425744862514,戴着帽子的酷摇滚吉他手在绿幕上弹奏电吉他,绿幕,0.00,,5,1,material-lib
6991406355408112932,Action开始场记板绿幕素材,绿幕,0.00,,5,1,material-lib
6923400447877188872,猫和老鼠绿幕素材汤姆指挥,绿幕,0.00,,5,1,material-lib
7323265550816120102,篮球在绿幕上弹跳,绿幕,0.00,,5,1,material-lib
7483438141492202763,,绿幕,0.00,,9,1,material-lib
7331230276980378943,《沉思的人思考的肖像》，绿幕,绿幕,0.00,,9,1,material-lib
7329718219957095734,多民族团队的男女分析绿幕显示,绿幕,0.00,,9,1,material-lib
7331301952770411795,滑板甲板模板，空白的空间为您的图形。绿幕-隔离在沥青地面上。三维演示,绿幕,0.00,,9,1,material-lib
7323265076222283018,秋叶落在绿幕上,绿幕,0.00,,5,1,material-lib
7331373797792091433,复古绿幕电视和收音机在木制古董桌子上，老房子设计。老式黑色老式电视。东德。,绿幕,0.00,,9,1,material-lib
7323329124951543077,手持挥舞的法罗群岛旗帜与绿幕背景3d建模和动画循环- Cgi法罗群岛旗帜正在挥舞的旗帜上的绿幕背景Chroma键控,绿幕,0.00,,5,1,material-lib
7323372493283101979,白烟在绿幕背景上的运动图形效果。,绿幕,0.00,,5,1,material-lib
7331085242918358282,墨西哥死亡女神显示绿幕模板,绿幕,0.00,,9,1,material-lib
7331044149942046003,非洲夫妇坐在沙发上一起看电视色度绿幕妇女穿着伊斯兰的希贾布衣服,绿幕,0.00,,9,1,material-lib
6971080718805896484,潮酷 片尾关注特效,绿幕,0.00,,5,1,material-lib
7323279845289413914,成群的蜻蜓在绿幕上飞翔,绿幕,0.00,,5,1,material-lib
7331202876414512411,兴奋的男人庆祝成功的肖像，绿幕,绿幕,0.00,,9,1,material-lib
7323363663048346907,《绿幕》让年轻女性大吃一惊,绿幕,0.00,,5,1,material-lib
6971070630737300767,户外路边交通道路绿幕广告牌机,绿幕,0.00,,5,1,material-lib
7331113102894730547,毕业、教育、孩子在毕业、学院奖的绿幕上微笑。小学，学生和幼稚园小女孩的肖像，在工作室的成就和成功,绿幕,0.00,,9,1,material-lib
7331032975716470053,现场监控人员在绿幕那边的桌子上,绿幕,0.00,,9,1,material-lib
6994982102068432142,袋鼠摇 绿幕素材,绿幕,0.00,,5,1,material-lib
7167121215885282574,简约 引导关注框 关注 爱心 绿幕 ,绿幕,0.00,,5,1,material-lib
6987173395376983303,海绵宝宝鲶鱼疑问why绿幕,绿幕,0.00,,5,1,material-lib
7323264502374436123,马儿在绿幕上奔跑,绿幕,0.00,,5,1,material-lib
7331009385382038793,记者在绿幕上报道新闻,绿幕,0.00,,9,1,material-lib
7323265595707870514,广播演播室绿幕,绿幕,0.00,,5,1,material-lib
7331373037197069578,绿幕上摇摆的圣诞球,绿幕,0.00,,9,1,material-lib
6998776400673082631,绿幕，大雁,绿幕,0.00,,5,1,material-lib
6926264895117823239,绿幕素材转场to be continued,绿幕,0.00,,5,1,material-lib
7331242532476603699,科幻之门向绿幕敞开,绿幕,0.00,,9,1,material-lib
7331100731996409125,绿幕背景上愤怒的戏剧面具的3d渲染插图。,绿幕,0.00,,9,1,material-lib
7331363631730347314,经理在孤立的绿幕下工作,绿幕,0.00,,9,1,material-lib
7331307317264174355,头痛的男人肖像，绿幕,绿幕,0.00,,9,1,material-lib
7331133505117654310,绿幕猫,绿幕,0.00,,9,1,material-lib
7014638243505245454,炸弹烟雾绿幕素材,绿幕,0.00,,5,1,material-lib
7331350979683683594,绿幕背景:现场新闻演播室，美丽的女性和英俊的男性主播报道当天的事件。电视频道新闻编辑室概念。色度键模板背景,绿幕,0.00,,9,1,material-lib
7323232935639895346,绿幕上的五彩纸屑爆炸,绿幕,0.00,,5,1,material-lib
6995148433250159886,卡通 儿童节绿幕视频素 ,绿幕,0.00,,5,1,material-lib
7331129291008150794,绿幕猫,绿幕,0.00,,9,1,material-lib
7000357617725902093,写实 绿幕电脑 办公,绿幕,0.00,,5,1,material-lib
7331042573756255498,企业活动:白人男性科技公司CEO在初创公司办公室会议室用绿幕Chromakey投影仪向同事做演示。男人谈论商业目标。,绿幕,0.00,,9,1,material-lib
7323231215669071114,鸭飞迎绿幕绿草，4K,绿幕,0.00,,5,1,material-lib
7331041768646905098,一个戴着黑色面具的男人被隔离在绿幕背景上,绿幕,0.00,,9,1,material-lib
7331352380665023770,记者发布带有绿幕的新闻,绿幕,0.00,,9,1,material-lib
7331268920642505995,圣诞老人在绿幕上摆姿势,绿幕,0.00,,9,1,material-lib
7330972884032048395,在绿幕演播室录制节目的电视主持人,绿幕,0.00,,9,1,material-lib
7323254733425216818,2023年新年快乐绿幕动画,绿幕,0.00,,5,1,material-lib
7323204311922576678,绿幕上的月亮,绿幕,0.00,,5,1,material-lib
6967570219350936839,中国风红色旗帜绿幕素材,绿幕,0.00,,5,1,material-lib
7323270712116907274,手持挥舞的塞族共和国旗帜与绿幕背景3d建模和动画循环- Cgi塞族共和国旗帜被挥舞的旗帜在绿幕背景Chroma Keying,绿幕,0.00,,5,1,material-lib
7331389133220269363,新闻编辑室电视演播室现场新闻节目与绿幕背景:男性主持人报道，谈话。有线电视频道主播。带有跟踪标记的网络广播模型,绿幕,0.00,,9,1,material-lib
7331359381990264076,一群海鸥被隔离在绿幕上。,绿幕,0.00,,9,1,material-lib
7323264739105115429,手持挥舞的洪都拉斯国旗与绿幕背景3d建模和动画循环- Cgi洪都拉斯国旗正在绿幕背景上挥舞旗帜Chroma键控,绿幕,0.00,,5,1,material-lib
7331190429796322586,新闻编辑室电视演播室现场新闻节目与绿幕背景:女主持人报道，谈话。有线电视频道女主播。网络广播模拟回放跟踪标记,绿幕,0.00,,9,1,material-lib
6973914434381024520,猫和老鼠绿幕,绿幕,0.00,,5,1,material-lib
7323249648628485426,烟花绿幕背景上的动态图形效果。,绿幕,0.00,,5,1,material-lib
7323387674780241202,礼品盒落绿幕,绿幕,0.00,,5,1,material-lib
7323309099901340937,圣诞老人在绿幕背景下偷偷溜走。无缝循环的3d动画。侧视图,绿幕,0.00,,5,1,material-lib
7323274038162230537,秋叶落在绿幕上,绿幕,0.00,,5,1,material-lib
7331373640413351177,录音棚里，DJ在绿幕前录制他的音乐,绿幕,0.00,,9,1,material-lib
6926264895117774087,JOJO的奇妙冒险 Eyecatch绿幕素材,绿幕,0.00,,5,1,material-lib
6926272397960056071,动漫学姐绿幕素材,绿幕,0.00,,5,1,material-lib
7331084633762696475,未来数字hud背景动画，数字门户背景，绿幕色度键背景。,绿幕,0.00,,9,1,material-lib
7331332457926626611,女建筑师使用绿幕,绿幕,0.00,,9,1,material-lib
7323283661179145482,一大群苍蝇在绿幕上飞舞,绿幕,0.00,,5,1,material-lib
7323300801621937445,一只德国牧羊犬站在绿幕上，Chroma Key,绿幕,0.00,,5,1,material-lib
7331076509618179366,一群人在电视上看绿幕电影,绿幕,0.00,,9,1,material-lib
7323300353603112202,电脑显示器绿幕动画4k。现代的工作空间元素。互联网与科技电脑动画。,绿幕,0.00,,5,1,material-lib
7331098824347307302,一名男子坐在沙发上看绿幕电视上的体育比赛，模拟鼓励最喜欢的球队,绿幕,0.00,,9,1,material-lib
7323284420549463322,脸、抗议和孩子拿着扩音器、绿幕和对着演播室背景说话。肖像，快乐的孩子和小男孩用扩音器，谈论或气候变化志愿服务的公告,绿幕,0.00,,5,1,material-lib
7323257284799270170,心落在绿幕上,绿幕,0.00,,5,1,material-lib
7331290646684257575,新闻编辑室电视演播室现场新闻节目与绿幕背景:男性主持人报道，谈话。有线电视频道主播。带有跟踪标记的网络广播模型,绿幕,0.00,,9,1,material-lib
7331094963473730843,医生和轮椅上的老人分析绿幕,绿幕,0.00,,9,1,material-lib
6985415745836551438,卡通功夫熊猫绿幕 ,绿幕,0.00,,5,1,material-lib
6987173507234876686,海绵宝宝章鱼哥绿幕,绿幕,0.00,,5,1,material-lib
7426691747398307106,向右滑动,入场,0.00,,35,1,sticker
7426687310445546786,弹入,入场,0.00,,35,1,sticker
7426681404529986831,弹簧,入场,0.00,,35,1,sticker
7426693740120657192,向左滑动,入场,0.00,,35,1,sticker
7426686289543515392,向下滑动,入场,0.00,,35,1,sticker
7426687597595938048,向上滑动,入场,0.00,,35,1,sticker
7426692387486829876,旋入,入场,0.00,,35,1,sticker
7426681066964012328,放大,入场,0.00,,35,1,sticker
7426680815414709519,缩小,入场,0.00,,35,1,sticker
7426689558625930511,轻微放大,入场,0.00,,35,1,sticker
7426684759327165731,渐显,入场,0.00,,35,1,sticker
7426693885591702824,弹簧,出场,0.00,,35,1,sticker
7426682630525029672,向右滑动,出场,0.00,,35,1,sticker
7426683433725775138,向左滑动,出场,0.00,,35,1,sticker
7426682637235784960,向下滑动,出场,0.00,,35,1,sticker
7426687154669112576,向上滑动,出场,0.00,,35,1,sticker
7426680921920752948,旋出,出场,0.00,,35,1,sticker
7426682473829961012,放大,出场,0.00,,35,1,sticker
7426684777706720512,缩小,出场,0.00,,35,1,sticker
7426693091752447247,轻微放大,出场,0.00,,35,1,sticker
7426691527147146536,渐隐,出场,0.00,,35,1,sticker
7426689852218920226,轻微跳动,循环,0.00,,35,1,sticker
6800304883468603911,雨刷,循环,0.00,,35,1,sticker
7426683728044264756,字幕滚动,循环,0.00,,35,1,sticker
7426685291160784168,弹幕滚动,循环,0.00,,35,1,sticker
7426680473088265507,钟摆,循环,0.00,,35,1,sticker
7426682062582680867,摇摆,循环,0.00,,35,1,sticker
7426691138016382243,闪烁,循环,0.00,,35,1,sticker
7426681942680079631,心跳,循环,0.00,,35,1,sticker
7426683843064630543,跳动,循环,0.00,,35,1,sticker
7426690610473471266,翻转,循环,0.00,,35,1,sticker
7426691126507162880,旋转,循环,0.00,,35,1,sticker
7426974716004470031,颤抖,循环,0.00,,35,1,sticker
7273782607257685309,美拉德,🍂秋日,0.00,,12,1,filter
7278615838628924733,橘海,🍂秋日,0.00,,12,1,filter
7675635034849643827,复古拍立得,🍂秋日,0.00,,12,1,filter
7496524092779105551,日落时刻,🍂秋日,0.00,,12,1,filter
7672302983241108745,原野日落,🍂秋日,0.00,,12,1,filter
7674909774030327059,pocket4清透,🍂秋日,0.00,,12,1,filter
7278616055470165285,晚霞,🍂秋日,0.00,,12,1,filter
7668361181542845722,暗调去灰,🍂秋日,0.00,,12,1,filter
7145394185108065567,金秋,🍂秋日,0.00,,12,1,filter
7347670931646549282,漠土,🍂秋日,0.00,,12,1,filter
7402945560623336758,暗调电影,🍂秋日,0.00,,12,1,filter
7374709776623635724,晴好假日,🍂秋日,0.00,,12,1,filter
7268562944093408523,徕卡I,🍂秋日,0.00,,12,1,filter
7493083101426453796,鲜花增色,🍂秋日,0.00,,12,1,filter
7675632801038830899,加州黄昏,🍂秋日,0.00,,12,1,filter
7322666518536359204,繁花似锦,🍂秋日,0.00,,12,1,filter
7403664041945681191,清透美食,🍂秋日,0.00,,12,1,filter
7429759193361435955,清新明亮,🍂秋日,0.00,,12,1,filter
7667912426825796910,暗调伤感,🍂秋日,0.00,,12,1,filter
7341302999068757259,夜景增色,🍂秋日,0.00,,12,1,filter
7330584144524643595,家宴,🍂秋日,0.00,,12,1,filter
7493462285889899803,Pocket3,🍂秋日,0.00,,12,1,filter
7663343966837886260,高级暗调odd,🍂秋日,0.00,,12,1,filter
7410233668351937846,晴秋,🍂秋日,0.00,,12,1,filter
7669824441995513139,自然润光,🍂秋日,0.00,,12,1,filter
7664602826919726355,电影长镜,🍂秋日,0.00,,12,1,filter
7681621877621673266,怀旧老钱风,🍂秋日,0.00,,12,1,filter
7672304629371129098,旧时光,🍂秋日,0.00,,12,1,filter
7413717074037525769,暗调发光,🍂秋日,0.00,,12,1,filter
7366562830486621459,旧时来信,🍂秋日,0.00,,12,1,filter
7411477748130139403,夜景增色II,🍂秋日,0.00,,12,1,filter
7398191077364124955,清冷暗黑,🍂秋日,0.00,,12,1,filter
7281166220794055997,味蕾,🍂秋日,0.00,,12,1,filter
7675632780675435802,日照金山,🍂秋日,0.00,,12,1,filter
7426802765256461606,漫秋,🍂秋日,0.00,,12,1,filter
7562593990671895808,浓郁秋意,🍂秋日,0.00,,12,1,filter
7675635802042387722,海屿胶片,🍂秋日,0.00,,12,1,filter
7409674961595518258,绿野漫旅,🍂秋日,0.00,,12,1,filter
7681623706501680422,暗房,🍂秋日,0.00,,12,1,filter
7672303166473489714,暮秋鎏金,🍂秋日,0.00,,12,1,filter
7199460195502689574,灰芋,🍂秋日,0.00,,12,1,filter
7246723856222719269,山晴,🍂秋日,0.00,,12,1,filter
7660537052835974454,甜韩粉白,🍂秋日,0.00,,12,1,filter
7677627477862124863,冷调银灰,🍂秋日,0.00,,12,1,filter
7662400749489474835,odd忧郁,🍂秋日,0.00,,12,1,filter
7654868824675618090,冷白去黄,🍂秋日,0.00,,12,1,filter
7672303075855469874,焦糖晚秋,🍂秋日,0.00,,12,1,filter
7661695438407388466,古早dv机,🍂秋日,0.00,,12,1,filter
7398190560701386022,情绪暗调,🍂秋日,0.00,,12,1,filter
7419241439885806911,秋日胶片,🍂秋日,0.00,,12,1,filter
7659684136830946614,原生润光,🍂秋日,0.00,,12,1,filter
7428504360910376229,川秋,🍂秋日,0.00,,12,1,filter
7274575376095923497,森秋,🍂秋日,0.00,,12,1,filter
7297136333716327695,秋杏,🍂秋日,0.00,,12,1,filter
7661126349712641332,晴空绿野,🍂秋日,0.00,,12,1,filter
7395858604311596299,质感电影,🍂秋日,0.00,,12,1,filter
7672307272143441161,慵懒黑白,🍂秋日,0.00,,12,1,filter
7670566667008609579,顶美亮白肤,🍂秋日,0.00,,12,1,filter
7674053348089154822,光束序曲,🍂秋日,0.00,,12,1,filter
7540164276858801448,秋季电影感,🍂秋日,0.00,,12,1,filter
7664860621493521673,黑白大片,🍂秋日,0.00,,12,1,filter
7366562482812456255,古早记忆,🍂秋日,0.00,,12,1,filter
7675633949758229798,日落大道,🍂秋日,0.00,,12,1,filter
7672306083028831534,柔雾胶片,🍂秋日,0.00,,12,1,filter
7413406043608272154,亮丽,🍂秋日,0.00,,12,1,filter
7246722333010824508,烈空,🍂秋日,0.00,,12,1,filter
7426252704806210870,秋枫,🍂秋日,0.00,,12,1,filter
7398438142321134898,奶油白,🍂秋日,0.00,,12,1,filter
7330581892510649636,鲜美,🍂秋日,0.00,,12,1,filter
7659347184361622826,落日橘光,🍂秋日,0.00,,12,1,filter
7675632779824024841,加州旧梦,🍂秋日,0.00,,12,1,filter
7669796773006708019,晴海增色,🍂秋日,0.00,,12,1,filter
7409360036096527670,文艺少女,🍂秋日,0.00,,12,1,filter
7672306332858338611,暗调漫咖,🍂秋日,0.00,,12,1,filter
7675634439250070810,童趣画报,🍂秋日,0.00,,12,1,filter
7674954745311710500,质感去雾,🍂秋日,0.00,,12,1,filter
7667080848511978767,暗调雾灰,🍂秋日,0.00,,12,1,filter
7675635951716142386,旧店时光,🍂秋日,0.00,,12,1,filter
7533181577170373934,暖食增色,🍂秋日,0.00,,12,1,filter
7654621267676466451,大疆Pocket4P,🍂秋日,0.00,,12,1,filter
7672304745645673754,暖金胶片,🍂秋日,0.00,,12,1,filter
7668539871480384819,暗调健身,🍂秋日,0.00,,12,1,filter
7670569253472455986,浓郁大片感,🍂秋日,0.00,,12,1,filter
7414726663377849612,法式美拉德,🍂秋日,0.00,,12,1,filter
7675633530243714330,闲居日,🍂秋日,0.00,,12,1,filter
7669119365761010980,超清自然,🍂秋日,0.00,,12,1,filter
7361399516454604071,阴天拯救,🍂秋日,0.00,,12,1,filter
7675634685623422218,蓝调夜话,🍂秋日,0.00,,12,1,filter
7550279928357457171,秋风序,🍂秋日,0.00,,12,1,filter
7272330168717430075,黄昏,🍂秋日,0.00,,12,1,filter
7652648817904471315,千禧古早味,🍂秋日,0.00,,12,1,filter
7411476796526300452,增色II,🍂秋日,0.00,,12,1,filter
7555563546625527074,秋风落叶,🍂秋日,0.00,,12,1,filter
7278616064018107707,余晖,🍂秋日,0.00,,12,1,filter
7664296636637547785,暗调忧郁,🍂秋日,0.00,,12,1,filter
7663470114943044914,冷白透亮,🍂秋日,0.00,,12,1,filter
7658580389308435731,黑金质感,🍂秋日,0.00,,12,1,filter
7428650549572144411,清晰增色,🍂秋日,0.00,,12,1,filter
7501223866988039434,落日电影,🍂秋日,0.00,,12,1,filter
7669106554116836634,暗黑大片,🍂秋日,0.00,,12,1,filter
7542556208268348712,秋叶黄,🍂秋日,0.00,,12,1,filter
7404121905780772122,秋日物语II,🍂秋日,0.00,,12,1,filter
7385416407049194787,金照落日,🍂秋日,0.00,,12,1,filter
7547377459126209827,ins古早味,🍂秋日,0.00,,12,1,filter
7281163707227344189,晴好,🍂秋日,0.00,,12,1,filter
7672042491905887498,暗调深沉,🍂秋日,0.00,,12,1,filter
7681622491617365294,褪色记忆,🍂秋日,0.00,,12,1,filter
7397751642390564134,牧野,🍂秋日,0.00,,12,1,filter
7684123279908490548,暗红悬疑,🍂秋日,0.00,,12,1,filter
7556996788276841791,秋日自然,🍂秋日,0.00,,12,1,filter
7392898023505792319,蓝调时刻,🍂秋日,0.00,,12,1,filter
7328363415313993001,烟花璀璨,🍂秋日,0.00,,12,1,filter
7672307361939344649,冷调酷黑,🍂秋日,0.00,,12,1,filter
7493920442613288219,朦胧气质棕,🍂秋日,0.00,,12,1,filter
7681625030555454754,琥珀,🍂秋日,0.00,,12,1,filter
7669737618325736729,古早CCD,🍂秋日,0.00,,12,1,filter
7281165355353951543,冷月夜,🍂秋日,0.00,,12,1,filter
7659676233285913862,晴天明媚,🍂秋日,0.00,,12,1,filter
7361400073533820196,鲜明II,🍂秋日,0.00,,12,1,filter
7661578455980559643,高质感镜头,🍂秋日,0.00,,12,1,filter
7675633395589811465,鎏金夜拍,🍂秋日,0.00,,12,1,filter
7410401136387132724,荒原,🍂秋日,0.00,,12,1,filter
7320434750018047251,鲜明,🍂秋日,0.00,,12,1,filter
7395470918245502234,野林,🍂秋日,0.00,,12,1,filter
7295599414180138250,琥珀,🍂秋日,0.00,,12,1,filter
7405241190435523866,暖棕,🍂秋日,0.00,,12,1,filter
7415237022668901647,秋日,🍂秋日,0.00,,12,1,filter
7672046579385240870,黑白质感,🍂秋日,0.00,,12,1,filter
7427332317573680435,秋色,🍂秋日,0.00,,12,1,filter
7430733313419005238,电影增质,🍂秋日,0.00,,12,1,filter
7268563047776587020,徕卡II,🍂秋日,0.00,,12,1,filter
7668261056644451646,高级黑白,🍂秋日,0.00,,12,1,filter
7561143628266065204,川秋电影感,🍂秋日,0.00,,12,1,filter
7409674549467352374,通透暖食,🍂秋日,0.00,,12,1,filter
7361401117672066345,绿妍II,🍂秋日,0.00,,12,1,filter
7681623212211342602,蜜糖暖调,🍂秋日,0.00,,12,1,filter
7392898170524618023,晚霞增色,🍂秋日,0.00,,12,1,filter
7551307375555185956,秋意电影感,🍂秋日,0.00,,12,1,filter
7681624046517177627,暖陶土,🍂秋日,0.00,,12,1,filter
7291596720956329266,哈苏I,🍂秋日,0.00,,12,1,filter
7669788967109250366,质感CCD,🍂秋日,0.00,,12,1,filter
7343287054228327691,明煦,🍂秋日,0.00,,12,1,filter
7428441733123345702,鲜亮,🍂秋日,0.00,,12,1,filter
7403664465390013735,美食增色,🍂秋日,0.00,,12,1,filter
7672306603353296178,棕调巴黎,🍂秋日,0.00,,12,1,filter
7426198307808087347,秋意浓,🍂秋日,0.00,,12,1,filter
7377370363035979034,阿勒泰,🍂秋日,0.00,,12,1,filter
7275698024892943655,旷野,🍂秋日,0.00,,12,1,filter
7353555308448419098,空灵,🍂秋日,0.00,,12,1,filter
7346017304909581587,港历,🍂秋日,0.00,,12,1,filter
7332348414933421366,棕宥,🍂秋日,0.00,,12,1,filter
7325383700240256296,日出,🍂秋日,0.00,,12,1,filter
7295596083101633842,深秋,🍂秋日,0.00,,12,1,filter
7406553962922429735,威尼之都,🍂秋日,0.00,,12,1,filter
7505662247407013135,日落飞车,🍂秋日,0.00,,12,1,filter
7375415880118783295,落牧,🍂秋日,0.00,,12,1,filter
7510863205011393844,毕业胶片,人像,0.00,,12,1,filter
7325421708809096467,红运,人像,0.00,,12,1,filter
7576707005788867875,古早感胶片,人像,0.00,,12,1,filter
7596354290730552622,古早高曝,人像,0.00,,12,1,filter
7645332711263063346,暗冷大片,人像,0.00,,12,1,filter
7441124730066701604,电影雪肤,人像,0.00,,12,1,filter
7302338306849656127,去黄,人像,0.00,,12,1,filter
7503950769758948620,夏日物语,人像,0.00,,12,1,filter
7468943213143821587,璀璨,人像,0.00,,12,1,filter
7615563758919830794,粉瓷,人像,0.00,,12,1,filter
7447164085122256143,热红酒,人像,0.00,,12,1,filter
7628140934768692542,白亮自然,人像,0.00,,12,1,filter
7470614335644077375,古早像素,人像,0.00,,12,1,filter
7468501080691789094,晴颜,人像,0.00,,12,1,filter
7681619264905776410,日晒,人像,0.00,,12,1,filter
7618993343128669486,暮色蓝调,人像,0.00,,12,1,filter
7638681049827986734,透亮肤,人像,0.00,,12,1,filter
7493945660903787803,质感新中式,人像,0.00,,12,1,filter
7302334059890478347,明肤,人像,0.00,,12,1,filter
7648639266167278867,清透冷白,人像,0.00,,12,1,filter
7468493795479276835,小美好,人像,0.00,,12,1,filter
7449797996004314378,古早复古,人像,0.00,,12,1,filter
7572802123021290787,暖阳冬日,人像,0.00,,12,1,filter
7506758417143450890,通透氧感,人像,0.00,,12,1,filter
7467985496988241204,樱花粉肤,人像,0.00,,12,1,filter
7460107425375472935,超清画质,人像,0.00,,12,1,filter
7483917188638772517,春桃肤,人像,0.00,,12,1,filter
7479295356488977679,春天淡彩,人像,0.00,,12,1,filter
7617811957558611206,小麦肌,人像,0.00,,12,1,filter
7453122471810714930,福运,人像,0.00,,12,1,filter
7482072671715396901,质感婚礼,人像,0.00,,12,1,filter
7502716416567545099,褪色胶卷,人像,0.00,,12,1,filter
7675633908188220723,灰调街头,人像,0.00,,12,1,filter
7493542918276320539,doll感透白,人像,0.00,,12,1,filter
7131467442789846285,粉橘,人像,0.00,,12,1,filter
7434467628422270220,冷调CCD,人像,0.00,,12,1,filter
7414810241453280549,高清感,人像,0.00,,12,1,filter
7387063538507975974,轻肤III,人像,0.00,,12,1,filter
7672300985695407406,假日蜜光,人像,0.00,,12,1,filter
7392897785755897100,清爽,人像,0.00,,12,1,filter
7500447762404724018,徕卡Q2,人像,0.00,,12,1,filter
7602661089280560394,清冷情绪感,人像,0.00,,12,1,filter
7467879231914118412,灿金彩带,人像,0.00,,12,1,filter
7417468417852099894,气色,人像,0.00,,12,1,filter
7449798505385790746,古早回忆,人像,0.00,,12,1,filter
7600637764823993650,白皙丝绸,人像,0.00,,12,1,filter
7500997115917651227,盐系清透,人像,0.00,,12,1,filter
7496156231392873767,清透感,人像,0.00,,12,1,filter
7605630861400083763,佳能清透感,人像,0.00,,12,1,filter
7462635722969730323,烟花璀璨 II,人像,0.00,,12,1,filter
7611799763343789318,春日花田,人像,0.00,,12,1,filter
7127674287238008078,焕肤,人像,0.00,,12,1,filter
7621955863963651337,凝脂,人像,0.00,,12,1,filter
7569903893891714329,雅西卡,人像,0.00,,12,1,filter
7626048649105165592,痞帅暗调,人像,0.00,,12,1,filter
7503844955467648283,仿撕拉片,人像,0.00,,12,1,filter
7538333322636741903,韩女古早,人像,0.00,,12,1,filter
7524288987129810214,逆光提亮,人像,0.00,,12,1,filter
7500847387959708978,增质CCD,人像,0.00,,12,1,filter
7672301155174698278,柔金自拍,人像,0.00,,12,1,filter
7513077194952936767,青春照,人像,0.00,,12,1,filter
7480196167372999973,法式甜粉,人像,0.00,,12,1,filter
7486202141447589174,质感明亮,人像,0.00,,12,1,filter
7385203623703137575,中性奶杏,人像,0.00,,12,1,filter
7127824802819116302,冷透,人像,0.00,,12,1,filter
7482412177760996646,奶油柔肤,人像,0.00,,12,1,filter
7485769123176254770,晴春奶蓝,人像,0.00,,12,1,filter
7438646040036789542,INS柔肤,人像,0.00,,12,1,filter
7493171130753174835,清冷国风,人像,0.00,,12,1,filter
7510888042761096459,青春胶片,人像,0.00,,12,1,filter
7477960070073027850,发光肤,人像,0.00,,12,1,filter
7554056334228917514,超透白皙,人像,0.00,,12,1,filter
7499121362351574282,浓郁胶卷,人像,0.00,,12,1,filter
7506178551725542696,酷感辣妹,人像,0.00,,12,1,filter
7434468515576319295,发光CCD,人像,0.00,,12,1,filter
7446290147697528076,圣诞胶片,人像,0.00,,12,1,filter
7493081702584110360,苦尽柑来,人像,0.00,,12,1,filter
7493339669950729481,苦尽柑来,人像,0.00,,12,1,filter
7473369111490317595,牛奶肌,人像,0.00,,12,1,filter
7476109983688576290,月辉,人像,0.00,,12,1,filter
7447157791980145955,红运妆,人像,0.00,,12,1,filter
7503540725334723875,粉柔撕拉片,人像,0.00,,12,1,filter
7477922252470652198,春日序,人像,0.00,,12,1,filter
7199093300526173501,润光,人像,0.00,,12,1,filter
7234795543178775868,阳光肤,人像,0.00,,12,1,filter
7617811803829046591,蜜桃肌,人像,0.00,,12,1,filter
7415242837555416330,清冷破碎III,人像,0.00,,12,1,filter
7549604752934325556,时尚极简,人像,0.00,,12,1,filter
7617815643072564499,夏日甜心,人像,0.00,,12,1,filter
7557963448068361510,古早画质,人像,0.00,,12,1,filter
7274244059378552127,风信,人像,0.00,,12,1,filter
7639269490164911366,网感萝莉,人像,0.00,,12,1,filter
7480473626207145254,元气春颜,人像,0.00,,12,1,filter
7470913918186163468,氧气甜白,人像,0.00,,12,1,filter
7493819626330017078,清新感,人像,0.00,,12,1,filter
7131507906737917220,小麦肌,人像,0.00,,12,1,filter
7494313060480388389,冰清蓝,人像,0.00,,12,1,filter
7675634590676962610,都会红唇,人像,0.00,,12,1,filter
7366582416988785939,奶油肤,人像,0.00,,12,1,filter
7476126948708617482,灰调中性,人像,0.00,,12,1,filter
7505303260148878630,甜心芭比,人像,0.00,,12,1,filter
7446453265190948132,冬日电影II,人像,0.00,,12,1,filter
7507148382536764682,画质修复,人像,0.00,,12,1,filter
7447359984167406863,冬日胶卷,人像,0.00,,12,1,filter
7617815642690850111,健美,人像,0.00,,12,1,filter
7476126917280730378,高清中性灰,人像,0.00,,12,1,filter
7675633715325816073,加州日光,人像,0.00,,12,1,filter
7502329862581996854,科切拉,人像,0.00,,12,1,filter
7486736825369840907,日光肤,人像,0.00,,12,1,filter
7502056246804024611,青春,人像,0.00,,12,1,filter
7438279661588581669,INS晴肤,人像,0.00,,12,1,filter
7593257815104359706,喜气新春,人像,0.00,,12,1,filter
7473034636436852031,海盐,人像,0.00,,12,1,filter
7531794785456246062,冷透白皙,人像,0.00,,12,1,filter
7672301248988613914,酷飒机车,人像,0.00,,12,1,filter
7449284818082319667,冬日电影,人像,0.00,,12,1,filter
7507263202682572044,国风影视,人像,0.00,,12,1,filter
7650536865895894282,情绪大片,人像,0.00,,12,1,filter
7395596262252334373,柔光,人像,0.00,,12,1,filter
7396300458781936906,菁润明肤,人像,0.00,,12,1,filter
7172169921726565670,奶昔,人像,0.00,,12,1,filter
7503785630606904630,清新度假,人像,0.00,,12,1,filter
7675634738220125486,千禧辣妹,人像,0.00,,12,1,filter
7446310234596904246,冬日亮肤,人像,0.00,,12,1,filter
7527311213869403402,气色透亮,人像,0.00,,12,1,filter
7675634420673465650,柔光蜜肌,人像,0.00,,12,1,filter
7234793127867878712,陶瓷肌,人像,0.00,,12,1,filter
7650356238835830051,原生上镜,人像,0.00,,12,1,filter
7592591080688864546,韩式古早,人像,0.00,,12,1,filter
7366582938638503187,原生肤,人像,0.00,,12,1,filter
7325426821267295551,高清II,人像,0.00,,12,1,filter
7595398794410347826,暗部漫游,人像,0.00,,12,1,filter
7493760868576988443,秋田胶片,人像,0.00,,12,1,filter
7485986828164599067,唤晴II,人像,0.00,,12,1,filter
7127669764792634637,清晰ll,人像,0.00,,12,1,filter
7426223181205146890,雪白肤III,人像,0.00,,12,1,filter
7546838732532436224,水光红润,人像,0.00,,12,1,filter
7493535052098358590,纪实电影,人像,0.00,,12,1,filter
7493208490832317705,夜景人像增强,人像,0.00,,12,1,filter
7440751667823365387,去黄增亮,人像,0.00,,12,1,filter
7493581083628408102,春游踏青,人像,0.00,,12,1,filter
7376141023656873254,金色韶华,人像,0.00,,12,1,filter
7385563259010616612,白梦III,人像,0.00,,12,1,filter
7582612168625982739,福气新年,人像,0.00,,12,1,filter
7503403496117521690,逆光拯救,人像,0.00,,12,1,filter
7302336985513970963,白富美,人像,0.00,,12,1,filter
7414810073731435785,高清感II,人像,0.00,,12,1,filter
7274241173764525324,荷郁,人像,0.00,,12,1,filter
7323020458050260262,福桔,人像,0.00,,12,1,filter
7325416529166732583,老街,人像,0.00,,12,1,filter
7320436048134147340,高清,人像,0.00,,12,1,filter
7497479023556070693,夏日度假,人像,0.00,,12,1,filter
7479295334930205952,欧若淡彩,人像,0.00,,12,1,filter
7578191333169417523,胶片微曝,人像,0.00,,12,1,filter
7426222970265226533,雪白肤II,人像,0.00,,12,1,filter
7452802706139352370,新年欢愉,人像,0.00,,12,1,filter
7564026160212987190,雪白透亮,人像,0.00,,12,1,filter
7480785731015691539,柔雾感,人像,0.00,,12,1,filter
7463436312402496779,烟花绽放,人像,0.00,,12,1,filter
7482421927462653220,小清新,人像,0.00,,12,1,filter
7501345307830013222,氧气自然,人像,0.00,,12,1,filter
7505272278574206219,暗调古风,人像,0.00,,12,1,filter
7477942092459773193,春日温柔,人像,0.00,,12,1,filter
7428629277110848768,高清润颜,人像,0.00,,12,1,filter
7594878732377099556,古早回忆录,人像,0.00,,12,1,filter
7675635005384707379,焦糖辣妹,人像,0.00,,12,1,filter
7672300535948578099,落日蜜粉,人像,0.00,,12,1,filter
7451897248885099795,智能光线,人像,0.00,,12,1,filter
7675634166393752870,奶蜜柔肤,人像,0.00,,12,1,filter
7446329549283020068,圣诞闪胶III,人像,0.00,,12,1,filter
7274246029824806155,樱晴,人像,0.00,,12,1,filter
7446329652706168100,圣诞闪胶,人像,0.00,,12,1,filter
7465342226118266162,高清画质,人像,0.00,,12,1,filter
7582992418941717823,烟火年年,人像,0.00,,12,1,filter
7470438095998029066,梨花白,人像,0.00,,12,1,filter
7478775705195547930,薄荷奶绿,人像,0.00,,12,1,filter
7560702007405792552,古早时光,人像,0.00,,12,1,filter
7127655008715230495,亮肤,人像,0.00,,12,1,filter
7383551596023663882,清新润颜,人像,0.00,,12,1,filter
7595404603575782707,暖雾晨光,人像,0.00,,12,1,filter
7172175088467365124,凝脂,人像,0.00,,12,1,filter
7513608221735554330,千禧潮酷,人像,0.00,,12,1,filter
7449639936292031781,新年喜市,人像,0.00,,12,1,filter
7441124774010473767,高清雪肤,人像,0.00,,12,1,filter
7506099780947430668,末世天使,人像,0.00,,12,1,filter
7431187754379136266,高清暖调,人像,0.00,,12,1,filter
7199089344756370743,冰肌,人像,0.00,,12,1,filter
7472986633399225635,清透II,人像,0.00,,12,1,filter
7570270935157148968,冬绪电影,人像,0.00,,12,1,filter
7447157317457513743,富士NN,人像,0.00,,12,1,filter
7562034253412715811,暗黑玫瑰,人像,0.00,,12,1,filter
7611083690466151732,微醺紫调,人像,0.00,,12,1,filter
7595423045704027442,福气新春,人像,0.00,,12,1,filter
7447719105563610404,清晰,风景,0.00,,12,1,filter
7681618288333393204,晴天海盐,风景,0.00,,12,1,filter
7493076668009958668,春日樱,风景,0.00,,12,1,filter
7618632079273725190,温柔春日,风景,0.00,,12,1,filter
7486890470149246219,高晴画质,风景,0.00,,12,1,filter
7681621064236944646,晚霞海风,风景,0.00,,12,1,filter
7675633587726650675,夏日冰橙,风景,0.00,,12,1,filter
7646077683897552174,高质深蓝,风景,0.00,,12,1,filter
7675633531225181491,蓝海假日,风景,0.00,,12,1,filter
7451608395745889586,鲜明增强,风景,0.00,,12,1,filter
7501717343156981046,旷野自然,风景,0.00,,12,1,filter
7449939197223243058,清晰严冬,风景,0.00,,12,1,filter
7487297018998607131,蔚蓝海域,风景,0.00,,12,1,filter
7418828782020168999,黄昏时,风景,0.00,,12,1,filter
7681619879274777862,正午烈日,风景,0.00,,12,1,filter
7442344329114422565,高清漫晴,风景,0.00,,12,1,filter
7639191499833429274,夏日晴朗,风景,0.00,,12,1,filter
7493457725431631142,鲜花增艳,风景,0.00,,12,1,filter
7297138825359281423,丹枫,风景,0.00,,12,1,filter
7338311462277991718,日和,风景,0.00,,12,1,filter
7486890449207151891,晴天灿烂 ,风景,0.00,,12,1,filter
7676506440185482534,画质去灰,风景,0.00,,12,1,filter
7675634980785048883,粉蓝假日,风景,0.00,,12,1,filter
7603667447308389657,山海诗篇,风景,0.00,,12,1,filter
7175093825659079991,拐杖糖,风景,0.00,,12,1,filter
7525754134151105833,粉霞,风景,0.00,,12,1,filter
7442390492307836186,清晰质感,风景,0.00,,12,1,filter
7374709634088668452,田园野餐,风景,0.00,,12,1,filter
7281162426219859255,海山,风景,0.00,,12,1,filter
7350673346767473958,碧落,风景,0.00,,12,1,filter
7439560136630471963,画质高清,风景,0.00,,12,1,filter
7564322465548274968,去雾,风景,0.00,,12,1,filter
7470840671763565864,明亮焕晴,风景,0.00,,12,1,filter
7435675065498275081,高清鲜明,风景,0.00,,12,1,filter
7439995841366035724,自然明亮,风景,0.00,,12,1,filter
7675632981779828019,花枝晴蓝,风景,0.00,,12,1,filter
7681620718987054399,蓝调海岛,风景,0.00,,12,1,filter
7681619477498236166,海边,风景,0.00,,12,1,filter
7509774929961684278,夏日繁花,风景,0.00,,12,1,filter
7266322833800727844,往昔,风景,0.00,,12,1,filter
7148812815246134541,弥晖,风景,0.00,,12,1,filter
7471501720732863753,超高清,风景,0.00,,12,1,filter
7281165120980454713,酷绿,风景,0.00,,12,1,filter
7463798716542111030,清新春日,风景,0.00,,12,1,filter
7145393992673414407,青蒲,风景,0.00,,12,1,filter
7617814012545371398,松弛假日,风景,0.00,,12,1,filter
7468875753661173004,日落增色,风景,0.00,,12,1,filter
7272335828901317945,加州,风景,0.00,,12,1,filter
7626992415135550730,暗调雨季,风景,0.00,,12,1,filter
7127575884780817672,仲夏,风景,0.00,,12,1,filter
7339908905713143051,嫣时,风景,0.00,,12,1,filter
7675636228066249994,假日海风,风景,0.00,,12,1,filter
7507920355613248803,紫霞时分,风景,0.00,,12,1,filter
7440518219409968384,高清增色,风景,0.00,,12,1,filter
7494117715142053130,海水正蓝,风景,0.00,,12,1,filter
7429625939539004722,超清画质,风景,0.00,,12,1,filter
7526507478738013476,茶卡盐湖,风景,0.00,,12,1,filter
7675635905687850290,棕榈巡航,风景,0.00,,12,1,filter
7441541255760284939,清晰画质,风景,0.00,,12,1,filter
7447039744229428534,高清,风景,0.00,,12,1,filter
7563691938076003622,北海道II,风景,0.00,,12,1,filter
7475397942715632922,晴好风光,风景,0.00,,12,1,filter
7517179906292190501,假日电影感,风景,0.00,,12,1,filter
7436400247540141348,去灰高清,风景,0.00,,12,1,filter
7675632989069397274,青湖花境,风景,0.00,,12,1,filter
7439995840799722815,清新透亮,风景,0.00,,12,1,filter
7346544266807643455,绿波,风景,0.00,,12,1,filter
7226254370084490554,向晚,风景,0.00,,12,1,filter
7617813008064040198,鲜活,风景,0.00,,12,1,filter
7672303796856311086,千禧海岸,风景,0.00,,12,1,filter
7616783707587890459,自然春光,风景,0.00,,12,1,filter
7405206230550973731,城市赏月II,风景,0.00,,12,1,filter
7266325161433910591,忆时,风景,0.00,,12,1,filter
7617815506854153513,寂静海,风景,0.00,,12,1,filter
7436724426416131347,南法午后,风景,0.00,,12,1,filter
7675633115850706202,蔚蓝假日,风景,0.00,,12,1,filter
7340950375127649577,花容,风景,0.00,,12,1,filter
7526422478206356787,日出增色,风景,0.00,,12,1,filter
7452918022752275762,超清4K,风景,0.00,,12,1,filter
7226257534313631037,舞霞,风景,0.00,,12,1,filter
7526948433597336832,橘子海,风景,0.00,,12,1,filter
7681620427323526434,棕榈海岸,风景,0.00,,12,1,filter
7614215952338636058,清透春日,风景,0.00,,12,1,filter
7226985203540053305,日光吻,风景,0.00,,12,1,filter
7675633093495033115,橘海晚风,风景,0.00,,12,1,filter
7434746357233028390,晴朗,风景,0.00,,12,1,filter
7643857586474781993,落日熔金,风景,0.00,,12,1,filter
7525755037050539307,晴海,风景,0.00,,12,1,filter
7533572766457449755,南意假日,风景,0.00,,12,1,filter
7510128089511349555,森绿,风景,0.00,,12,1,filter
7675633286739266826,蓝调巴黎,风景,0.00,,12,1,filter
7327596304173944127,春和,风景,0.00,,12,1,filter
7439037715825413413,日漫清新,风景,0.00,,12,1,filter
7471955373340101927,高清焕晴,风景,0.00,,12,1,filter
7148817291583474980,都城,风景,0.00,,12,1,filter
7604510820105522468,动漫小镇,风景,0.00,,12,1,filter
7635341736843152666,自然增蓝,风景,0.00,,12,1,filter
7127609541839129886,晚樱,风景,0.00,,12,1,filter
7185309693131148555,庙会,风景,0.00,,12,1,filter
7672303985843244334,蜜色沙滩,风景,0.00,,12,1,filter
7346542846863887635,晴春,风景,0.00,,12,1,filter
7675633258977070345,蓝调归途,风景,0.00,,12,1,filter
7675636044322065690,加州旧梦,风景,0.00,,12,1,filter
7478895015901613375,8K画质,风景,0.00,,12,1,filter
7297910428703657227,浅空,风景,0.00,,12,1,filter
7348707347419712794,破晓,风景,0.00,,12,1,filter
7508030199255026970,夏日紫霞,风景,0.00,,12,1,filter
7377370212749839667,凉夏,风景,0.00,,12,1,filter
7436078162217274687,清新绿妍,风景,0.00,,12,1,filter
7226265591760358713,燃空,风景,0.00,,12,1,filter
7166470141494955297,蓝都,风景,0.00,,12,1,filter
7493804773515316491,日漫增色,风景,0.00,,12,1,filter
7127679759076642056,春日序,风景,0.00,,12,1,filter
7625638577468165426,质感影片,风景,0.00,,12,1,filter
7272341241893768506,梦暮,风景,0.00,,12,1,filter
7226991425160858937,去灰II,风景,0.00,,12,1,filter
7672302347703291174,滨海假日,风景,0.00,,12,1,filter
7617812952967679274,自然绿意,风景,0.00,,12,1,filter
7148776798715776292,沙漫,风景,0.00,,12,1,filter
7440517981374893327,清晰透亮,风景,0.00,,12,1,filter
7145395127089909028,熏柏,风景,0.00,,12,1,filter
7497919307628825866,富士电影,风景,0.00,,12,1,filter
7456482275618835763,清新质感,风景,0.00,,12,1,filter
7628237926471568650,云漫春野,风景,0.00,,12,1,filter
7361398032753020201,海水正蓝,风景,0.00,,12,1,filter
7456482453444726026,清新晴空,风景,0.00,,12,1,filter
7681620512094620966,清爽周末,风景,0.00,,12,1,filter
7226238008201104698,古筑,风景,0.00,,12,1,filter
7332492044327243049,春澄,风景,0.00,,12,1,filter
7210611719180193083,海湾,风景,0.00,,12,1,filter
7610447734406941994,鲜花自然,风景,0.00,,12,1,filter
7493197626645531928,清晰花朵,风景,0.00,,12,1,filter
7675633006987447561,碧海晴空,风景,0.00,,12,1,filter
7148965677376736542,织乐,风景,0.00,,12,1,filter
7643841502275194158,海蓝去灰,风景,0.00,,12,1,filter
7575521370369428742,电影感大片,风景,0.00,,12,1,filter
7453118140151647538,去灰,风景,0.00,,12,1,filter
7226238039155150139,赤墙,风景,0.00,,12,1,filter
7627886742305049918,航拍增质,风景,0.00,,12,1,filter
7226247580018019644,黛瓦,风景,0.00,,12,1,filter
7356877435184450851,花间II,风景,0.00,,12,1,filter
7525722154726329650,画质增蓝,风景,0.00,,12,1,filter
7627196282305531142,雨季电影感,风景,0.00,,12,1,filter
7439995842477428004,高清提亮,风景,0.00,,12,1,filter
7443101069539953931,清晰提升,风景,0.00,,12,1,filter
7454234032570764581,晴天亮丽,风景,0.00,,12,1,filter
7145678373530946824,雨皂,风景,0.00,,12,1,filter
7494607226519260442,清晰绿妍,风景,0.00,,12,1,filter
7148796681176288548,绮思,风景,0.00,,12,1,filter
7266320092386938124,旧曲,风景,0.00,,12,1,filter
7476104906924100915,高清春日,风景,0.00,,12,1,filter
7349928965869538570,栖海,风景,0.00,,12,1,filter
7487297020743404810,扬帆远航,风景,0.00,,12,1,filter
7675633238173420846,海滨假日,风景,0.00,,12,1,filter
7127653798272683278,柠青,风景,0.00,,12,1,filter
7617814057051016484,晴空海岸,风景,0.00,,12,1,filter
7628237609885633811,暗调雨夜,风景,0.00,,12,1,filter
7595798301719694654,西部峡谷,风景,0.00,,12,1,filter
7356883843376221475,漫樱,风景,0.00,,12,1,filter
7633097495257550131,海边大片,风景,0.00,,12,1,filter
7379137689599167779,影忆,风景,0.00,,12,1,filter
7436815358410886435,高清增质,风景,0.00,,12,1,filter
7471501728546966835,高清修复,风景,0.00,,12,1,filter
7186934131484331322,顺意,风景,0.00,,12,1,filter
7527994429970320702,夏日小清新,风景,0.00,,12,1,filter
7446737538967932186,高清冷冬,风景,0.00,,12,1,filter
7477810373060611338,晴空漫游,风景,0.00,,12,1,filter
7681621200359017768,地中海阳光,风景,0.00,,12,1,filter
7363996374083407140,晴海,风景,0.00,,12,1,filter
7649035640381771051,去灰增彩,风景,0.00,,12,1,filter
7259718549634157882,芭比,风景,0.00,,12,1,filter
7381020276177276214,莱顿,风景,0.00,,12,1,filter
7575953878076673323,烛光晚餐,美食,0.00,,12,1,filter
7480210942026927423,奶油美食,美食,0.00,,12,1,filter
7262376135202327871,雪挞,美食,0.00,,12,1,filter
7672307540482329902,意面假日,美食,0.00,,12,1,filter
7463372376038755603,热气腾腾,美食,0.00,,12,1,filter
7127655700532186398,法餐,美食,0.00,,12,1,filter
7160603159486827783,茶酪,美食,0.00,,12,1,filter
7281163501047991608,暗曛,美食,0.00,,12,1,filter
7494869214751182121,美味brunch,美食,0.00,,12,1,filter
7131644140340776205,食色,美食,0.00,,12,1,filter
7160594387594972446,果酥,美食,0.00,,12,1,filter
7526564908188568866,浓咖,美食,0.00,,12,1,filter
7525074000846802227,高级质感,美食,0.00,,12,1,filter
7478181967532543259,食光II,美食,0.00,,12,1,filter
7131899038625975559,西冷,美食,0.00,,12,1,filter
7160598329817091364,烘挞,美食,0.00,,12,1,filter
7363537225620983067,碳烤,美食,0.00,,12,1,filter
7467923122545544499,元宵祈福,美食,0.00,,12,1,filter
7633458987354049802,暖调烘焙,美食,0.00,,12,1,filter
7486868815364492554,春日美食III,美食,0.00,,12,1,filter
7435865312907676978,高清美食,美食,0.00,,12,1,filter
7474592762331942184,奶油II,美食,0.00,,12,1,filter
7261180740283403578,花食,美食,0.00,,12,1,filter
7131904196428827944,冰糖葫芦,美食,0.00,,12,1,filter
7131656881805856013,贝果,美食,0.00,,12,1,filter
7627466828339596606,春游野餐,美食,0.00,,12,1,filter
7127561998556073247,简餐,美食,0.00,,12,1,filter
7485240505257807138,明亮春味,美食,0.00,,12,1,filter
7330588808666156307,香浓,美食,0.00,,12,1,filter
7261185427703418169,慕斯,美食,0.00,,12,1,filter
7535720421677731098,苏打气泡,美食,0.00,,12,1,filter
7586719222160543017,围炉暖食,美食,0.00,,12,1,filter
7330579916272012580,风味,美食,0.00,,12,1,filter
7351018816215764233,素净,美食,0.00,,12,1,filter
7580047192463969560,鲜萃食光,美食,0.00,,12,1,filter
7127608379056459015,赏味,美食,0.00,,12,1,filter
7302041028205333786,晚宴,美食,0.00,,12,1,filter
7507632191380229402,日料寿司,美食,0.00,,12,1,filter
7481862972801879346,清新暖食,美食,0.00,,12,1,filter
7127653100269210916,暖食,美食,0.00,,12,1,filter
7449704838763466035,冬日烧烤,美食,0.00,,12,1,filter
7127656350833806622,料理,美食,0.00,,12,1,filter
7127675183246200072,烘培,美食,0.00,,12,1,filter
7127619120761212168,气泡水,美食,0.00,,12,1,filter
7414142998075690279,美味,美食,0.00,,12,1,filter
7460115630973340940,鲜美年味,美食,0.00,,12,1,filter
7127621137705618724,轻食,美食,0.00,,12,1,filter
7127668806398315806,西餐,美食,0.00,,12,1,filter
7441227246326582537,鲜亮食光,美食,0.00,,12,1,filter
7534412681785183540,大疆4Pro,相机模拟,0.00,,12,1,filter
7502647335218941220,撕拉拍立得,相机模拟,0.00,,12,1,filter
7438160882837835018,圣诞拍立得,相机模拟,0.00,,12,1,filter
7542376153407950095,热显宝丽来,相机模拟,0.00,,12,1,filter
7226994246471945530,富士蓝II,相机模拟,0.00,,12,1,filter
7604153795639135497,影石4k,相机模拟,0.00,,12,1,filter
7159156535640296737,富士NC I,相机模拟,0.00,,12,1,filter
7341296364598480178,都卡,相机模拟,0.00,,12,1,filter
7630364601254808882,大疆影片,相机模拟,0.00,,12,1,filter
7631600978600480036,富士影片,相机模拟,0.00,,12,1,filter
7393943544089627930,iPhone6s,相机模拟,0.00,,12,1,filter
7332480052392774975,FXN,相机模拟,0.00,,12,1,filter
7481194247610174757,粉白微曝光,相机模拟,0.00,,12,1,filter
7675634366827023642,辣妹CCD,相机模拟,0.00,,12,1,filter
7643803947257367851,富士卷,相机模拟,0.00,,12,1,filter
7361792068475325735,奥林巴斯,相机模拟,0.00,,12,1,filter
7485292050917657906,佳能G12,相机模拟,0.00,,12,1,filter
7291560741885480250,哈苏II,相机模拟,0.00,,12,1,filter
7601116367005175067,徕卡银盐,相机模拟,0.00,,12,1,filter
7168097661160131879,GR蓝,相机模拟,0.00,,12,1,filter
7168121440141708576,GR绿,相机模拟,0.00,,12,1,filter
7226994214029184313,富士青,相机模拟,0.00,,12,1,filter
7394357532912782629,富士x100,相机模拟,0.00,,12,1,filter
7512706064693988645,大疆电影感,相机模拟,0.00,,12,1,filter
7246720031118101816,富士蓝,相机模拟,0.00,,12,1,filter
7159408376378559747,富士NC II,相机模拟,0.00,,12,1,filter
7291595038688136474,佳能G7X III,相机模拟,0.00,,12,1,filter
7517685395102977334,柯达金200,相机模拟,0.00,,12,1,filter
7168098796860148995,GR正片,相机模拟,0.00,,12,1,filter
7403222365217295667,反差富士,相机模拟,0.00,,12,1,filter
7291597100389862707,佳能G7X II,相机模拟,0.00,,12,1,filter
7535108076081335606,富士XT5,相机模拟,0.00,,12,1,filter
7268561936344780086,富士CC I,相机模拟,0.00,,12,1,filter
7600301036787600667,宝丽来SX70,相机模拟,0.00,,12,1,filter
7159134459088899339,富士NC III,相机模拟,0.00,,12,1,filter
7345412316621442354,柔焦,相机模拟,0.00,,12,1,filter
7364705637931994405,闪光灯,相机模拟,0.00,,12,1,filter
7127669338089311495,三洋VPC,相机模拟,0.00,,12,1,filter
7127830050786823437,海鸥DC,相机模拟,0.00,,12,1,filter
7268561903721401641,富士CC II,相机模拟,0.00,,12,1,filter
7127824119294364959,千玺IXU,相机模拟,0.00,,12,1,filter
7675635878768856366,海盐假日,最新,0.00,,12,1,filter
7681621027062926632,90s随拍,最新,0.00,,12,1,filter
7681624451649146175,冷蓝肖像,最新,0.00,,12,1,filter
7672302520856759603,橘海落日,最新,0.00,,12,1,filter
7675634448267742473,治愈小馆,最新,0.00,,12,1,filter
7672307089892478218,青橙漏光,最新,0.00,,12,1,filter
7681621768544505128,暗调冷光,最新,0.00,,12,1,filter
7681621250304707855,海上旧片,最新,0.00,,12,1,filter
7681623203940224319,彩胶片,最新,0.00,,12,1,filter
7681624864087674127,褐调暗角,最新,0.00,,12,1,filter
7675633984730058030,蜜肤假日,最新,0.00,,12,1,filter
7672304518880709898,哑黑胶片,最新,0.00,,12,1,filter
7681619055056375055,润光,最新,0.00,,12,1,filter
7675633491110858011,林隙晴空,最新,0.00,,12,1,filter
7675632921155341619,椰林假日,最新,0.00,,12,1,filter
7675635357555182898,牛仔假日,最新,0.00,,12,1,filter
7679372098417986840,画质去雾,最新,0.00,,12,1,filter
7675636048600403250,旷野胶片,最新,0.00,,12,1,filter
7675635769238768923,蜜色胶片,最新,0.00,,12,1,filter
7672306793137048883,绯色夜途,最新,0.00,,12,1,filter
7681623739720617222,钴蓝像素,最新,0.00,,12,1,filter
7675634552768957706,晴海胶片,最新,0.00,,12,1,filter
7681620773764681006,蔚蓝岛屿,最新,0.00,,12,1,filter
7665869854167223576,椰海人像,最新,0.00,,12,1,filter
7672306166994619699,暖棕旧胶,最新,0.00,,12,1,filter
7675635138339802377,焦糖旧巷,最新,0.00,,12,1,filter
7675633316200041737,伦敦暮色,最新,0.00,,12,1,filter
7681623573860977954,暖雾灰,最新,0.00,,12,1,filter
7672299964764065075,奶甜辣妹,最新,0.00,,12,1,filter
7681620014352452910,光泽肤,最新,0.00,,12,1,filter
7681622046580739364,数码片,最新,0.00,,12,1,filter
7681624285194063138,高饱和,最新,0.00,,12,1,filter
7672302431623138611,海盐假日,最新,0.00,,12,1,filter
7675635338647293194,公路假日,最新,0.00,,12,1,filter
7681622088028917001,灰调定格,最新,0.00,,12,1,filter
7681622585041227059,金色胶片,最新,0.00,,12,1,filter
7681624161910852910,红调,最新,0.00,,12,1,filter
7667152709618781464,尘野大片,最新,0.00,,12,1,filter
7672300264455441691,松弛冷白,最新,0.00,,12,1,filter
7675635185848749338,中途站,最新,0.00,,12,1,filter
7675633357333581094,雨夜霓虹,最新,0.00,,12,1,filter
7675636155911589130,夏日胶片,最新,0.00,,12,1,filter
7675634528659983666,千禧冷蓝,最新,0.00,,12,1,filter
7672307176567819571,千禧蓝,最新,0.00,,12,1,filter
7681622498202651954,暖调复古,最新,0.00,,12,1,filter
7681624648433405224,液态银,最新,0.00,,12,1,filter
7672301796802465034,阿马尔菲假日,最新,0.00,,12,1,filter
7672304419022671113,微醺胶片,最新,0.00,,12,1,filter
7675634443180084490,美式甜酷,最新,0.00,,12,1,filter
7675635308427300142,海岸敞篷,最新,0.00,,12,1,filter
7672306518011776266,鎏金夜,最新,0.00,,12,1,filter
7675635117569625382,生日蜜棕,最新,0.00,,12,1,filter
7682669531302595894,水形物语,最新,0.00,,12,1,filter
7672302801560669450,琉璃海,最新,0.00,,12,1,filter
7675633777732783398,晒后蜜色,最新,0.00,,12,1,filter
7672302158615727410,鎏金假日,最新,0.00,,12,1,filter
7681624196400581894,热烈,最新,0.00,,12,1,filter
7672305073522756874,辣妹胶片,最新,0.00,,12,1,filter
7672300794787433766,加州辣妹,最新,0.00,,12,1,filter
7681624031421877523,暗房颗粒,最新,0.00,,12,1,filter
7675634923293789490,夜车胶片,最新,0.00,,12,1,filter
7681621443561458987,旷野,最新,0.00,,12,1,filter
7675634496309300518,海岸甜酷,最新,0.00,,12,1,filter
7681623102781934883,褪色胶卷,最新,0.00,,12,1,filter
7681620746250030376,粉紫落日,最新,0.00,,12,1,filter
7681624296988462342,紫雾高调,最新,0.00,,12,1,filter
7675635149727468826,牛仔胶片,最新,0.00,,12,1,filter
7681623277843909903,深蓝星光,最新,0.00,,12,1,filter
7675632918483488038,滨海假日,最新,0.00,,12,1,filter
7681622755921431849,冷蓝,最新,0.00,,12,1,filter
7672305616811068682,棕调胶片,最新,0.00,,12,1,filter
7675636263667371314,野夏胶片,最新,0.00,,12,1,filter
7672300629817134363,落日清透肌,最新,0.00,,12,1,filter
7672306986863627530,美式机车,最新,0.00,,12,1,filter
7672306701118262554,鎏金夜,最新,0.00,,12,1,filter
7681622854865128758,赛博紫,最新,0.00,,12,1,filter
7675635814591728923,热海胶片,最新,0.00,,12,1,filter
7675635772564753674,海盐胶片,最新,0.00,,12,1,filter
7675633115330579763,鎏金假日,最新,0.00,,12,1,filter
7681624973542165812,赤焰光感,最新,0.00,,12,1,filter
7681622340844801314,低照度胶片,最新,0.00,,12,1,filter
7681621547580132623,原野氧吧,最新,0.00,,12,1,filter
7675634181501766963,柔紫旧梦,最新,0.00,,12,1,filter
7681304282481675529,去雾清晰,最新,0.00,,12,1,filter
7677292590349208878,去灰增亮,最新,0.00,,12,1,filter
7675633832061635849,松弛裸感,最新,0.00,,12,1,filter
7681623940912942345,机械银灰,最新,0.00,,12,1,filter
7672306888075218202,暮云碎金,最新,0.00,,12,1,filter
7681621839398931748,暖黄胶片,最新,0.00,,12,1,filter
7681624521861762344,霓虹紫,最新,0.00,,12,1,filter
7681625889859259657,褪色晨光,最新,0.00,,12,1,filter
7675635781255302446,洛城日光,最新,0.00,,12,1,filter
7675635677630876937,加州旧梦,最新,0.00,,12,1,filter
7675635612434631963,松弛胶片,最新,0.00,,12,1,filter
7681623279093763368,复古静帧,最新,0.00,,12,1,filter
7675632953938021642,岛屿蓝,最新,0.00,,12,1,filter
7680191707849313561,忧郁电影感,最新,0.00,,12,1,filter
7675636228078783771,浅金胶片,最新,0.00,,12,1,filter
7675634050308132134,美式金棕,最新,0.00,,12,1,filter
7672300361624915226,夜棕微醺,最新,0.00,,12,1,filter
7681621873519496483,午后暖光,最新,0.00,,12,1,filter
7131347316111314189,2077,夜景,0.00,,12,1,filter
7681622377146486031,星际冷光,夜景,0.00,,12,1,filter
7498004563954322726,加州落日,夜景,0.00,,12,1,filter
7145394477249678606,漱石,夜景,0.00,,12,1,filter
7341266486536768831,黑金红,夜景,0.00,,12,1,filter
7145394213339860261,驮月,夜景,0.00,,12,1,filter
7462637606052941095,夜拍高光,夜景,0.00,,12,1,filter
7368141858603666698,落日粉,夜景,0.00,,12,1,filter
7127671508264078599,青灰,夜景,0.00,,12,1,filter
7462636960557927699,粉蓝烟花,夜景,0.00,,12,1,filter
7525110001959030042,夜景去雾,夜景,0.00,,12,1,filter
7406976302122618123,都市电影II,夜景,0.00,,12,1,filter
7408952560549104923,港风夜景,夜景,0.00,,12,1,filter
7341300292148907327,蓝金,夜景,0.00,,12,1,filter
7127830631601458440,暖黄,夜景,0.00,,12,1,filter
7617817263307066667,冷烟花,夜景,0.00,,12,1,filter
7145394908608662814,灯会,夜景,0.00,,12,1,filter
7127561047048850718,橙蓝,夜景,0.00,,12,1,filter
7131522303082466597,黑冰,夜景,0.00,,12,1,filter
7362076973981584691,小麦色,夜景,0.00,,12,1,filter
7528075579602554150,冷调微曝,夜景,0.00,,12,1,filter
7595505308848360750,烟火迎春,夜景,0.00,,12,1,filter
7328364126449765671,暗夜明肤,夜景,0.00,,12,1,filter
7145391965717253406,秋池,夜景,0.00,,12,1,filter
7446691478761508108,花火增色,夜景,0.00,,12,1,filter
7281166048273943867,仲夏夜,夜景,0.00,,12,1,filter
7374251948058447158,落日鎏金,夜景,0.00,,12,1,filter
7595588267978837282,烟花去雾,夜景,0.00,,12,1,filter
7328363887542209828,蓝调烟火,夜景,0.00,,12,1,filter
7501988309900528935,科幻星球,夜景,0.00,,12,1,filter
7494135245709610275,夜拍闪曝,夜景,0.00,,12,1,filter
7281575818621455628,青红夜,夜景,0.00,,12,1,filter
7460022261144177957,花火夜焰,夜景,0.00,,12,1,filter
7444905127871270181,烟花增强,夜景,0.00,,12,1,filter
7446098658942078258,浪漫烟火,夜景,0.00,,12,1,filter
7299130097632627979,阿尔菲,夜景,0.00,,12,1,filter
7127618237117877518,冷蓝,夜景,0.00,,12,1,filter
7448652759869525287,清晰烟花,夜景,0.00,,12,1,filter
7446098482013768970,高清烟火,夜景,0.00,,12,1,filter
7429295455953046818,圣诞灯光II,夜景,0.00,,12,1,filter
7429295645669756195,圣诞灯光,夜景,0.00,,12,1,filter
7303812389177265447,冰火,夜景,0.00,,12,1,filter
7446098755905965338,烟火增色,夜景,0.00,,12,1,filter
7127622617699290399,红绿,夜景,0.00,,12,1,filter
7429296137275755810,圣诞灯光III,夜景,0.00,,12,1,filter
7628643425511804196,电影感沉溺,影视级,0.00,,12,1,filter
7337929426493132058,蓝橙II,影视级,0.00,,12,1,filter
7589559390106062132,电影葡街,影视级,0.00,,12,1,filter
7336763348492553499,底特律,影视级,0.00,,12,1,filter
7127667757839076645,蓝灰,影视级,0.00,,12,1,filter
7648643553245089043,电影感锐化,影视级,0.00,,12,1,filter
7608956042701065487,浓调电影,影视级,0.00,,12,1,filter
7649776544033885482,大片镜头,影视级,0.00,,12,1,filter
7131643870714006821,里昂,影视级,0.00,,12,1,filter
7528823226357665050,高质感电影,影视级,0.00,,12,1,filter
7413062310580800831,高清电影,影视级,0.00,,12,1,filter
7337928347118275890,哥谭,影视级,0.00,,12,1,filter
7312647197462367524,好莱坞IV,影视级,0.00,,12,1,filter
7148963827239963918,春风,影视级,0.00,,12,1,filter
7486832436819578151,电影感增强,影视级,0.00,,12,1,filter
7496103061845249316,胶片电影,影视级,0.00,,12,1,filter
7148958479326153991,尘烟,影视级,0.00,,12,1,filter
7452946862581058853,高清电影卷,影视级,0.00,,12,1,filter
7621210828754144550,电影感去灰,影视级,0.00,,12,1,filter
7501954865518677267,纪实电影胶片,影视级,0.00,,12,1,filter
7620853540034055465,青绿电影,影视级,0.00,,12,1,filter
7337932621046910262,青黄II,影视级,0.00,,12,1,filter
7610097144032201994,电影感时代,影视级,0.00,,12,1,filter
7493536391431785752,暗调纪实电影,影视级,0.00,,12,1,filter
7312617341710372107,好莱坞III,影视级,0.00,,12,1,filter
7202485617026977056,独行侠,影视级,0.00,,12,1,filter
7435151398783765799,电影增质,影视级,0.00,,12,1,filter
7148844086869396743,人生之事,影视级,0.00,,12,1,filter
7202480777387445507,子弹列车,影视级,0.00,,12,1,filter
7516859499404119296,伤感故事电影,影视级,0.00,,12,1,filter
7493874443639377164,港风复古,影视级,0.00,,12,1,filter
7330543523042708790,诗诺,影视级,0.00,,12,1,filter
7494169971136711977,电影校正,影视级,0.00,,12,1,filter
7439365849703550247,电影增强,影视级,0.00,,12,1,filter
7513959933310749991,高级影视,影视级,0.00,,12,1,filter
7127541821332409630,青黄,影视级,0.00,,12,1,filter
7233733326517832995,金姜,影视级,0.00,,12,1,filter
7312646683672825100,都市,影视级,0.00,,12,1,filter
7409572381775138067,国风电影,影视级,0.00,,12,1,filter
7478335987777572137,青橙电影感,影视级,0.00,,12,1,filter
7631255846743297316,冷灰电影感,影视级,0.00,,12,1,filter
7437195358075145484,超清电影,影视级,0.00,,12,1,filter
7131630640646081822,尘杏,影视级,0.00,,12,1,filter
7481337713443048755,英伦复古,影视级,0.00,,12,1,filter
7475289663381540150,超清电影卷,影视级,0.00,,12,1,filter
7539542018494663975,电影叙事感,影视级,0.00,,12,1,filter
7640135120959081774,黑白电影感,影视级,0.00,,12,1,filter
7569903362355891518,电影大师,影视级,0.00,,12,1,filter
7271140658071588132,随性,影视级,0.00,,12,1,filter
7493845947546455307,港风电影,影视级,0.00,,12,1,filter
7477802799862992138,4K画质,影视级,0.00,,12,1,filter
7472770427245448474,电影画质,影视级,0.00,,12,1,filter
7435151579029769511,清晰电影,影视级,0.00,,12,1,filter
7337929076042222899,爱之城II,影视级,0.00,,12,1,filter
7591041766158109952,史诗电影,影视级,0.00,,12,1,filter
7596692097164479807,古罗马电影,影视级,0.00,,12,1,filter
7630093105819143434,港影旧序,影视级,0.00,,12,1,filter
7596940217177705779,暗蓝电影感,影视级,0.00,,12,1,filter
7478641636092775743,4K画质电影,影视级,0.00,,12,1,filter
7271145889119440147,邂逅,影视级,0.00,,12,1,filter
7623238546177969471,质感大片,影视级,0.00,,12,1,filter
7653074033000369449,影片镜头,影视级,0.00,,12,1,filter
7592642498489503026,电影慢镜II,影视级,0.00,,12,1,filter
7202480720843984131,不要抬头,影视级,0.00,,12,1,filter
7591844323558165800,电影镜头,影视级,0.00,,12,1,filter
7649051171948154175,浓烈电影感,影视级,0.00,,12,1,filter
7630798925166873866,浓郁影质,影视级,0.00,,12,1,filter
7611777721500306723,电影境遇,影视级,0.00,,12,1,filter
7233731121610100020,木葵,影视级,0.00,,12,1,filter
7509005376835079439,情感故事电影,影视级,0.00,,12,1,filter
7595136957605252390,电影独白,影视级,0.00,,12,1,filter
7494530599202327846,暗调复古电影,影视级,0.00,,12,1,filter
7312646650202262820,雾都,影视级,0.00,,12,1,filter
7591523217345449279,电影慢镜,影视级,0.00,,12,1,filter
7131656881805741325,爱之城,影视级,0.00,,12,1,filter
7596691154008132915,暗蓝电影,影视级,0.00,,12,1,filter
7131605817958075685,苍橘,影视级,0.00,,12,1,filter
7437098009827036455,高清影视,影视级,0.00,,12,1,filter
7607867444048317706,深蓝电影感,影视级,0.00,,12,1,filter
7322665617373351231,繁花璀璨,影视级,0.00,,12,1,filter
7131582482608164132,烟橙,影视级,0.00,,12,1,filter
7498948996816194843,伤感电影,影视级,0.00,,12,1,filter
7575372908076338457,电影光感,影视级,0.00,,12,1,filter
7604153456365948169,电影往事,影视级,0.00,,12,1,filter
7477802809971215653,4K增质,影视级,0.00,,12,1,filter
7226989951911562553,韦斯,影视级,0.00,,12,1,filter
7637567457250594058,质感镜头,影视级,0.00,,12,1,filter
7131488780451663140,西西里,影视级,0.00,,12,1,filter
7602322655651400970,浓郁电影感,影视级,0.00,,12,1,filter
7226994281414692155,好莱坞I,影视级,0.00,,12,1,filter
7493945636518104360,新中式电影感,影视级,0.00,,12,1,filter
7459718501280861481,国风电影,影视级,0.00,,12,1,filter
7322665314980859177,繁花如梦,影视级,0.00,,12,1,filter
7226995248814165308,好莱坞II,影视级,0.00,,12,1,filter
7329826553477565705,情辉,影视级,0.00,,12,1,filter
7454130417562553651,高清4k电影,影视级,0.00,,12,1,filter
7594482003286838564,春禧电影感,影视级,0.00,,12,1,filter
7271143155544739108,自由,影视级,0.00,,12,1,filter
7401896022214970650,青橙电影,影视级,0.00,,12,1,filter
7271142654505766183,奥本海默,影视级,0.00,,12,1,filter
7493423027670109449,大唐盛世,影视级,0.00,,12,1,filter
7340282260312182050,未央,影视级,0.00,,12,1,filter
7202475126485503236,黑豹,影视级,0.00,,12,1,filter
7127819487419567373,月升之国,影视级,0.00,,12,1,filter
7298279202350976282,凝黛,影视级,0.00,,12,1,filter
7127675868641594654,即刻春光,影视级,0.00,,12,1,filter
7127653121966230814,高饱和,影视级,0.00,,12,1,filter
7127823728267775263,闻香识人,影视级,0.00,,12,1,filter
7226251886360300837,赤陀,影视级,0.00,,12,1,filter
7340915058542759219,砾绀,影视级,0.00,,12,1,filter
7271141541521968396,希望,影视级,0.00,,12,1,filter
7127615347703811336,深褐,影视级,0.00,,12,1,filter
7452548610971012379,高清4K电影,影视级,0.00,,12,1,filter
7505461557237730598,情感电影,影视级,0.00,,12,1,filter
7127568601921408293,敦刻尔克,影视级,0.00,,12,1,filter
7127620849372302629,琥珀,影视级,0.00,,12,1,filter
7420000959759224118,情绪电影,影视级,0.00,,12,1,filter
7341204799590763788,烟岚,影视级,0.00,,12,1,filter
7404104823563472137,古风影视,影视级,0.00,,12,1,filter
7127615575865478430,青橙,影视级,0.00,,12,1,filter
7271281225115897140,原野,户外,0.00,,12,1,filter
7131509679246675208,铅绿,户外,0.00,,12,1,filter
7193989203930123554,越岭,户外,0.00,,12,1,filter
7210749292888280359,漫空,户外,0.00,,12,1,filter
7131513310733765918,旷野蓝,户外,0.00,,12,1,filter
7262351970193640715,灯塔,户外,0.00,,12,1,filter
7462637393783360809,冰雪白,户外,0.00,,12,1,filter
7485293187616066831,春日清透,户外,0.00,,12,1,filter
7524262165273005321,森林徒步,户外,0.00,,12,1,filter
7366260047401323811,逆光提亮,户外,0.00,,12,1,filter
7248568097660013864,劲闯,户外,0.00,,12,1,filter
7194091413728922941,石山,户外,0.00,,12,1,filter
7343831195924303123,郁金香,户外,0.00,,12,1,filter
7210756366317686054,漫夏,户外,0.00,,12,1,filter
7527721135824211243,海上冲浪,户外,0.00,,12,1,filter
7131419324622982408,莫吉托,户外,0.00,,12,1,filter
7194083900333755704,炊烟,户外,0.00,,12,1,filter
7195925533031435558,登高,户外,0.00,,12,1,filter
7210758351595048195,漫荫,户外,0.00,,12,1,filter
7275699191253339455,桐影,户外,0.00,,12,1,filter
7246723559047941433,松绿,户外,0.00,,12,1,filter
7271284653816843554,墨林,户外,0.00,,12,1,filter
7194090104317594938,牧野,户外,0.00,,12,1,filter
7131290518838938887,青提,户外,0.00,,12,1,filter
7271278427309755688,忆山,户外,0.00,,12,1,filter
7193982146363673856,乐游,户外,0.00,,12,1,filter
7196920471043050812,秋波,户外,0.00,,12,1,filter
7211008985187487036,花间,户外,0.00,,12,1,filter
7211006465358843196,醒春,户外,0.00,,12,1,filter
7248568718265978112,飒意,户外,0.00,,12,1,filter
7193983160231742772,野趣,户外,0.00,,12,1,filter
7127822311708691726,宿营,户外,0.00,,12,1,filter
7131399016771800357,冰茶,户外,0.00,,12,1,filter
7365842976691604763,晴肤,户外,0.00,,12,1,filter
7262350396566342975,幽海,户外,0.00,,12,1,filter
7344374695053102371,薄绿,户外,0.00,,12,1,filter
7262351934785408267,暮川,户外,0.00,,12,1,filter
7195930274918567180,攀岩,户外,0.00,,12,1,filter
7495673180904885516,丝滑皮肤,户外,0.00,,12,1,filter
7196917591909109052,雨空,户外,0.00,,12,1,filter
7127823362356727077,雾野,户外,0.00,,12,1,filter
7196927862056701240,冰瀑,户外,0.00,,12,1,filter
7248566556593098024,捕风,户外,0.00,,12,1,filter
7332714336315526409,倾森,户外,0.00,,12,1,filter
7195931118166609190,越野,户外,0.00,,12,1,filter
7295362817874480425,寻荷,户外,0.00,,12,1,filter
7343782317820857641,薄荷,户外,0.00,,12,1,filter
7340687187194678569,浮生,户外,0.00,,12,1,filter
7127663793827564808,林间,户外,0.00,,12,1,filter
7345493751416016166,梨花白,户外,0.00,,12,1,filter
7127662738884545806,山系,户外,0.00,,12,1,filter
7211001257996127547,风铃,户外,0.00,,12,1,filter
7248571956860079395,燃力,户外,0.00,,12,1,filter
7359223280714239268,盐岚,户外,0.00,,12,1,filter
7269240546810400011,艾丽莎,风格化,0.00,,12,1,filter
7233732009070300473,光流,风格化,0.00,,12,1,filter
7177725752513793284,暗银,风格化,0.00,,12,1,filter
7145394469666376991,高街,风格化,0.00,,12,1,filter
7414902721733479699,黑金,风格化,0.00,,12,1,filter
7156638423191784735,山本,风格化,0.00,,12,1,filter
7348301778909252879,格金,风格化,0.00,,12,1,filter
7408496787398446362,黑暗神话,风格化,0.00,,12,1,filter
7223645151820877093,INS暗,风格化,0.00,,12,1,filter
7223630575888780602,暗银II,风格化,0.00,,12,1,filter
7145394707156323591,市井,风格化,0.00,,12,1,filter
7237440664139484473,蓝梦核,风格化,0.00,,12,1,filter
7607806312822443289,安藤调,风格化,0.00,,12,1,filter
7511619145864187136,暗金,风格化,0.00,,12,1,filter
7617812821895662867,野性,风格化,0.00,,12,1,filter
7131655685321821477,砂金,风格化,0.00,,12,1,filter
7589518503460310296,浅绿微曝,风格化,0.00,,12,1,filter
7160580722774920461,沙砾,风格化,0.00,,12,1,filter
7592199246766542104,水墨意境,风格化,0.00,,12,1,filter
7260771472107441471,岚夏,风格化,0.00,,12,1,filter
7630501558370733321,静谧暗调,风格化,0.00,,12,1,filter
7127824109093866760,彩光,风格化,0.00,,12,1,filter
7269236283019463972,奥罗拉,风格化,0.00,,12,1,filter
7233731748545203493,迷幻,风格化,0.00,,12,1,filter
7210645355136961852,涩谷,风格化,0.00,,12,1,filter
7261466919688015140,风铃蓝,风格化,0.00,,12,1,filter
7623429382014586174,松烟墨,风格化,0.00,,12,1,filter
7617812708397731113,美式复古,风格化,0.00,,12,1,filter
7471169568484953363,闪耀派对,风格化,0.00,,12,1,filter
7260772961462799627,纱雾,风格化,0.00,,12,1,filter
7127823742830398757,盐系,风格化,0.00,,12,1,filter
7208496124779302177,富春山居,风格化,0.00,,12,1,filter
7261461692096220428,心动夏,风格化,0.00,,12,1,filter
7398034408139230490,Y3K,风格化,0.00,,12,1,filter
7604669372958788900,沙龙暖调,风格化,0.00,,12,1,filter
7617816103464602916,深邃,风格化,0.00,,12,1,filter
7145395383475113230,烈日,风格化,0.00,,12,1,filter
7621209972352814379,黑金大片,风格化,0.00,,12,1,filter
7530690874699713842,柏林,风格化,0.00,,12,1,filter
7261469707138518283,夏日粉,风格化,0.00,,12,1,filter
7233734975839898940,曼波,风格化,0.00,,12,1,filter
7291203298630159676,暗影,风格化,0.00,,12,1,filter
7617811076125576454,明艳,风格化,0.00,,12,1,filter
7270142995712773415,安西娅,风格化,0.00,,12,1,filter
7213573482850880827,羽梦,风格化,0.00,,12,1,filter
7131539023817936158,焰色,风格化,0.00,,12,1,filter
7160594413847203085,迷雾,风格化,0.00,,12,1,filter
7145394266209127694,银蓝,风格化,0.00,,12,1,filter
7346450662185569555,闪星,风格化,0.00,,12,1,filter
7223712396769119545,黑曜,风格化,0.00,,12,1,filter
7237446176629345593,恍光,风格化,0.00,,12,1,filter
7571383496334150937,漫银纪元,风格化,0.00,,12,1,filter
7580008561884040473,墨色胶卷,风格化,0.00,,12,1,filter
7145390299370638600,镜粉,风格化,0.00,,12,1,filter
7622554933115555097,勃艮第红,风格化,0.00,,12,1,filter
7260770496055168310,禾美,风格化,0.00,,12,1,filter
7426749131344841995,万圣,风格化,0.00,,12,1,filter
7262634564428778752,晚柠,风格化,0.00,,12,1,filter
7617817262107413802,粉霓虹,风格化,0.00,,12,1,filter
7177729481300364548,冷萃,风格化,0.00,,12,1,filter
7177728466354326822,茶墨,风格化,0.00,,12,1,filter
7405509975939894567,玄影灵,风格化,0.00,,12,1,filter
7237441824611224889,多巴胺,风格化,0.00,,12,1,filter
7302325291634920755,亭竹,风格化,0.00,,12,1,filter
7328694736565439807,爱丽丝,风格化,0.00,,12,1,filter
7127674303306419464,私语,风格化,0.00,,12,1,filter
7308714123913612607,鹅冠,风格化,0.00,,12,1,filter
7617817255128173865,纸醉金迷,风格化,0.00,,12,1,filter
7617812799330307364,多彩世界,风格化,0.00,,12,1,filter
7131322091839753502,酚蓝,风格化,0.00,,12,1,filter
7581301466128780569,安塞尔灰调,风格化,0.00,,12,1,filter
7127663097162075399,硬朗,风格化,0.00,,12,1,filter
7210651068324285754,和歌山,风格化,0.00,,12,1,filter
7210646550974876984,新宿,风格化,0.00,,12,1,filter
7542896143949106472,反差色,风格化,0.00,,12,1,filter
7473409650746985779,INS暗调,风格化,0.00,,12,1,filter
7213576268346838333,月辉,风格化,0.00,,12,1,filter
7127654151688949000,金属,风格化,0.00,,12,1,filter
7127676762514885919,酷白,风格化,0.00,,12,1,filter
7127657979838516494,赛博朋克,风格化,0.00,,12,1,filter
7127675565779307789,流光金属,风格化,0.00,,12,1,filter
7143532176313699620,空谷,风格化,0.00,,12,1,filter
7349953761059638555,影叙,风格化,0.00,,12,1,filter
7366640728493002018,克洛伊,风格化,0.00,,12,1,filter
7342395072199019803,新闪,风格化,0.00,,12,1,filter
7213575938615872823,珠落,风格化,0.00,,12,1,filter
7409669784155000090,烈焰红,风格化,0.00,,12,1,filter
7127823728070659358,暗夜,风格化,0.00,,12,1,filter
7127672042069036319,星云,风格化,0.00,,12,1,filter
7208495962887621899,清明上河,风格化,0.00,,12,1,filter
7368493100127292723,书意,风格化,0.00,,12,1,filter
7127667361456426248,绝对红,风格化,0.00,,12,1,filter
7376146305736822028,扫街,风格化,0.00,,12,1,filter
7347729407181704498,椿来,风格化,0.00,,12,1,filter
7127671519450320159,蒸汽波,风格化,0.00,,12,1,filter
7291179909718740259,病娇,风格化,0.00,,12,1,filter
7299055174880988479,朱栗,风格化,0.00,,12,1,filter
7143575737881120037,熔金,风格化,0.00,,12,1,filter
7127669630667066655,日落橘,风格化,0.00,,12,1,filter
7291201164027252024,鬼魅,风格化,0.00,,12,1,filter
7143533042978524424,烟霞,风格化,0.00,,12,1,filter
7341767383259942155,梵时,风格化,0.00,,12,1,filter
7143532202112912670,月夜,风格化,0.00,,12,1,filter
7127679308897832206,ABG,风格化,0.00,,12,1,filter
7166494058305670432,落日,风格化,0.00,,12,1,filter
7304170509661506843,低保真,风格化,0.00,,12,1,filter
7127657509501914399,珠光蓝,风格化,0.00,,12,1,filter
7208496463293320480,竹绢,风格化,0.00,,12,1,filter
7302324323270872346,冬漫,风格化,0.00,,12,1,filter
7208495854938901793,千里江山,风格化,0.00,,12,1,filter
7166472327801097476,亢奋,风格化,0.00,,12,1,filter
7127676358766923016,柠檬青,风格化,0.00,,12,1,filter
7208495760520842529,泥金,风格化,0.00,,12,1,filter
7143760738765655310,快照II,黑白,0.00,,12,1,filter
7429744855724641545,高清黑白,黑白,0.00,,12,1,filter
7533265997478808841,黑白记忆,黑白,0.00,,12,1,filter
7127664822921022734,蓝调,黑白,0.00,,12,1,filter
7127838224344435981,江浙沪,黑白,0.00,,12,1,filter
7300751893813366053,冷墨,黑白,0.00,,12,1,filter
7242215081663008056,森山,黑白,0.00,,12,1,filter
7127670164996295972,黑金,黑白,0.00,,12,1,filter
7221805176410180921,黑胶唱片,黑白,0.00,,12,1,filter
7242212640498568503,古罗马,黑白,0.00,,12,1,filter
7242208887883992381,布兰卡,黑白,0.00,,12,1,filter
7300758676732677427,砂红,黑白,0.00,,12,1,filter
7127822013074263310,牛皮纸,黑白,0.00,,12,1,filter
7143537677655100709,快照I,黑白,0.00,,12,1,filter
7242211155131862332,暮光,黑白,0.00,,12,1,filter
7127576913375153415,布朗,黑白,0.00,,12,1,filter
7127663117508660517,赫本,黑白,0.00,,12,1,filter
7127655037026848031,默片,黑白,0.00,,12,1,filter
7127668404764380447,褪色,黑白,0.00,,12,1,filter
7565956901322706226,增质去雾,高清,0.00,,12,1,filter
7442389591140748570,高清晴天,高清,0.00,,12,1,filter
7448290256476065035,高清晴日,高清,0.00,,12,1,filter
7447397442603076899,高清雪肤,高清,0.00,,12,1,filter
7444960692853148955,高清雪景,高清,0.00,,12,1,filter
7436068361622129929,清晰增强,高清,0.00,,12,1,filter
7474611627338239282,高清亮粉,高清,0.00,,12,1,filter
7426668776491453707,高清增强,高清,0.00,,12,1,filter
7473437502787816740,去雾,高清,0.00,,12,1,filter
7433451928773807397,高清质感,高清,0.00,,12,1,filter
7530582568769522980,通透,高清,0.00,,12,1,filter
7402847660165713190,高清修复III,高清,0.00,,12,1,filter
7480203423095213362,4K高品质,高清,0.00,,12,1,filter
7451808659320900891,高清绿妍,高清,0.00,,12,1,filter
7446290162922818870,高清圣诞,高清,0.00,,12,1,filter
7440518381825969423,清晰增质,高清,0.00,,12,1,filter
7441986385784982793,高清画质,高清,0.00,,12,1,filter
7449684693982743817,高清寒冬,高清,0.00,,12,1,filter
7441960726274559282,清晰增质,高清,0.00,,12,1,filter
7443710725773675803,高清提升,高清,0.00,,12,1,filter
7450134286071631141,高清默冬,高清,0.00,,12,1,filter
7404503340576410906,高清润白,高清,0.00,,12,1,filter
7450317804554685708,高清冬日,高清,0.00,,12,1,filter
7412691247992671497,自然清晰,高清,0.00,,12,1,filter
7434563587277999387,高清焕晴,高清,0.00,,12,1,filter
7438854064458239258,去黄增质,高清,0.00,,12,1,filter
7159140854601469223,夏威夷,复古胶片,0.00,,12,1,filter
7639371671144598847,古早微醺,复古胶片,0.00,,12,1,filter
7586692127833328896,古早宝丽来,复古胶片,0.00,,12,1,filter
7159175960414194982,西雅图,复古胶片,0.00,,12,1,filter
7168108694285159719,月吟,复古胶片,0.00,,12,1,filter
7617812345930124580,复古棕调,复古胶片,0.00,,12,1,filter
7200999937960627459,PENTAX,复古胶片,0.00,,12,1,filter
7647099764940557618,暗角旧影,复古胶片,0.00,,12,1,filter
7168110568673479948,夜雾,复古胶片,0.00,,12,1,filter
7145394304377163045,海松,复古胶片,0.00,,12,1,filter
7175076304058895619,魅影,复古胶片,0.00,,12,1,filter
7632707882093382974,旧时光帧,复古胶片,0.00,,12,1,filter
7279063581092531510,聆时,复古胶片,0.00,,12,1,filter
7332396398157090089,暮色约会,复古胶片,0.00,,12,1,filter
7200712753324035339,KONICA,复古胶片,0.00,,12,1,filter
7638126209225805098,褪色回忆,复古胶片,0.00,,12,1,filter
7617811392120507690,高饱和胶片,复古胶片,0.00,,12,1,filter
7481494936836197641,春日韩胶,复古胶片,0.00,,12,1,filter
7617813566854286655,复古质感,复古胶片,0.00,,12,1,filter
7190236487152127269,400H,复古胶片,0.00,,12,1,filter
7279062968501832972,晨旭,复古胶片,0.00,,12,1,filter
7431914955747691810,雪地胶片III,复古胶片,0.00,,12,1,filter
7361791960652238143,过期电影卷,复古胶片,0.00,,12,1,filter
7497887075627257114,海边胶片,复古胶片,0.00,,12,1,filter
7483069698981104947,春忆胶卷,复古胶片,0.00,,12,1,filter
7592592527794998580,轻古早,复古胶片,0.00,,12,1,filter
7239235794744003851,俱乐部,复古胶片,0.00,,12,1,filter
7675636150773501210,原野胶片,复古胶片,0.00,,12,1,filter
7159163878822153483,暗匣,复古胶片,0.00,,12,1,filter
7127669605199318280,KU4,复古胶片,0.00,,12,1,filter
7195783041376111932,浅草,复古胶片,0.00,,12,1,filter
7449048492665834779,复古蓝调,复古胶片,0.00,,12,1,filter
7449048410004507914,经典港风,复古胶片,0.00,,12,1,filter
7195889899738909990,怦然心动,复古胶片,0.00,,12,1,filter
7195781682492984636,伊豆,复古胶片,0.00,,12,1,filter
7190249807682800954,160C,复古胶片,0.00,,12,1,filter
7131711838537944335,藤宅,复古胶片,0.00,,12,1,filter
7190237757552348471,800Z,复古胶片,0.00,,12,1,filter
7511971221785922826,国民旧照,复古胶片,0.00,,12,1,filter
7168136171673963787,影部,复古胶片,0.00,,12,1,filter
7239236880858877217,美高,复古胶片,0.00,,12,1,filter
7479800436778732863,复古电影感,复古胶片,0.00,,12,1,filter
7232217903536409893,旧时代II,复古胶片,0.00,,12,1,filter
7175076362997288230,大吉岭,复古胶片,0.00,,12,1,filter
7332345211621887251,美好瞬间,复古胶片,0.00,,12,1,filter
7159133894975999244,藤宅,复古胶片,0.00,,12,1,filter
7239979137404833083,画报,复古胶片,0.00,,12,1,filter
7361792059109313811,哈苏蓝,复古胶片,0.00,,12,1,filter
7325335963318750515,春喜,复古胶片,0.00,,12,1,filter
7159132840179895590,冷叙,复古胶片,0.00,,12,1,filter
7307191907514420491,晴谷,复古胶片,0.00,,12,1,filter
7263357855678467364,街头,复古胶片,0.00,,12,1,filter
7131366613823114503,90s,复古胶片,0.00,,12,1,filter
7131431284403981605,嬉皮士,复古胶片,0.00,,12,1,filter
7195780237790154042,昭和,复古胶片,0.00,,12,1,filter
7314883649999015231,云暖,复古胶片,0.00,,12,1,filter
7295630593063193865,杏铃,复古胶片,0.00,,12,1,filter
7431914829876694324,雪地胶片,复古胶片,0.00,,12,1,filter
7457910812439596339,古早复古,复古胶片,0.00,,12,1,filter
7530879877180919049,往事,复古胶片,0.00,,12,1,filter
7145391402661334280,半衫,复古胶片,0.00,,12,1,filter
7431914902177991970,雪地胶片II,复古胶片,0.00,,12,1,filter
7159161900389977382,旧金山,复古胶片,0.00,,12,1,filter
7366562845120646463,蓝调舞曲,复古胶片,0.00,,12,1,filter
7494564488704806198,怀旧,复古胶片,0.00,,12,1,filter
7232220370667883837,蒸汽机,复古胶片,0.00,,12,1,filter
7127615578705104135,普林斯顿,复古胶片,0.00,,12,1,filter
7145390299106381086,青森,复古胶片,0.00,,12,1,filter
7131219052021779719,摩登,复古胶片,0.00,,12,1,filter
7200697197002886404,EOS3,复古胶片,0.00,,12,1,filter
7279061785922080055,暮信,复古胶片,0.00,,12,1,filter
7263360572404550931,City Walk,复古胶片,0.00,,12,1,filter
7263359186883366155,冷气机,复古胶片,0.00,,12,1,filter
7127578859217620254,KV5D,复古胶片,0.00,,12,1,filter
7312102522733268251,四喜,复古胶片,0.00,,12,1,filter
7195816046077496635,Ditto,复古胶片,0.00,,12,1,filter
7175071186185964812,花火,复古胶片,0.00,,12,1,filter
7300786822068571418,冬离,复古胶片,0.00,,12,1,filter
7127657040348040479,比佛利,复古胶片,0.00,,12,1,filter
7127684611450178823,迈阿密,复古胶片,0.00,,12,1,filter
7301224597033192716,卡露尔,复古胶片,0.00,,12,1,filter
7331590962696834313,西野,复古胶片,0.00,,12,1,filter
7127678346472819982,德古拉,复古胶片,0.00,,12,1,filter
7239977329668263227,旧乐园,复古胶片,0.00,,12,1,filter
7263357613050563852,漫步,复古胶片,0.00,,12,1,filter
7127828208690433311,1980,复古胶片,0.00,,12,1,filter
7127669764905782542,VHS III,复古胶片,0.00,,12,1,filter
7127819154018536741,KE1,复古胶片,0.00,,12,1,filter
7452726092126833959,闪胶回忆,复古胶片,0.00,,12,1,filter
7232218563270954300,旧时代I,复古胶片,0.00,,12,1,filter
7127669912050420999,老友记,复古胶片,0.00,,12,1,filter
7127624030135389471,姜饼红,复古胶片,0.00,,12,1,filter
7127830945243090184,港风,复古胶片,0.00,,12,1,filter
7127539889553427719,花椿,复古胶片,0.00,,12,1,filter
7451265649273261363,喜庆胶片,复古胶片,0.00,,12,1,filter
7127669342325443854,松果棕,复古胶片,0.00,,12,1,filter
7127668616991952158,贝松绿,复古胶片,0.00,,12,1,filter
7195812984306814267,初恋,复古胶片,0.00,,12,1,filter
7232216810031025468,Lofi II,复古胶片,0.00,,12,1,filter
7127559231062002951,去灰,基础,0.00,,12,1,filter
7447126702137904420,电影柔光,基础,0.00,,12,1,filter
7538027894447131967,背景增色,基础,0.00,,12,1,filter
7320428711487098153,聚焦,基础,0.00,,12,1,filter
7127667352782572807,净白,基础,0.00,,12,1,filter
7297131749346135331,桃粉,基础,0.00,,12,1,filter
7127621445806525704,中性,基础,0.00,,12,1,filter
7127621434230213924,清晰,基础,0.00,,12,1,filter
7127653798155209997,质感暗调,基础,0.00,,12,1,filter
7297134192100379938,奶杏,基础,0.00,,12,1,filter
7484662695443090715,灰调日常,室内,0.00,,12,1,filter
7312645421271158070,灰麻,室内,0.00,,12,1,filter
7177259623819316519,栩栩,室内,0.00,,12,1,filter
7510488117430734118,奶油风萌宠,室内,0.00,,12,1,filter
7300968790391606567,素简,室内,0.00,,12,1,filter
7503810545670311206,清晰萌宠,室内,0.00,,12,1,filter
7132866902367423748,夜雾,室内,0.00,,12,1,filter
7473126624322391308,清透萌宠,室内,0.00,,12,1,filter
7394713676789353737,俏皮萌宠,室内,0.00,,12,1,filter
7190250133672578316,冬禧,室内,0.00,,12,1,filter
7221479156318489893,IG白,室内,0.00,,12,1,filter
7394022809317526834,萌宠,室内,0.00,,12,1,filter
7190241639070174503,吉宵,室内,0.00,,12,1,filter
7535396553368948018,治愈奶萌,室内,0.00,,12,1,filter
7312646382395936010,暖晨,室内,0.00,,12,1,filter
7312646907908607244,中性II,室内,0.00,,12,1,filter
7252674245396942139,龙舌兰,室内,0.00,,12,1,filter
7177267248753610023,玩趣,室内,0.00,,12,1,filter
7221472488079904060,岩灰,室内,0.00,,12,1,filter
7582150382516718894,圣诞萌宠,室内,0.00,,12,1,filter
7252673818035064124,桃木,室内,0.00,,12,1,filter
7127675251604917517,梦境,室内,0.00,,12,1,filter
7221481120083283257,浅茶,室内,0.00,,12,1,filter
7413716485396368679,暗金,室内,0.00,,12,1,filter
7132787977171766539,月吟,室内,0.00,,12,1,filter
7127620215290039566,潘多拉,室内,0.00,,12,1,filter
7252676190073392444,棕榈,室内,0.00,,12,1,filter
7395972887133441307,奶呼萌宠,室内,0.00,,12,1,filter
7537336415810489619,浪漫质感,室内,0.00,,12,1,filter
7428162298436537627,圣诞愿景,室内,0.00,,12,1,filter
7127668617101020423,淡奶油,室内,0.00,,12,1,filter
7127670311775898917,奶杏,室内,0.00,,12,1,filter
7177269429972045089,漫彩,室内,0.00,,12,1,filter
7127656352410848548,暗雅,室内,0.00,,12,1,filter
7127675970252754189,仲夏绿光,室内,0.00,,12,1,filter
7301212776532380966,谧歌,室内,0.00,,12,1,filter
7127675195812351239,原木,室内,0.00,,12,1,filter
7252674515287788856,椰林,室内,0.00,,12,1,filter
7302823953406446899,赫石,室内,0.00,,12,1,filter
7127615915004366116,海街日记,室内,0.00,,12,1,filter
7190242827543022880,安愉,室内,0.00,,12,1,filter
7411911267859860746,探店博主III,室内,0.00,,12,1,filter
7127684611802418445,夏日风吟,室内,0.00,,12,1,filter
7405602958748028186,清冷,室内,0.00,,12,1,filter
7454497262480231718,治愈萌宠,室内,0.00,,12,1,filter
7127608212483820837,复古工业,室内,0.00,,12,1,filter
7300602459356040484,达芬妮,室内,0.00,,12,1,filter
7127609569416711455,侘寂灰,室内,0.00,,12,1,filter
7127664177870671135,日系奶油,室内,0.00,,12,1,filter
7306726303594564904,臻金,室内,0.00,,12,1,filter
7221477781043973413,米棕,室内,0.00,,12,1,filter
7273779209934245179,棕咖,室内,0.00,,12,1,filter
7127830961621847310,胡桃木,室内,0.00,,12,1,filter
7302796570947243264,雪鹿,室内,0.00,,12,1,filter
7273777590102527290,布朗,室内,0.00,,12,1,filter
7636403921962994968,滑块爱心,热门,0.00,,7,1,effects2
7633758177779289406,邮票打印,热门,0.00,,7,1,effects2
7548426771805343003,多屏球形,热门,0.00,,7,1,effects2
7399494591222664488,粉红老电视,热门,0.00,,7,1,effects2
7399495765409746216,抖动,热门,0.00,,7,1,effects2
7584420975496760639,回忆检索,热门,0.00,,7,1,effects2
7681579351501966618,棱塔回帧,热门,0.00,,7,1,effects2
7643491174707367193,六一快乐,热门,0.00,,7,1,effects2
7399493121257606434,胶片 III,热门,0.00,,7,1,effects2
7399496896391269647,萤光飞舞,热门,0.00,,7,1,effects2
7681580381409266994,塔阙归棱,热门,0.00,,7,1,effects2
7667904378159336713,宫格脉冲,热门,0.00,,7,1,effects2
7657404673028295960,黑白显色,热门,0.00,,7,1,effects2
7399491219128143119,全剧终,热门,0.00,,7,1,effects2
7399493860205825295,波纹色差,热门,0.00,,7,1,effects2
7456695082293400115,金粉飘落,热门,0.00,,7,1,effects2
7675270346676686126,运动拖影,热门,0.00,,7,1,effects2
7584289186941816091,圣诞礼花,热门,0.00,,7,1,effects2
7399491108402760994,擦拭开幕,热门,0.00,,7,1,effects2
7399493168875539764,金属背景,热门,0.00,,7,1,effects2
7685044438401289497,错角色噪,热门,0.00,,7,1,effects2
7399491281266773263,油画模糊,热门,0.00,,7,1,effects2
7683151902317661464,波纹扩散,热门,0.00,,7,1,effects2
7395457735300599080,少女心,热门,0.00,,7,1,effects2
7395458141133081890,爱心光斑,热门,0.00,,7,1,effects2
7543517563569966361,星星缤纷,热门,0.00,,7,1,effects2
7665571967142989080,暗角划痕,热门,0.00,,7,1,effects2
7399492011851664680,随机马赛克,热门,0.00,,7,1,effects2
7399497324835179811,水波纹投影,热门,0.00,,7,1,effects2
7399491256927178019,细闪 III,热门,0.00,,7,1,effects2
7668161534098705726,摇摆变焦,热门,0.00,,7,1,effects2
7598087941071719721,排列抽卡,热门,0.00,,7,1,effects2
7679671253166230811,下雨滴落,热门,0.00,,7,1,effects2
7399492806877728040,告白氛围,热门,0.00,,7,1,effects2
7399493048838786344,聚光灯,热门,0.00,,7,1,effects2
7619356239213972760,浪漫郁金香,热门,0.00,,7,1,effects2
7658961572274162968,液态水珠,热门,0.00,,7,1,effects2
7685030416746728729,双屏分割,热门,0.00,,7,1,effects2
7399494669886950690,震动,热门,0.00,,7,1,effects2
7399495435955522856,炫彩 II,热门,0.00,,7,1,effects2
7647784723481218367,频闪闪烁,热门,0.00,,7,1,effects2
7658243358082485513,宫格频闪,热门,0.00,,7,1,effects2
7399494867660836131,旋转变焦,热门,0.00,,7,1,effects2
7399495502728793344,纵向开幕,热门,0.00,,7,1,effects2
7399496239386987816,美式 III,热门,0.00,,7,1,effects2
7591400638987160875,照片墙,热门,0.00,,7,1,effects2
7602158778892487990,点点星光,热门,0.00,,7,1,effects2
7672302445367790873,光斑旋动,热门,0.00,,7,1,effects2
7399492482163051810,彩带,热门,0.00,,7,1,effects2
7399496757664599331,白噪点边框,热门,0.00,,7,1,effects2
7399495012502801699,播放界面,热门,0.00,,7,1,effects2
7686031883485973785,两侧拉开,热门,0.00,,7,1,effects2
7683090316035018009,玉兔桂花,热门,0.00,,7,1,effects2
7399495531296312628,动感蓝带,热门,0.00,,7,1,effects2
7399496495877065999,布拉格,热门,0.00,,7,1,effects2
7675330812610497811,金属流动,热门,0.00,,7,1,effects2
7658244041854700810,复古故障,热门,0.00,,7,1,effects2
7677579266783038744,渐强高潮,热门,0.00,,7,1,effects2
7399497249941736756,撒星星 II,热门,0.00,,7,1,effects2
7399492450911309091,kirakira,热门,0.00,,7,1,effects2
7399495567782481192,金边碎闪,热门,0.00,,7,1,effects2
7399492361073544483,初雪 II,热门,0.00,,7,1,effects2
7579151302337301811,信号屏闪,热门,0.00,,7,1,effects2
7399493925615979828,荧光扫描,热门,0.00,,7,1,effects2
7399492962285014324,星河 II,热门,0.00,,7,1,effects2
7601112330168012057,红包多多,热门,0.00,,7,1,effects2
7685685499331251518,魔方复原,热门,0.00,,7,1,effects2
7399497334826093858,迷雾消散,热门,0.00,,7,1,effects2
7399496069131832616,胶片 II,热门,0.00,,7,1,effects2
7686430400570346761,撕纸散开,热门,0.00,,7,1,effects2
7598133429997440281,爱心镜片,热门,0.00,,7,1,effects2
7579149521666592026,烟花绽放,热门,0.00,,7,1,effects2
7598084026099944746,纵向扭曲,热门,0.00,,7,1,effects2
7399497198813187343,光斑虚化,热门,0.00,,7,1,effects2
7670106789265804585,子弹时间,热门,0.00,,7,1,effects2
7675334900894960938,色散撕裂,热门,0.00,,7,1,effects2
7399492276994477347,圆形分屏,热门,0.00,,7,1,effects2
7678933486387957017,闪电突袭,热门,0.00,,7,1,effects2
7399492679161154868,温柔细闪,热门,0.00,,7,1,effects2
7399491600042282274,字幕投影 III,热门,0.00,,7,1,effects2
7665659464825048344,故障闪动,热门,0.00,,7,1,effects2
7631454915998567742,故障闪现,热门,0.00,,7,1,effects2
7690580946751376664,祝祖国万岁,热门,0.00,,7,1,effects2
7399492144349646114,唱片封面,热门,0.00,,7,1,effects2
7399496502327954703,魔法边框 II,热门,0.00,,7,1,effects2
7647791491246476586,果冻爱心,热门,0.00,,7,1,effects2
7576105065933573417,水平海报墙,热门,0.00,,7,1,effects2
7685032977398566169,流光瀑布,热门,0.00,,7,1,effects2
7399493043650317603,蒸汽腾腾,热门,0.00,,7,1,effects2
7399491603724766504,空灵,热门,0.00,,7,1,effects2
7399495835475610895,法式暖调,热门,0.00,,7,1,effects2
7681582445287738639,金光爆闪,热门,0.00,,7,1,effects2
7645223195070582058,错误代码,热门,0.00,,7,1,effects2
7399494994043686178,小剧场,热门,0.00,,7,1,effects2
7399496062395829504,心河,热门,0.00,,7,1,effects2
7522672139854581054,变速运镜,热门,0.00,,7,1,effects2
7662681615948057875,噪波屏闪,热门,0.00,,7,1,effects2
7603334927702035750,接财神,热门,0.00,,7,1,effects2
7399496846000835874,粉黄渐变,热门,0.00,,7,1,effects2
7399494759674383631,车窗,热门,0.00,,7,1,effects2
7679105380080897342,红黑频闪,热门,0.00,,7,1,effects2
7664911997150088472,动感摇晃,热门,0.00,,7,1,effects2
7589182746266733878,多屏投影,热门,0.00,,7,1,effects2
7399495424895159567,霓虹灯,热门,0.00,,7,1,effects2
7395457189327949071,爱心Kira,热门,0.00,,7,1,effects2
7638268046699777304,涂鸦爱心框,热门,0.00,,7,1,effects2
7535342967243017497,火焰卡牌,热门,0.00,,7,1,effects2
7602185294233963801,状态回升,热门,0.00,,7,1,effects2
7399492319059119400,星火炸开,热门,0.00,,7,1,effects2
7686422546379476230,层叠翻转,热门,0.00,,7,1,effects2
7460834805974846739,烟花字,热门,0.00,,7,1,effects2
7678289683385879832,弹放推进,热门,0.00,,7,1,effects2
7399497479764446464,散光闪烁,热门,0.00,,7,1,effects2
7399493203054972212,胶片,热门,0.00,,7,1,effects2
7395457761284230440,金片,热门,0.00,,7,1,effects2
7454157863196299802,倒计时 III,热门,0.00,,7,1,effects2
7679201535758454040,故障闪黑,热门,0.00,,7,1,effects2
7584286226463706378,礼盒下落,热门,0.00,,7,1,effects2
7399496271054048552,烟雾,热门,0.00,,7,1,effects2
7399491224891133199,哈哈弹幕,热门,0.00,,7,1,effects2
7586163049120337177,红包金元宝,热门,0.00,,7,1,effects2
7579543569657220377,时钟边框,热门,0.00,,7,1,effects2
7678999447870704958,中秋幸运签,热门,0.00,,7,1,effects2
7399491428205808948,两屏,热门,0.00,,7,1,effects2
7399493389768576271,天使降临,热门,0.00,,7,1,effects2
7646324965221944601,金色流星雨,热门,0.00,,7,1,effects2
7664887973904747814,放射故障,热门,0.00,,7,1,effects2
7683357435310132542,凝色汇珠,热门,0.00,,7,1,effects2
7408126433610059008,爱心气泡,热门,0.00,,7,1,effects2
7399492299065019683,春日边框,热门,0.00,,7,1,effects2
7602497598544497982,红包龙卷风,热门,0.00,,7,1,effects2
7667717625136319769,粒子挂旗,热门,0.00,,7,1,effects2
7575899398501322008,星星坠落,热门,0.00,,7,1,effects2
7399493185401130255,花火,热门,0.00,,7,1,effects2
7395457774844464436,爱心跳动 II,热门,0.00,,7,1,effects2
7399496282953305396,缤纷烟花,热门,0.00,,7,1,effects2
7658244641992527113,网格脉冲,热门,0.00,,7,1,effects2
7460816280170351935,厚卡纸,热门,0.00,,7,1,effects2
7399493181051669775,泡泡,热门,0.00,,7,1,effects2
7399491265143770402,迷幻烟雾,热门,0.00,,7,1,effects2
7645224600573513022,上下网格,热门,0.00,,7,1,effects2
7658022819703311640,轻故障干扰,热门,0.00,,7,1,effects2
7686337574776081688,百叶翻转,热门,0.00,,7,1,effects2
7399493408697371956,月光闪闪,热门,0.00,,7,1,effects2
7678702060015062291,主体定格,热门,0.00,,7,1,effects2
7672698011348241673,炫彩律动,热门,0.00,,7,1,effects2
7504141332483722521,兔子与熊,热门,0.00,,7,1,effects2
7664846951258803481,节奏频谱,热门,0.00,,7,1,effects2
7399494431272881460,怀旧边框 II,热门,0.00,,7,1,effects2
7399491603724848424,betamax,热门,0.00,,7,1,effects2
7684477598432431422,柔雾微光,热门,0.00,,7,1,effects2
7657153752062889278,海星珍珠,热门,0.00,,7,1,effects2
7641157138580016425,碎片流转,热门,0.00,,7,1,effects2
7399496326930517248,九屏跑马灯,热门,0.00,,7,1,effects2
7399495718064393507,美漫,热门,0.00,,7,1,effects2
7533177939056430361,开门阳光,热门,0.00,,7,1,effects2
7399496426172075316,星光鱼眼,热门,0.00,,7,1,effects2
7547714675975425304,蝴蝶结描边,热门,0.00,,7,1,effects2
7399491364725017891,边缘发光,热门,0.00,,7,1,effects2
7399493016618110260,树影,热门,0.00,,7,1,effects2
7399491027771411746,泡泡冲屏,热门,0.00,,7,1,effects2
7663912888968449304,节奏故障,热门,0.00,,7,1,effects2
7399491501362810147,水中倒影,热门,0.00,,7,1,effects2
7686430846059941120,跳墙切换,热门,0.00,,7,1,effects2
7399493418973547811,电脑桌面,热门,0.00,,7,1,effects2
7399494077173075200,声波攻击,热门,0.00,,7,1,effects2
7675352688820817187,阴雨绵绵,热门,0.00,,7,1,effects2
7552375547062652184,中秋花灯,热门,0.00,,7,1,effects2
7399491917140086056,日落灯,热门,0.00,,7,1,effects2
7395458241410420002,爱心投影,热门,0.00,,7,1,effects2
7575445009202367769,圣诞氛围框,热门,0.00,,7,1,effects2
7458204947906040370,炸蛇烟花,热门,0.00,,7,1,effects2
7667860749867437337,三竖条逐大,热门,0.00,,7,1,effects2
7399492153971379456,回弹摇摆,热门,0.00,,7,1,effects2
7399493554147527951,轻微抖动,热门,0.00,,7,1,effects2
7663493536960007448,镜头摇晃,热门,0.00,,7,1,effects2
7399494818101087540,热恋,热门,0.00,,7,1,effects2
7673497458554457406,国庆周年庆,热门,0.00,,7,1,effects2
7399497284750150964,夜视框,热门,0.00,,7,1,effects2
7399491205245029672,刀光剑影,热门,0.00,,7,1,effects2
7664886054167530778,脉冲故障,热门,0.00,,7,1,effects2
7687886779529137433,环播相片,热门,0.00,,7,1,effects2
7586595256049650969,手写圣诞,热门,0.00,,7,1,effects2
7399494411735911695,随机色块,热门,0.00,,7,1,effects2
7399491303303662883,边缘荧光,热门,0.00,,7,1,effects2
7672697215579737353,霓虹放射,热门,0.00,,7,1,effects2
7678351151040826649,爱心电图,热门,0.00,,7,1,effects2
7614529975055748414,燕子柳枝,热门,0.00,,7,1,effects2
7399493298437492002,镜像,热门,0.00,,7,1,effects2
7399495006412721408,ktv灯光 II,热门,0.00,,7,1,effects2
7683734062615301400,金粉光环,热门,0.00,,7,1,effects2
7675933028463463699,低音喇叭,热门,0.00,,7,1,effects2
7592966860438621502,财神金元宝,热门,0.00,,7,1,effects2
7399493258839133492,白色边框,热门,0.00,,7,1,effects2
7399497183059283234,星光绽放,热门,0.00,,7,1,effects2
7683908840504691992,节奏毛玻璃,热门,0.00,,7,1,effects2
7686113382117821758,气球飞入,热门,0.00,,7,1,effects2
7667904159064018222,霓虹频闪,热门,0.00,,7,1,effects2
7399491871753522466,恐怖故事,热门,0.00,,7,1,effects2
7399492404308430114,恐怖故事 III,热门,0.00,,7,1,effects2
7535405704396672281,彩色炫光,🇨🇳国庆,0.00,,7,1,effects2
7690467826330553625,红绸翻书,🇨🇳国庆,0.00,,7,1,effects2
7688293715747540286,国庆快乐,🇨🇳国庆,0.00,,7,1,effects2
7686417679959231806,国庆烟花字,🇨🇳国庆,0.00,,7,1,effects2
7399493763221015860,羽毛飘落,🇨🇳国庆,0.00,,7,1,effects2
7449276883167875622,圣诞开幕,🇨🇳国庆,0.00,,7,1,effects2
7688639680853757246,红绸光斑,🇨🇳国庆,0.00,,7,1,effects2
7545781997935807768,爱心幕布,🇨🇳国庆,0.00,,7,1,effects2
7399497010971200820,彩色碎彩,🇨🇳国庆,0.00,,7,1,effects2
7681258416043740440,盛世华诞,🇨🇳国庆,0.00,,7,1,effects2
7399497267088051471,白鸽,🇨🇳国庆,0.00,,7,1,effects2
7678299470161038654,喜迎国庆,🇨🇳国庆,0.00,,7,1,effects2
7449596462649840155,气球满屏,🇨🇳国庆,0.00,,7,1,effects2
7676041571095317785,金粉涌动,🇨🇳国庆,0.00,,7,1,effects2
7689025055980014910,纸雕窗花,🇨🇳国庆,0.00,,7,1,effects2
7551345362745937214,国庆烟花,🇨🇳国庆,0.00,,7,1,effects2
7446622476928324146,浪漫烟火,🇨🇳国庆,0.00,,7,1,effects2
7690146930000956696,喜迎国庆节,🇨🇳国庆,0.00,,7,1,effects2
7687935595515104537,国强有我,🇨🇳国庆,0.00,,7,1,effects2
7683422176388599102,祖国万岁,🇨🇳国庆,0.00,,7,1,effects2
7537538982381620542,梦幻开场,🇨🇳国庆,0.00,,7,1,effects2
7687722717633678616,红绸白鸽,🇨🇳国庆,0.00,,7,1,effects2
7459602715983842601,聚光灯金粉,🇨🇳国庆,0.00,,7,1,effects2
7683886430892084505,金粉华诞,🇨🇳国庆,0.00,,7,1,effects2
7445177785405936138,缤纷彩带,🇨🇳国庆,0.00,,7,1,effects2
7688657381689019672,双节共庆,🇨🇳国庆,0.00,,7,1,effects2
7548662518131182872,红缎边框,🇨🇳国庆,0.00,,7,1,effects2
7688345629138914584,粒子环绕,🇨🇳国庆,0.00,,7,1,effects2
7683734718331948312,绫罗绸缎,🇨🇳国庆,0.00,,7,1,effects2
7551096865496878398,国庆边框,🇨🇳国庆,0.00,,7,1,effects2
7551355177249344793,星星旋转,🇨🇳国庆,0.00,,7,1,effects2
7684899092518014270,我爱祖国,🇨🇳国庆,0.00,,7,1,effects2
7688660481330040089,玉兔赏月,🎑中秋,0.00,,7,1,effects2
7414307640743922959,播放器 III,🎑中秋,0.00,,7,1,effects2
7677894187437526281,冲出屏幕,🎑中秋,0.00,,7,1,effects2
7688351578637602072,中秋佳节,🎑中秋,0.00,,7,1,effects2
7678269179606125886,桂花玉兔,🎑中秋,0.00,,7,1,effects2
7686463692963269913,波纹气泡,🎑中秋,0.00,,7,1,effects2
7683432480052907290,多角度检视,🎑中秋,0.00,,7,1,effects2
7686424182447492395,局部跳色,🎑中秋,0.00,,7,1,effects2
7414307641800887604,发光 3,🎑中秋,0.00,,7,1,effects2
7681649462908816664,播放秋天,🎑中秋,0.00,,7,1,effects2
7686431829158563115,元素解构,🎑中秋,0.00,,7,1,effects2
7679346083452964121,彩星飞散,🎑中秋,0.00,,7,1,effects2
7399493165562006799,繁花棱镜II,🎑中秋,0.00,,7,1,effects2
7399495930849824000,柔和辉光,🎑中秋,0.00,,7,1,effects2
7680738056491584809,枫叶冲屏,🎑中秋,0.00,,7,1,effects2
7680976736661589290,假期取景框,🎑中秋,0.00,,7,1,effects2
7680501109139524889,相片空间,🎑中秋,0.00,,7,1,effects2
7683806892182998334,四宫格分屏,🎑中秋,0.00,,7,1,effects2
7676115238311169316,延伸展开,🎑中秋,0.00,,7,1,effects2
7679056288852020523,中秋祝福,🎑中秋,0.00,,7,1,effects2
7681312522972007705,金色流光,🎑中秋,0.00,,7,1,effects2
7680033783365553432,中秋月饼,🎑中秋,0.00,,7,1,effects2
7688678882328743192,银杏飘散,🎑中秋,0.00,,7,1,effects2
7690393323659562264,月华流萤,🎑中秋,0.00,,7,1,effects2
7684085159339281688,环绕旋转,🎑中秋,0.00,,7,1,effects2
7680161030852562200,粒子金片,🎑中秋,0.00,,7,1,effects2
7442210447844971017,滑动载入,🎑中秋,0.00,,7,1,effects2
7684113459361090841,闪耀时刻,🎑中秋,0.00,,7,1,effects2
7399492177891429666,梦幻辉光,🎑中秋,0.00,,7,1,effects2
7683149798085545240,光斑闪动,🎑中秋,0.00,,7,1,effects2
7550953586008673561,中秋快乐,🎑中秋,0.00,,7,1,effects2
7688369220303768894,动态相框,🎑中秋,0.00,,7,1,effects2
7683134559034101054,粒子散光,🎑中秋,0.00,,7,1,effects2
7681601905373531416,暮色暖阳,🎑中秋,0.00,,7,1,effects2
7683498415480851774,蝴蝶飞过,🎑中秋,0.00,,7,1,effects2
7680776793132993854,月满中秋,🎑中秋,0.00,,7,1,effects2
7407723660011703552,发光 II,🎑中秋,0.00,,7,1,effects2
7678289689769528601,无限轮播,🎑中秋,0.00,,7,1,effects2
7399493400988372276,胶片滚动,🎑中秋,0.00,,7,1,effects2
7399494943397383476,水波倒影,🎑中秋,0.00,,7,1,effects2
7399495041212779816,可爱涂鸦,🎑中秋,0.00,,7,1,effects2
7688963920761015576,月圆月饼,🎑中秋,0.00,,7,1,effects2
7676117718688386329,中秋佳节,🎑中秋,0.00,,7,1,effects2
7675268584641170738,烟花璀璨,🎑中秋,0.00,,7,1,effects2
7553135733242957080,中秋边框,🎑中秋,0.00,,7,1,effects2
7675770194094066980,唱片旋转,🎑中秋,0.00,,7,1,effects2
7665907929341578520,彩色假日,🎑中秋,0.00,,7,1,effects2
7688553396961299736,月亮光盘,🎑中秋,0.00,,7,1,effects2
7545799264513985816,秋叶遮罩,🎑中秋,0.00,,7,1,effects2
7677925196480859416,桂影浮宵,🎑中秋,0.00,,7,1,effects2
7633834221341166873,夏天来了,🎞出游,0.00,,7,1,effects2
7540223920968977689,场记板,🎞出游,0.00,,7,1,effects2
7629202751460773144,环屏轮显,🎞出游,0.00,,7,1,effects2
7623374226367548682,交错滑动,🎞出游,0.00,,7,1,effects2
7687894039072378138,延时旋转,🎞出游,0.00,,7,1,effects2
7450356960953635354,拍立得成像,🎞出游,0.00,,7,1,effects2
7545695536360246579,切牌,🎞出游,0.00,,7,1,effects2
7686428449019317538,扭曲拼合,🎞出游,0.00,,7,1,effects2
7688268393480604953,曲折轨迹,🎞出游,0.00,,7,1,effects2
7399496260010429711,气球花花,🎞出游,0.00,,7,1,effects2
7623377552094121242,扫光切换,🎞出游,0.00,,7,1,effects2
7686423658776104246,动感封板,🎞出游,0.00,,7,1,effects2
7399492611670625551,渐隐闭幕,🎞出游,0.00,,7,1,effects2
7553115444320685322,纸片人,🎞出游,0.00,,7,1,effects2
7418860485258252826,涂鸦vlog,🎞出游,0.00,,7,1,effects2
7542760569103764798,帆船边框,🎞出游,0.00,,7,1,effects2
7686432020188253467,主体扫光,🎞出游,0.00,,7,1,effects2
7399492758873885987,手写边框,🎞出游,0.00,,7,1,effects2
7399496992109497615,开幕,🎞出游,0.00,,7,1,effects2
7620400405922516249,蒲公英飞絮,🎞出游,0.00,,7,1,effects2
7611841221060807962,时尚开幕,🎞出游,0.00,,7,1,effects2
7681898607729085721,空间转动,🎞出游,0.00,,7,1,effects2
7629246074213027097,图片右划,🎞出游,0.00,,7,1,effects2
7409876486355684660,涂鸦拍立得,🎞出游,0.00,,7,1,effects2
7439935845156524583,相机抓拍,🎞出游,0.00,,7,1,effects2
7676031639150923059,分屏故障,🎞出游,0.00,,7,1,effects2
7615827069112569150,模糊擦除,🎞出游,0.00,,7,1,effects2
7633405988917333310,堆拍立得,🎞出游,0.00,,7,1,effects2
7681605352252525886,轨迹重影,🎞出游,0.00,,7,1,effects2
7503786462115073318,撕拉片,🎞出游,0.00,,7,1,effects2
7623375297106267401,生活碎片,🎞出游,0.00,,7,1,effects2
7676138500919414040,桃花飘零,🎞出游,0.00,,7,1,effects2
7623374724730490121,照片墙生长,🎞出游,0.00,,7,1,effects2
7429592751961805348,胶片翻转,🎞出游,0.00,,7,1,effects2
7538784904377650456,电影氛围,🎞出游,0.00,,7,1,effects2
7676074038426570046,多巴胺线框,🎞出游,0.00,,7,1,effects2
7686201890887060760,回忆倒流,🎞出游,0.00,,7,1,effects2
7548640425276443929,港风落幕,🎞出游,0.00,,7,1,effects2
7543574844407827755,八面屏扇,🎞出游,0.00,,7,1,effects2
7488561163714694436,取景框放大,🎞出游,0.00,,7,1,effects2
7399493704018398498,纸质抽帧,🎞出游,0.00,,7,1,effects2
7622201919091625241,樱花飘飘,🎞出游,0.00,,7,1,effects2
7687918773604486425,环视海报,🎞出游,0.00,,7,1,effects2
7688661052740865304,回顾弹窗,🎞出游,0.00,,7,1,effects2
7551356819461934398,浪漫爱心,🎞出游,0.00,,7,1,effects2
7690588296086523161,九分屏行波,🎞出游,0.00,,7,1,effects2
7623376192611061001,螺旋上升,🎞出游,0.00,,7,1,effects2
7399496437857258804,竖向开幕,🎞出游,0.00,,7,1,effects2
7551306929189195033,描边填色,🎞出游,0.00,,7,1,effects2
7533434642507222296,彩虹派对框,🎞出游,0.00,,7,1,effects2
7629256166912249113,空间推近,🎞出游,0.00,,7,1,effects2
7628138065730637080,春季拍立得,🎞出游,0.00,,7,1,effects2
7680851607919299902,忽远忽近,🎞出游,0.00,,7,1,effects2
7430786234508644875,聚焦色散,🎞出游,0.00,,7,1,effects2
7538774001330523454,纸片飞舞,🎞出游,0.00,,7,1,effects2
7540664810069839158,枕头掉落,🎞出游,0.00,,7,1,effects2
7628158624367840574,绿野序曲,🎞出游,0.00,,7,1,effects2
7623374565720231206,环形旋转,🎞出游,0.00,,7,1,effects2
7399494761217821967,彩虹光影,🎞出游,0.00,,7,1,effects2
7629590656083823934,叠层滑入,🎞出游,0.00,,7,1,effects2
7482619694462323992,旋转环绕,🎞出游,0.00,,7,1,effects2
7682665610903555353,交叉拼合,🎞出游,0.00,,7,1,effects2
7542540859313720600,火车窗口,🎞出游,0.00,,7,1,effects2
7532854378470985001,全景360,🎞出游,0.00,,7,1,effects2
7502358840092953893,循环开门,🎞出游,0.00,,7,1,effects2
7633685001686519065,消息卡片,🎞出游,0.00,,7,1,effects2
7399494787713322240,横条开幕,🎞出游,0.00,,7,1,effects2
7623375676539718950,立体旋转,🎞出游,0.00,,7,1,effects2
7543937781731708222,ins照片,🎞出游,0.00,,7,1,effects2
7399496376989519156,云朵绵绵,🎞出游,0.00,,7,1,effects2
7676080751674150206,中环旋迹,🎞出游,0.00,,7,1,effects2
7687170349846252824,环绕展示,🎞出游,0.00,,7,1,effects2
7490225644152966462,旋转卡牌,🎞出游,0.00,,7,1,effects2
7490230044233649470,文件传输,🎞出游,0.00,,7,1,effects2
7623375864696196403,滑动下落,🎞出游,0.00,,7,1,effects2
7632183432692387134,逐一放大,🎞出游,0.00,,7,1,effects2
7546049795195030808,哈苏相机,🎞出游,0.00,,7,1,effects2
7616278484754730294,切换镜头,🎞出游,0.00,,7,1,effects2
7620601287025102142,涂鸦风车,🎞出游,0.00,,7,1,effects2
7552759151793900824,假日明信片,🎞出游,0.00,,7,1,effects2
7623396025096490302,手绘花框,🎞出游,0.00,,7,1,effects2
7626011636997950744,蝴蝶环绕,🎞出游,0.00,,7,1,effects2
7687926972273593662,旋转卡片,🎞出游,0.00,,7,1,effects2
7631856345158880537,滑轨拖移,🎞出游,0.00,,7,1,effects2
7622128097227197758,蝴蝶拍立得,🎞出游,0.00,,7,1,effects2
7476102914197458201,画框漂浮,🎞出游,0.00,,7,1,effects2
7629224957385657624,纵向轮播,🎞出游,0.00,,7,1,effects2
7535015253466287387,栅格旋转,🎞出游,0.00,,7,1,effects2
7681467109926538558,右向旋转,🎞出游,0.00,,7,1,effects2
7634044488628833598,星星碰撞,🎞出游,0.00,,7,1,effects2
7680835727382515006,高速旋转,🎞出游,0.00,,7,1,effects2
7632339315816746302,拉开序幕,🎞出游,0.00,,7,1,effects2
7452986473306919433,3D环绕,🎞出游,0.00,,7,1,effects2
7436018394580652553,3D环绕屏,🎞出游,0.00,,7,1,effects2
7534404053946633496,采访拍照,🎞出游,0.00,,7,1,effects2
7548372013971361049,纸箱打开,🎞出游,0.00,,7,1,effects2
7483061535024205110,瘫软在地,🎞出游,0.00,,7,1,effects2
7480461756469644606,相册左滑,🎞出游,0.00,,7,1,effects2
7540980966827756862,童话舞台,🎞出游,0.00,,7,1,effects2
7616277956972875050,瀑布滑屏,🎞出游,0.00,,7,1,effects2
7631961277618883902,照片飞入,🎞出游,0.00,,7,1,effects2
7399493607541034292,复古拼贴,🎞出游,0.00,,7,1,effects2
7527976293342727449,相片轮播,🎞出游,0.00,,7,1,effects2
7548733837237587225,照片堆积,🎞出游,0.00,,7,1,effects2
7553586154394815806,手机摇一摇,🎞出游,0.00,,7,1,effects2
7634327135976738110,斜向切换,🎞出游,0.00,,7,1,effects2
7621895804437171518,执笔画春,🎞出游,0.00,,7,1,effects2
7552758931764956478,任意门,🎞出游,0.00,,7,1,effects2
7436273714724868634,原相机缩放,🎞出游,0.00,,7,1,effects2
7678289274319654169,九屏缩放,🎞出游,0.00,,7,1,effects2
7399494988444339490,花瓣环绕,🎞出游,0.00,,7,1,effects2
7487993939711233342,复古照片墙,🎞出游,0.00,,7,1,effects2
7436273714724868646,原相机滤镜,🎞出游,0.00,,7,1,effects2
7399495223933439247,拉镜开幕,🎞出游,0.00,,7,1,effects2
7478204430991789374,上下切换,🎞出游,0.00,,7,1,effects2
7549128151679487286,小行星,🎞出游,0.00,,7,1,effects2
7686112519588482328,滑片放大,🎞出游,0.00,,7,1,effects2
7399490977666174248,翻转开幕,🎞出游,0.00,,7,1,effects2
7540912184029711678,沙滩边框,🎞出游,0.00,,7,1,effects2
7399497006030408994,群蝶飞舞,🎞出游,0.00,,7,1,effects2
7632488257233653054,地图展开,🎞出游,0.00,,7,1,effects2
7542829755444464921,局部扫描,🎞出游,0.00,,7,1,effects2
7486673276706508056,胶片涂鸦字,🎞出游,0.00,,7,1,effects2
7616277649064856895,相册滑动,🎞出游,0.00,,7,1,effects2
7687888055654468888,棱柱翻滚,🎞出游,0.00,,7,1,effects2
7613317420853333311,色块叠影,🎞出游,0.00,,7,1,effects2
7691186434597784857,螺旋展示,🎞出游,0.00,,7,1,effects2
7543252244280429849,唱片开场,🎞出游,0.00,,7,1,effects2
7632338768036433214,双圈放大镜,🎞出游,0.00,,7,1,effects2
7616278651755171126,旋转运镜,🎞出游,0.00,,7,1,effects2
7618532181840973080,发光花瓣,🎞出游,0.00,,7,1,effects2
7632562285797526846,悬浮晃动,🎞出游,0.00,,7,1,effects2
7681462840661904665,画面右移,🎞出游,0.00,,7,1,effects2
7487887227582811428,多机位,🎞出游,0.00,,7,1,effects2
7509781191529106724,拼接隧道,🎞出游,0.00,,7,1,effects2
7485935126145371417,撕纸片头,🎞出游,0.00,,7,1,effects2
7623375113718680841,镜头切片,🎞出游,0.00,,7,1,effects2
7626773490422549784,色块故障,🎞出游,0.00,,7,1,effects2
7622157575957777689,柳叶春风,🎞出游,0.00,,7,1,effects2
7616277580622089513,卡片切换,🎞出游,0.00,,7,1,effects2
7623376339902532910,回忆漩涡,🎞出游,0.00,,7,1,effects2
7629238590526147865,循环翻页,🎞出游,0.00,,7,1,effects2
7681913639481265432,多屏上移,🎞出游,0.00,,7,1,effects2
7535686344815775001,纸团照片,🎞出游,0.00,,7,1,effects2
7680859469449907496,排列重组,🎞出游,0.00,,7,1,effects2
7631969722137005337,劳动光荣,🎞出游,0.00,,7,1,effects2
7634158884810181913,彩色小火车,🎞出游,0.00,,7,1,effects2
7552572063639293246,彩色心情,🎞出游,0.00,,7,1,effects2
7633754331854146840,滑动翻转,🎞出游,0.00,,7,1,effects2
7623727998168239422,纸张飘动,🎞出游,0.00,,7,1,effects2
7629412321433046282,波点拼贴,🎞出游,0.00,,7,1,effects2
7629235364846308633,文件夹弹出,🎞出游,0.00,,7,1,effects2
7649010023800114494,悬浮待机,基础,0.00,,7,1,effects2
7666553581771689240,变焦放大,基础,0.00,,7,1,effects2
7399494104788290850,鱼眼,基础,0.00,,7,1,effects2
7399494671602421032,变黑白,基础,0.00,,7,1,effects2
7399490658072939810,故障开幕,基础,0.00,,7,1,effects2
7667573532846525720,选框放大,基础,0.00,,7,1,effects2
7399493162235923746,开幕  II,基础,0.00,,7,1,effects2
7667904930971241738,脉冲光爆,基础,0.00,,7,1,effects2
7577701736979123480,零点倒计时,基础,0.00,,7,1,effects2
7672331857224207640,4K画质,基础,0.00,,7,1,effects2
7399495644261403938,变清晰 II,基础,0.00,,7,1,effects2
7657163584425970968,顺时针旋转,基础,0.00,,7,1,effects2
7536204659472715070,失焦晃动,基础,0.00,,7,1,effects2
7399497824628477236,马赛克,基础,0.00,,7,1,effects2
7647547563167517977,扭曲马赛克,基础,0.00,,7,1,effects2
7646336618168634649,透镜过渡,基础,0.00,,7,1,effects2
7399494318580387112,牛皮纸关闭,基础,0.00,,7,1,effects2
7399496225403276596,色差,基础,0.00,,7,1,effects2
7679355014560681256,圆环放大,基础,0.00,,7,1,effects2
7399492375308963112,拉伸旋镜,基础,0.00,,7,1,effects2
7399492718386269440,渐显开幕,基础,0.00,,7,1,effects2
7680150418235821336,环形推拉,基础,0.00,,7,1,effects2
7399495140399746304,模糊,基础,0.00,,7,1,effects2
7399491701036862755,闭幕,基础,0.00,,7,1,effects2
7647787649989741878,来回推拉,基础,0.00,,7,1,effects2
7665341904963554584,流光暗角,基础,0.00,,7,1,effects2
7675269468708228398,卷帘收展,基础,0.00,,7,1,effects2
7399491323343998208,变清晰,基础,0.00,,7,1,effects2
7399492080684256512,方形开幕,基础,0.00,,7,1,effects2
7658244990908337446,圆环故障,基础,0.00,,7,1,effects2
7399496862757113122,曝光扩散,基础,0.00,,7,1,effects2
7399495755322477839,扭动变焦,基础,0.00,,7,1,effects2
7399494523451100451,牛皮纸打开,基础,0.00,,7,1,effects2
7399491643231046952,镜头变焦,基础,0.00,,7,1,effects2
7399492123600473379,马赛克变焦,基础,0.00,,7,1,effects2
7399494773301742863,广角,基础,0.00,,7,1,effects2
7665668146048732440,光圈晕开,基础,0.00,,7,1,effects2
7547252547468217625,横向滑片,基础,0.00,,7,1,effects2
7637093745523019032,金属倒计时,基础,0.00,,7,1,effects2
7667904351523933478,故障回声,基础,0.00,,7,1,effects2
7627517780535004441,颜色晕染,基础,0.00,,7,1,effects2
7680121516151016728,钟摆摇动,基础,0.00,,7,1,effects2
7399497286369250612,彩噪画质,基础,0.00,,7,1,effects2
7649068786875764030,柔光变清晰,基础,0.00,,7,1,effects2
7407722218538519848,星光变焦,基础,0.00,,7,1,effects2
7676049584266841368,九宫格频闪,基础,0.00,,7,1,effects2
7399493666965949730,箭头放大镜,基础,0.00,,7,1,effects2
7399495261510257920,跟随运镜,基础,0.00,,7,1,effects2
7579901138632248585,快门截图,基础,0.00,,7,1,effects2
7399494943397432628,泡泡变焦,基础,0.00,,7,1,effects2
7399493463248489763,纵向模糊,基础,0.00,,7,1,effects2
7627475689838497049,刷新颜色,基础,0.00,,7,1,effects2
7672266129250831640,左右摇摆,基础,0.00,,7,1,effects2
7399491359876320547,表面模糊,基础,0.00,,7,1,effects2
7399491072302402831,雪花开幕,基础,0.00,,7,1,effects2
7665934357848214809,错位滑块,基础,0.00,,7,1,effects2
7399494284350639360,倒计时,基础,0.00,,7,1,effects2
7399495021008899328,鱼眼 IV,基础,0.00,,7,1,effects2
7399496285868363042,模糊开幕,基础,0.00,,7,1,effects2
7633775302975720729,拼图滑动,基础,0.00,,7,1,effects2
7399491034201230626,横向闭幕,基础,0.00,,7,1,effects2
7399494773301611791,旋转抖动,基础,0.00,,7,1,effects2
7414043485189181978,万向镜像,基础,0.00,,7,1,effects2
7399495125115637032,单彩渐变,基础,0.00,,7,1,effects2
7678288157233876248,螺旋推进,基础,0.00,,7,1,effects2
7399495215330970932,零点解锁,基础,0.00,,7,1,effects2
7665934625704774950,故障残影,基础,0.00,,7,1,effects2
7675270400489622834,水平重影,基础,0.00,,7,1,effects2
7668206301138390297,摇晃回正,基础,0.00,,7,1,effects2
7399496383977229608,聚焦,基础,0.00,,7,1,effects2
7665662255773830462,碎片重置,基础,0.00,,7,1,effects2
7672291033698307352,模糊晕染,基础,0.00,,7,1,effects2
7600699602488069412,圆形扫描,基础,0.00,,7,1,effects2
7399491859942313251,荡秋千,基础,0.00,,7,1,effects2
7399496567448816896,像素排序,基础,0.00,,7,1,effects2
7652942393842470168,窗口叠层,基础,0.00,,7,1,effects2
7399492805992729908,放大镜,基础,0.00,,7,1,effects2
7399492782726974755,变彩色,基础,0.00,,7,1,effects2
7399492202604285219,竖闪模糊,基础,0.00,,7,1,effects2
7405160545000672512,原相机拉近,基础,0.00,,7,1,effects2
7399496140493720867,模拟拍照,基础,0.00,,7,1,effects2
7399493028517399843,震动推镜,基础,0.00,,7,1,effects2
7399496990192569600,丝滑运镜,基础,0.00,,7,1,effects2
7399492615801998592,轻微放大,基础,0.00,,7,1,effects2
7669703958050524440,蛇形运镜,基础,0.00,,7,1,effects2
7399494734030359808,扭曲变焦,基础,0.00,,7,1,effects2
7399492981171965199,超大光斑,基础,0.00,,7,1,effects2
7399494132881771776,变秋天,基础,0.00,,7,1,effects2
7399494798111034664,旋转圆球,基础,0.00,,7,1,effects2
7633048420135243032,变色梦核,基础,0.00,,7,1,effects2
7395413371228605736,实况开幕,基础,0.00,,7,1,effects2
7664886126355696906,故障冲击,基础,0.00,,7,1,effects2
7598083959758523689,翻转推镜,基础,0.00,,7,1,effects2
7615183501368790291,追光聚焦,基础,0.00,,7,1,effects2
7680145493430799640,镜头绕动,基础,0.00,,7,1,effects2
7658244435569954058,霓虹倒数,基础,0.00,,7,1,effects2
7632279954599791934,滑片旋转,基础,0.00,,7,1,effects2
7430701460901335603,360运镜,基础,0.00,,7,1,effects2
7666683401759591704,镜反扫过,基础,0.00,,7,1,effects2
7399496078468402432,曲线模糊,基础,0.00,,7,1,effects2
7399494240415386932,弹动旋入,基础,0.00,,7,1,effects2
7399495860045745408,瀑布开幕,基础,0.00,,7,1,effects2
7594758421082066182,卡片分身,基础,0.00,,7,1,effects2
7663411560978795801,弹性推拉Ⅱ,基础,0.00,,7,1,effects2
7399495600804334900,拟截图放大镜,基础,0.00,,7,1,effects2
7653104796458831128,弹性推拉,基础,0.00,,7,1,effects2
7667205919645666584,翻牌抉择,基础,0.00,,7,1,effects2
7547311607878208792,模糊晃动,基础,0.00,,7,1,effects2
7657180026143821081,逆时针旋转,基础,0.00,,7,1,effects2
7658898379983834392,上下开合,基础,0.00,,7,1,effects2
7399493687115337012,拖影灯光,基础,0.00,,7,1,effects2
7672317078984150297,相片撕裂,基础,0.00,,7,1,effects2
7664886201110793510,溶解开场,基础,0.00,,7,1,effects2
7680155290251152681,放大查看,基础,0.00,,7,1,effects2
7399492123436780852,炫光扫描,基础,0.00,,7,1,effects2
7399495538338581812,移轴模糊,基础,0.00,,7,1,effects2
7449262940080837129,倒计时II,基础,0.00,,7,1,effects2
7399494539288792372,快速变焦,基础,0.00,,7,1,effects2
7646392512726469950,颜色分离,基础,0.00,,7,1,effects2
7576890455414082841,手电打光,基础,0.00,,7,1,effects2
7663516272835120409,立体倒计时,基础,0.00,,7,1,effects2
7582444630164311358,毛绒倒计时,基础,0.00,,7,1,effects2
7399496191924292864,粒子放射,基础,0.00,,7,1,effects2
7646822919888178457,擦除雾气,基础,0.00,,7,1,effects2
7664887437470043402,黑布拉开,基础,0.00,,7,1,effects2
7399495834502450467,推拉跟随,基础,0.00,,7,1,effects2
7667547479100968216,抖动放大,基础,0.00,,7,1,effects2
7399497489281240320,失焦光斑,基础,0.00,,7,1,effects2
7399495366112070946,变速推镜II,基础,0.00,,7,1,effects2
7566617729701023001,画笔涂抹,基础,0.00,,7,1,effects2
7577967670033861912,电影倒计时,基础,0.00,,7,1,effects2
7647523334917328153,眨眼清晰,基础,0.00,,7,1,effects2
7658245382954044699,鎏金倒数,基础,0.00,,7,1,effects2
7654117801904426246,虚焦渐清,基础,0.00,,7,1,effects2
7399494738933533987,跟随运镜 II,基础,0.00,,7,1,effects2
7399496045887016192,色散冲击,基础,0.00,,7,1,effects2
7399494382342196515,爱心边框,基础,0.00,,7,1,effects2
7399496594908826920,画质清晰,基础,0.00,,7,1,effects2
7680131978569764120,推进放大,基础,0.00,,7,1,effects2
7447417965676335667,放大镜视角,基础,0.00,,7,1,effects2
7399491456303402274,鱼眼 II,基础,0.00,,7,1,effects2
7651210437165600062,变速擦除,基础,0.00,,7,1,effects2
7399493694212082944,翻转变焦,基础,0.00,,7,1,effects2
7399494593487572259,倒带,基础,0.00,,7,1,effects2
7633809832709098814,尘埃聚合,基础,0.00,,7,1,effects2
7665670283558227225,黑白对比,基础,0.00,,7,1,effects2
7673148827569949976,滴墨扩散,基础,0.00,,7,1,effects2
7399493460165725474,S形运镜,基础,0.00,,7,1,effects2
7399491592115064099,旋转回弹,基础,0.00,,7,1,effects2
7641136322236861721,色差渐显,基础,0.00,,7,1,effects2
7399495420214398260,菱形光斑,基础,0.00,,7,1,effects2
7399494439904791808,侧移模糊,基础,0.00,,7,1,effects2
7667905015041854746,胶片脉冲,动感,0.00,,7,1,effects2
7573966645312638233,LED灯光,动感,0.00,,7,1,effects2
7629276655210581299,色散闪切,动感,0.00,,7,1,effects2
7399493181068315919,闪光震动,动感,0.00,,7,1,effects2
7399495600804203828,闪屏,动感,0.00,,7,1,effects2
7652541162107981080,节奏光束,动感,0.00,,7,1,effects2
7399492264671612212,彩边频闪,动感,0.00,,7,1,effects2
7399496502328020239,色差震闪,动感,0.00,,7,1,effects2
7399495514821119247,色差放大,动感,0.00,,7,1,effects2
7399496487375293711,迪斯科,动感,0.00,,7,1,effects2
7667690281289911576,左右开关,动感,0.00,,7,1,effects2
7664886405763501321,冲击闪光,动感,0.00,,7,1,effects2
7675937348928032034,间歇抖动,动感,0.00,,7,1,effects2
7399497502606576930,紫色负片,动感,0.00,,7,1,effects2
7399492635573914880,横纹故障,动感,0.00,,7,1,effects2
7435897594070438426,零帧起手,动感,0.00,,7,1,effects2
7399495615782161699,卡机,动感,0.00,,7,1,effects2
7667905066883370291,胶片脉冲,动感,0.00,,7,1,effects2
7399493759089511695,闪白,动感,0.00,,7,1,effects2
7399495384457923892,彩色负片,动感,0.00,,7,1,effects2
7678932913928342808,荡秋千,动感,0.00,,7,1,effects2
7399491460120251700,爆闪锐化,动感,0.00,,7,1,effects2
7690581648924118297,节奏卡片,动感,0.00,,7,1,effects2
7399492589801458996,幻彩文字,动感,0.00,,7,1,effects2
7399494977253838120,毛刺,动感,0.00,,7,1,effects2
7663393901432311065,动感心跳,动感,0.00,,7,1,effects2
7666073965319802137,卡点像素,动感,0.00,,7,1,effects2
7399494572998495488,几何图形,动感,0.00,,7,1,effects2
7484510020797910334,弹震运镜II,动感,0.00,,7,1,effects2
7663507867953024280,高频闪光,动感,0.00,,7,1,effects2
7399497189761895680,幻影 II,动感,0.00,,7,1,effects2
7678936222336552217,甩尾漂移,动感,0.00,,7,1,effects2
7399497350684724495,散光弹动,动感,0.00,,7,1,effects2
7648948166779374872,放射震动,动感,0.00,,7,1,effects2
7399496391376014592,横纹故障 II,动感,0.00,,7,1,effects2
7399492123436928308,迷离,动感,0.00,,7,1,effects2
7399497702960041256,动感推镜,动感,0.00,,7,1,effects2
7603288875754179846,震动推近,动感,0.00,,7,1,effects2
7399492527302249768,摇摆 II,动感,0.00,,7,1,effects2
7399496946869701888,文字闪动,动感,0.00,,7,1,effects2
7646461726585670936,左右震闪,动感,0.00,,7,1,effects2
7541289820232895769,冲击推拉,动感,0.00,,7,1,effects2
7680094449824927000,故障律动,动感,0.00,,7,1,effects2
7399491015427624207,70s,动感,0.00,,7,1,effects2
7399492338592140559,水波纹,动感,0.00,,7,1,effects2
7678934220625939736,蹦极弹跳,动感,0.00,,7,1,effects2
7677591170364509464,花屏推回,动感,0.00,,7,1,effects2
7399491541821033768,动感扫光,动感,0.00,,7,1,effects2
7399496301676694836,冲击波,动感,0.00,,7,1,effects2
7399493822738124047,魅力光束,动感,0.00,,7,1,effects2
7669727885875432728,旋转卡点,动感,0.00,,7,1,effects2
7669720052211485976,前后回弹,动感,0.00,,7,1,effects2
7399492957994355983,彩色闪烁,动感,0.00,,7,1,effects2
7399492040968473891,蓝线模糊,动感,0.00,,7,1,effects2
7399492596520799523,定格闪烁,动感,0.00,,7,1,effects2
7651846730346122520,向上光束,动感,0.00,,7,1,effects2
7399491429359308084,闪白 II,动感,0.00,,7,1,effects2
7677584508895464766,帧间推挽,动感,0.00,,7,1,effects2
7399492574798466319,霓虹摇摆,动感,0.00,,7,1,effects2
7399492699331530019,闪光灯 Ⅰ,动感,0.00,,7,1,effects2
7663828502377991449,动感马赛克,动感,0.00,,7,1,effects2
7399492827689913600,震动光束,动感,0.00,,7,1,effects2
7399494543902657826,幻影,动感,0.00,,7,1,effects2
7399492162745896226,瞬间模糊,动感,0.00,,7,1,effects2
7655559287246294297,左闪右闪,动感,0.00,,7,1,effects2
7612582488925523262,玻璃反射,动感,0.00,,7,1,effects2
7647802943361518902,节奏摇摆,动感,0.00,,7,1,effects2
7399492128189041920,视频分割,动感,0.00,,7,1,effects2
7399493910478753064,闪黑II,动感,0.00,,7,1,effects2
7677570915747613976,迷幻摇摆,动感,0.00,,7,1,effects2
7677553291424795966,旋倾叠影,动感,0.00,,7,1,effects2
7399494127672446223,人鱼滤镜,动感,0.00,,7,1,effects2
7399495986655055139,橘色负片,动感,0.00,,7,1,effects2
7655973937439870270,抖动闪光,动感,0.00,,7,1,effects2
7399492349744729378,快闪运镜,动感,0.00,,7,1,effects2
7655248125027929369,迪斯科灯光,动感,0.00,,7,1,effects2
7399496873943338280,彩虹幻影,动感,0.00,,7,1,effects2
7399493259246046498,RGB描边,动感,0.00,,7,1,effects2
7399493248256953652,震闪渐黑,动感,0.00,,7,1,effects2
7677838372991241512,色差跳变,动感,0.00,,7,1,effects2
7509120875921231129,闪烁曝光,动感,0.00,,7,1,effects2
7399494241455590696,边缘加色,动感,0.00,,7,1,effects2
7399492488005766415,彩色描边,动感,0.00,,7,1,effects2
7486264279176613144,复古漏光,动感,0.00,,7,1,effects2
7649769416569441560,缩放震闪,动感,0.00,,7,1,effects2
7677578118252612926,环绕突袭,动感,0.00,,7,1,effects2
7399496846000803106,蹦迪彩光,动感,0.00,,7,1,effects2
7399497284750232884,扫描光条,动感,0.00,,7,1,effects2
7413730211969110537,漏光闪烁,动感,0.00,,7,1,effects2
7399495031087828239,电光爆闪,动感,0.00,,7,1,effects2
7399495497716600098,蓝光爆闪,动感,0.00,,7,1,effects2
7399496594908908840,灵魂出窍,动感,0.00,,7,1,effects2
7399496326389484834,白色描边,动感,0.00,,7,1,effects2
7664888153400118552,光刃划扫,动感,0.00,,7,1,effects2
7678934948367060249,过山车,动感,0.00,,7,1,effects2
7615182851805367588,节拍抖动,动感,0.00,,7,1,effects2
7399494224221097250,幻觉,动感,0.00,,7,1,effects2
7399493027170880808,震动屏闪,动感,0.00,,7,1,effects2
7679152579485437238,彩色频谱,动感,0.00,,7,1,effects2
7670361395661344062,左右对称,动感,0.00,,7,1,effects2
7399491871753424162,故障读条,动感,0.00,,7,1,effects2
7399491823753841955,蹦迪光,动感,0.00,,7,1,effects2
7436273714733257253,缩放运镜,动感,0.00,,7,1,effects2
7664886924972428568,节拍心跳,动感,0.00,,7,1,effects2
7399496411617742132,斜线震动,动感,0.00,,7,1,effects2
7399491849217428788,边缘加色 III,动感,0.00,,7,1,effects2
7399496337986768162,幻术摇摆,动感,0.00,,7,1,effects2
7680166467358346520,迪斯科闪光,动感,0.00,,7,1,effects2
7434055685572137523,推近推远,动感,0.00,,7,1,effects2
7399493163171286307,脉搏跳动,动感,0.00,,7,1,effects2
7399492256635374883,心跳,动感,0.00,,7,1,effects2
7399494085377068340,闪黑,动感,0.00,,7,1,effects2
7665674638395018521,渐进闪动,动感,0.00,,7,1,effects2
7678932430601899326,脉冲轰炸,动感,0.00,,7,1,effects2
7690583351295773977,闪光放大,动感,0.00,,7,1,effects2
7399492333038882048,卷动,动感,0.00,,7,1,effects2
7399492136065944867,边缘加色 II,动感,0.00,,7,1,effects2
7399496997528423720,居中闪切,动感,0.00,,7,1,effects2
7399495627249323304,电光爆闪 II,动感,0.00,,7,1,effects2
7395457611686087951,爱心扫光,动感,0.00,,7,1,effects2
7399497207369452840,边缘glitch,动感,0.00,,7,1,effects2
7399495415202073891,霓虹灯,动感,0.00,,7,1,effects2
7658243624236338458,频闪爆闪,动感,0.00,,7,1,effects2
7677582644959415576,横扫千军,动感,0.00,,7,1,effects2
7669701759086103833,动感射线,动感,0.00,,7,1,effects2
7399497143377071375,负片闪烁,动感,0.00,,7,1,effects2
7399493121500859648,X-Signal,动感,0.00,,7,1,effects2
7657503067092471065,节拍暗角,动感,0.00,,7,1,effects2
7399496511660297487,扭曲模糊,动感,0.00,,7,1,effects2
7690888249883282750,钟摆卡点,动感,0.00,,7,1,effects2
7399494582603468066,摇摆,动感,0.00,,7,1,effects2
7399496979421728035,闪动,动感,0.00,,7,1,effects2
7399496772088794368,彩光摇晃,动感,0.00,,7,1,effects2
7399494168789142819,微震闪黑,动感,0.00,,7,1,effects2
7677576255398595864,垂直甩镜,动感,0.00,,7,1,effects2
7399496384870649123,蓝色负片,动感,0.00,,7,1,effects2
7399494859498867983,泛光爆闪,动感,0.00,,7,1,effects2
7399493512535805224,随机闪切,动感,0.00,,7,1,effects2
7659398752721030425,逐步推进,动感,0.00,,7,1,effects2
7675547149752470820,闪白定格,动感,0.00,,7,1,effects2
7657163784435322137,四方震糊,动感,0.00,,7,1,effects2
7399493907010145536,泛光闪动,动感,0.00,,7,1,effects2
7667129336037674264,节奏冲击波,动感,0.00,,7,1,effects2
7675546604408999210,拉镜频闪,动感,0.00,,7,1,effects2
7658244173375589678,白闪频闪,动感,0.00,,7,1,effects2
7399497103275232564,弹动摇镜,动感,0.00,,7,1,effects2
7665959133790817560,像素冲击波,动感,0.00,,7,1,effects2
7399493694568631587,故障震闪,动感,0.00,,7,1,effects2
7399493799862471951,高速彩光,动感,0.00,,7,1,effects2
7399496774555159808,重复变焦,动感,0.00,,7,1,effects2
7399496909007752463,交叉震闪,动感,0.00,,7,1,effects2
7668701303450783038,摇摆闪光,动感,0.00,,7,1,effects2
7399493609952791848,纵向跳动,动感,0.00,,7,1,effects2
7399497232178875648,闪光灯 III,动感,0.00,,7,1,effects2
7673600778271034660,镜头晃动,动感,0.00,,7,1,effects2
7399494783254760744,闪光弹跳,动感,0.00,,7,1,effects2
7600699993552473380,闪动脉冲,动感,0.00,,7,1,effects2
7680075763265146155,光斑震闪,动感,0.00,,7,1,effects2
7678933717930446105,逐一缩小,动感,0.00,,7,1,effects2
7665341904967650584,左右甩镜,动感,0.00,,7,1,effects2
7668576265846312216,节奏缩放,动感,0.00,,7,1,effects2
7542729152227757374,反转运镜,动感,0.00,,7,1,effects2
7612570413884902710,闪动推镜,动感,0.00,,7,1,effects2
7657381541320002841,节拍闪光,动感,0.00,,7,1,effects2
7544007327444307224,回倒运镜,动感,0.00,,7,1,effects2
7675333882975243583,震颤推镜,动感,0.00,,7,1,effects2
7677838199900605696,紧张压迫,动感,0.00,,7,1,effects2
7399492066742455567,动感变焦,动感,0.00,,7,1,effects2
7429623957759726107,彩光幻影,动感,0.00,,7,1,effects2
7678345140267715864,色块模糊,动感,0.00,,7,1,effects2
7649405478123982104,节奏震闪,动感,0.00,,7,1,effects2
7399476435255168271,闪光灯 II,动感,0.00,,7,1,effects2
7399491457524010255,变色闪光,动感,0.00,,7,1,effects2
7647750565455203627,音驱故障,动感,0.00,,7,1,effects2
7399496114153590050,碎闪描边,动感,0.00,,7,1,effects2
7663396099163655486,丁达尔摇摆,动感,0.00,,7,1,effects2
7677602237899672851,甩镜环绕,动感,0.00,,7,1,effects2
7399495847743851791,旋焦推镜,动感,0.00,,7,1,effects2
7668205627109412121,心跳加快,动感,0.00,,7,1,effects2
7602160965676698934,律动缩放,动感,0.00,,7,1,effects2
7399496514445380898,震动扫光,动感,0.00,,7,1,effects2
7399492582201445667,十字爆闪,动感,0.00,,7,1,effects2
7612570868367035667,节奏闪动,动感,0.00,,7,1,effects2
7399494870265580840,重复震闪,动感,0.00,,7,1,effects2
7667520489782463806,上下开关,动感,0.00,,7,1,effects2
7616765220211658008,春江水暖,氛围,0.00,,7,1,effects2
7399497600191237391,浪漫氛围,氛围,0.00,,7,1,effects2
7399491233917308195,星雨,氛围,0.00,,7,1,effects2
7669702481215049022,羽毛散落,氛围,0.00,,7,1,effects2
7650482872956063001,星空童话,氛围,0.00,,7,1,effects2
7459357260557339945,烟花孔明灯,氛围,0.00,,7,1,effects2
7399496765000502580,萤光,氛围,0.00,,7,1,effects2
7399496318026108160,节日彩带,氛围,0.00,,7,1,effects2
7603660110711409982,春暖花开,氛围,0.00,,7,1,effects2
7581685608184155416,圣诞撕纸,氛围,0.00,,7,1,effects2
7399495898897632512,月亮闪闪,氛围,0.00,,7,1,effects2
7399494691978267904,丝印涂鸦,氛围,0.00,,7,1,effects2
7399493519838072099,迷醉蝴蝶,氛围,0.00,,7,1,effects2
7527587611431472446,夏日空调,氛围,0.00,,7,1,effects2
7399494471139822848,蝴蝶冲屏,氛围,0.00,,7,1,effects2
7468588273783295273,多彩爱心,氛围,0.00,,7,1,effects2
7447044441463853594,仙女棒II,氛围,0.00,,7,1,effects2
7600701270223015204,马年顺遂,氛围,0.00,,7,1,effects2
7399493327046855988,灿金彩带,氛围,0.00,,7,1,effects2
7399493412052946191,星火,氛围,0.00,,7,1,effects2
7399494224116206882,浪漫氛围 II,氛围,0.00,,7,1,effects2
7594767898074352920,开门红,氛围,0.00,,7,1,effects2
7399496079328283956,星星坠落,氛围,0.00,,7,1,effects2
7399495834502548771,New Year,氛围,0.00,,7,1,effects2
7399491269627563279,繁星点点,氛围,0.00,,7,1,effects2
7458222774511735305,剪纸窗花,氛围,0.00,,7,1,effects2
7675329776676080950,电音射线,氛围,0.00,,7,1,effects2
7399493024386010408,I Lose You,氛围,0.00,,7,1,effects2
7399496045891161379,蝴蝶,氛围,0.00,,7,1,effects2
7407723909858004264,腾云驾雾,氛围,0.00,,7,1,effects2
7638250305313901848,心心相依,氛围,0.00,,7,1,effects2
7399496286417784064,春日樱花,氛围,0.00,,7,1,effects2
7399495142337449231,彩虹射线,氛围,0.00,,7,1,effects2
7600733587402493247,新年春联,氛围,0.00,,7,1,effects2
7531792449581157694,发光字母,氛围,0.00,,7,1,effects2
7572423361196772649,怪奇闪电,氛围,0.00,,7,1,effects2
7399492531039309056,光斑飘落,氛围,0.00,,7,1,effects2
7399497426001743138,玻璃破碎,氛围,0.00,,7,1,effects2
7506533707369581849,心愿弹幕,氛围,0.00,,7,1,effects2
7640063919083638078,爱心飘动,氛围,0.00,,7,1,effects2
7399494668783717666,水彩晕染,氛围,0.00,,7,1,effects2
7399495866635128079,I Love You,氛围,0.00,,7,1,effects2
7399494245607935284,新年仙女棒,氛围,0.00,,7,1,effects2
7399491193186307363,星河,氛围,0.00,,7,1,effects2
7399493728223759668,仙女棒,氛围,0.00,,7,1,effects2
7652196288682921241,金粽满屏,氛围,0.00,,7,1,effects2
7584353305967529252,层层幕布,氛围,0.00,,7,1,effects2
7601079833119984921,梦幻爱心,氛围,0.00,,7,1,effects2
7399493081319476520,生日快乐,氛围,0.00,,7,1,effects2
7594299445131496713,文字烟花 II,氛围,0.00,,7,1,effects2
7533438014983523609,伤感雪花,氛围,0.00,,7,1,effects2
7399493100395171072,ktv灯光,氛围,0.00,,7,1,effects2
7399494230013480227,关月亮,氛围,0.00,,7,1,effects2
7581792892746730777,气球2026,氛围,0.00,,7,1,effects2
7612601228681383193,祝福烟花,氛围,0.00,,7,1,effects2
7509889113655610686,Y2K星星,氛围,0.00,,7,1,effects2
7399494504090291491,小花花,氛围,0.00,,7,1,effects2
7405160149377223970,波点彩绘,氛围,0.00,,7,1,effects2
7653008945719610649,循环拖动,氛围,0.00,,7,1,effects2
7399493119906991395,手写日记,氛围,0.00,,7,1,effects2
7580362425988599065,手写字烟花,氛围,0.00,,7,1,effects2
7399496395683564852,星星冲屏,氛围,0.00,,7,1,effects2
7399494796949064975,夏日泡泡 I,氛围,0.00,,7,1,effects2
7645232574905748760,雨打芭蕉,氛围,0.00,,7,1,effects2
7399494351249771811,流星雨,氛围,0.00,,7,1,effects2
7399496662609087744,樱花朵朵,氛围,0.00,,7,1,effects2
7579911951397031192,迎新年烟花,氛围,0.00,,7,1,effects2
7600981695025761542,春联旋入,氛围,0.00,,7,1,effects2
7645218563476786456,星星飘动,氛围,0.00,,7,1,effects2
7399491918981303552,雪花细闪,氛围,0.00,,7,1,effects2
7399497301049216290,梦蝶,氛围,0.00,,7,1,effects2
7451813291430515210,爱心烟花Ⅱ,氛围,0.00,,7,1,effects2
7447018501778182666,金币掉落,氛围,0.00,,7,1,effects2
7585115695264861464,圣诞时刻,氛围,0.00,,7,1,effects2
7399497017430396195,星月童话,氛围,0.00,,7,1,effects2
7405159517106900239,油画泼墨,氛围,0.00,,7,1,effects2
7546473243612581182,咖啡时刻,氛围,0.00,,7,1,effects2
7584355145870495001,照片软木板,氛围,0.00,,7,1,effects2
7447044440868262426,日进斗金,氛围,0.00,,7,1,effects2
7399491311625112847,烟花 II,氛围,0.00,,7,1,effects2
7399496466751933711,庆祝彩带,氛围,0.00,,7,1,effects2
7668584495376780568,彩虹出现,氛围,0.00,,7,1,effects2
7639210398683630854,烟花齐放,氛围,0.00,,7,1,effects2
7399493160151321871,花火 II,氛围,0.00,,7,1,effects2
7399492081338682664,星火 II,氛围,0.00,,7,1,effects2
7578524909438160190,毛绒新年,氛围,0.00,,7,1,effects2
7600788997283040536,恭喜发财Ⅳ,氛围,0.00,,7,1,effects2
7399494862535511311,单色涂鸦,氛围,0.00,,7,1,effects2
7399495536451128616,祝福环绕,氛围,0.00,,7,1,effects2
7648318010159172888,世界杯来了,氛围,0.00,,7,1,effects2
7460113427034377535,蛇形走位,氛围,0.00,,7,1,effects2
7639210766926630163,烟花绽放,氛围,0.00,,7,1,effects2
7399492679253363968,烟花,氛围,0.00,,7,1,effects2
7399495688272366848,梦幻雪花,氛围,0.00,,7,1,effects2
7633727960884858166,英文手写,氛围,0.00,,7,1,effects2
7399496562256121140,蝶舞,氛围,0.00,,7,1,effects2
7399493331820072227,蝴蝶 II,氛围,0.00,,7,1,effects2
7434055685559554569,爱心下雪,氛围,0.00,,7,1,effects2
7664564823161589017,发光字悬浮,氛围,0.00,,7,1,effects2
7602511213330959678,粒子汇聚,氛围,0.00,,7,1,effects2
7399494593487703331,彩虹气泡,氛围,0.00,,7,1,effects2
7399491833010638080,星星灯,氛围,0.00,,7,1,effects2
7459603566106283305,蛇蛇涂鸦,氛围,0.00,,7,1,effects2
7655740410819644696,夏夜萤火虫,氛围,0.00,,7,1,effects2
7462628759770763826,红包转转,氛围,0.00,,7,1,effects2
7405160245732953344,星星彩绘,氛围,0.00,,7,1,effects2
7399494187583900963,夜蝶,氛围,0.00,,7,1,effects2
7581743904244960563,满屏烟花,氛围,0.00,,7,1,effects2
7668219918105578777,彩虹光环,氛围,0.00,,7,1,effects2
7399493248256970019,新年兔气球,氛围,0.00,,7,1,effects2
7399493359015890228,萤火,氛围,0.00,,7,1,effects2
7574712982048066878,遇见热气球,氛围,0.00,,7,1,effects2
7469697798875712809,粉色礼盒,氛围,0.00,,7,1,effects2
7399491265571605812,金色碎片,氛围,0.00,,7,1,effects2
7666365170922573118,聚光散影,氛围,0.00,,7,1,effects2
7599842212809297214,元宵花灯,氛围,0.00,,7,1,effects2
7642601001605893438,儿童节气球,氛围,0.00,,7,1,effects2
7592214525240249624,过年烟花,氛围,0.00,,7,1,effects2
7399496492051909923,KIRA泡泡,氛围,0.00,,7,1,effects2
7579900377605213490,鸿运开彩,氛围,0.00,,7,1,effects2
7653715769553046808,金色星星,氛围,0.00,,7,1,effects2
7605586245216996635,羽毛开幕,氛围,0.00,,7,1,effects2
7550288506363481368,枫叶飞舞,氛围,0.00,,7,1,effects2
7637081094667554072,色彩笔刷,氛围,0.00,,7,1,effects2
7445177785401741874,变焦烟花,氛围,0.00,,7,1,effects2
7656064780909743384,礼物气球,氛围,0.00,,7,1,effects2
7675537142113668387,霓虹流涡,氛围,0.00,,7,1,effects2
7483352960081153342,泡泡光轨,氛围,0.00,,7,1,effects2
7678557795146403134,镭射闪烁,氛围,0.00,,7,1,effects2
7589839854817725720,钞票枪,氛围,0.00,,7,1,effects2
7445177785410130469,烟花光晕,氛围,0.00,,7,1,effects2
7517257229008063768,情绪涂鸦,氛围,0.00,,7,1,effects2
7582935714568949017,圣诞掉落,氛围,0.00,,7,1,effects2
7667846060680989976,祝福祖国,氛围,0.00,,7,1,effects2
7509942730747841817,童趣光圈,氛围,0.00,,7,1,effects2
7587239061488717118,2026跨年,氛围,0.00,,7,1,effects2
7448898555621675529,圣诞限定,氛围,0.00,,7,1,effects2
7460448869051108634,瀑布烟花,氛围,0.00,,7,1,effects2
7641528832821955865,爱心玫瑰,氛围,0.00,,7,1,effects2
7399497183243930920,灿灿金币,氛围,0.00,,7,1,effects2
7566212664637295896,闪闪五角星,氛围,0.00,,7,1,effects2
7643076309270154520,纸飞机冲屏,氛围,0.00,,7,1,effects2
7602499113074117912,千愿同辉,氛围,0.00,,7,1,effects2
7399497187522137344,金鱼,氛围,0.00,,7,1,effects2
7399492741782129954,复古彩虹,氛围,0.00,,7,1,effects2
7448898555621675571,迎接2025,氛围,0.00,,7,1,effects2
7586973782791818546,雪花碰撞,氛围,0.00,,7,1,effects2
7660145513831943448,绿叶星光,氛围,0.00,,7,1,effects2
7460119900233764135,新年礼花,氛围,0.00,,7,1,effects2
7399492311949774132,樱花飘落,氛围,0.00,,7,1,effects2
7459357596231748883,彩带飘落,氛围,0.00,,7,1,effects2
7675542201828527366,音频律动,氛围,0.00,,7,1,effects2
7565100351637015833,南瓜闪屏,氛围,0.00,,7,1,effects2
7590376183833939224,马年祝福语,氛围,0.00,,7,1,effects2
7449596462658228762,闪粉胶片,氛围,0.00,,7,1,effects2
7460815874929216804,3D春联,氛围,0.00,,7,1,effects2
7640067755999464766,鱼戏莲叶间,氛围,0.00,,7,1,effects2
7399494373706108194,电子蝴蝶,氛围,0.00,,7,1,effects2
7577252576815582510,圣诞雪花,氛围,0.00,,7,1,effects2
7599618422695071001,焰火有声,氛围,0.00,,7,1,effects2
7582156381550038326,祝福环绕,氛围,0.00,,7,1,effects2
7603675431904202046,花朵爱心,氛围,0.00,,7,1,effects2
7509417611126574398,粽情端午,氛围,0.00,,7,1,effects2
7685322820578020633,拨动卡片,最新,0.00,,7,1,effects2
7681579814439882018,霓虹脉冲,最新,0.00,,7,1,effects2
7686036270711196952,立方分屏,最新,0.00,,7,1,effects2
7675269409316900134,翻页启幕,最新,0.00,,7,1,effects2
7685020347640565017,红蓝闪烁,最新,0.00,,7,1,effects2
7679269563694877977,画面拼合,最新,0.00,,7,1,effects2
7681234073779719449,方块突进,最新,0.00,,7,1,effects2
7684895053822709017,波点糖纸,最新,0.00,,7,1,effects2
7675269271479405875,分屏开合,最新,0.00,,7,1,effects2
7686429492427935038,音频故障,最新,0.00,,7,1,effects2
7681580528981577002,色散星芒,最新,0.00,,7,1,effects2
7674942468462464281,激光撕裂,最新,0.00,,7,1,effects2
7686432640643353881,动感故障,最新,0.00,,7,1,effects2
7679651935812865342,旧电视干扰,最新,0.00,,7,1,effects2
7675938861083544832,残影冲击,最新,0.00,,7,1,effects2
7675938980830956863,涟漪曳引,最新,0.00,,7,1,effects2
7680129974103411992,凌乱枫叶,最新,0.00,,7,1,effects2
7685032064458181913,扭曲变形,最新,0.00,,7,1,effects2
7675269731355544882,碎裂重组,最新,0.00,,7,1,effects2
7679112687321845016,流光网格,最新,0.00,,7,1,effects2
7681298105844878616,节奏噪点,最新,0.00,,7,1,effects2
7667904630461959433,信号故障,最新,0.00,,7,1,effects2
7677506709748747582,毛刺DV界面,最新,0.00,,7,1,effects2
7676081252340010264,白线冲刺,最新,0.00,,7,1,effects2
7681800455281806616,波纹紊动,最新,0.00,,7,1,effects2
7676022773277330694,老电影放映,最新,0.00,,7,1,effects2
7684581879105785112,模糊玻璃,最新,0.00,,7,1,effects2
7680969207596616984,高频震闪,最新,0.00,,7,1,effects2
7688293611670293822,多图展播,最新,0.00,,7,1,effects2
7681581215241063689,分块频闪,最新,0.00,,7,1,effects2
7666710732343414041,发光网点,最新,0.00,,7,1,effects2
7680741431060745526,呼吸错位,最新,0.00,,7,1,effects2
7681602079068130584,黑白灰,最新,0.00,,7,1,effects2
7665283062791703870,镭射倒计时,最新,0.00,,7,1,effects2
7679111217495100696,节奏光格,最新,0.00,,7,1,effects2
7681581039982021914,径向对焦,最新,0.00,,7,1,effects2
7685029541189913880,光斑流动,最新,0.00,,7,1,effects2
7685588065989217561,滑动变阻器,最新,0.00,,7,1,effects2
7677589007408205081,梦幻迷离,最新,0.00,,7,1,effects2
7687178486548827417,立方回滚,最新,0.00,,7,1,effects2
7680338432027249944,心头一颤,最新,0.00,,7,1,effects2
7685031569823911193,花屏噪点,最新,0.00,,7,1,effects2
7680212303928724798,向下光晕,最新,0.00,,7,1,effects2
7681538934131674393,中心星芒光,最新,0.00,,7,1,effects2
7685037133899435326,鼓点震闪,最新,0.00,,7,1,effects2
7685034652473609534,画面抖动,最新,0.00,,7,1,effects2
7665934522394922266,霓虹色散,最新,0.00,,7,1,effects2
7687540621749275929,脉动光格,最新,0.00,,7,1,effects2
7680518223724416318,枫叶流星雨,最新,0.00,,7,1,effects2
7690210808051125529,故障酷闪,最新,0.00,,7,1,effects2
7681580548073999668,扇形频闪,最新,0.00,,7,1,effects2
7686445523083005209,白色星光,最新,0.00,,7,1,effects2
7676045617940073752,螺旋涡流,最新,0.00,,7,1,effects2
7678324907662396696,无限分屏,最新,0.00,,7,1,effects2
7676029235240193289,网格故障,最新,0.00,,7,1,effects2
7683350347573808408,层叠涌动,最新,0.00,,7,1,effects2
7675334189708758335,黑洞漩涡,最新,0.00,,7,1,effects2
7665317397141916990,绿光负片,最新,0.00,,7,1,effects2
7681581271591456034,网格故障,最新,0.00,,7,1,effects2
7682682850512211262,Z字突进,最新,0.00,,7,1,effects2
7665287804431404350,双光旋扫,最新,0.00,,7,1,effects2
7675268537853676851,报纸撕裂,最新,0.00,,7,1,effects2
7675269231428111666,举牌肯定,最新,0.00,,7,1,effects2
7676031853207375113,线框跳变,最新,0.00,,7,1,effects2
7682671907963161881,双轴翻滚,最新,0.00,,7,1,effects2
7681580312320560425,像素波动,最新,0.00,,7,1,effects2
7681581604837264690,塔幕折展,最新,0.00,,7,1,effects2
7681580300966645011,景深对焦,最新,0.00,,7,1,effects2
7676029576505462067,星尘游走,最新,0.00,,7,1,effects2
7680180676343237913,旋转挤压,最新,0.00,,7,1,effects2
7684206281183464728,动感冲击,最新,0.00,,7,1,effects2
7665692263489604926,水下光斑,最新,0.00,,7,1,effects2
7683852051058724120,动感节奏,最新,0.00,,7,1,effects2
7681581831086476550,震闪抖动,最新,0.00,,7,1,effects2
7676029377125076251,线框跳变,最新,0.00,,7,1,effects2
7687461621320469822,星芒闪动,最新,0.00,,7,1,effects2
7685043506418568473,拉丝故障,最新,0.00,,7,1,effects2
7674979531182279961,高温融化,最新,0.00,,7,1,effects2
7681577561729600774,裂格回序,最新,0.00,,7,1,effects2
7684591010470546713,流动虹光,最新,0.00,,7,1,effects2
7681581518631783731,环穹巡转,最新,0.00,,7,1,effects2
7690421369930239257,多画面转动,最新,0.00,,7,1,effects2
7681579489104530728,霓虹脉冲,最新,0.00,,7,1,effects2
7684577839215283480,浪形扭变,最新,0.00,,7,1,effects2
7687538064205548824,舞台光束,最新,0.00,,7,1,effects2
7675270507117219081,脉冲重影,最新,0.00,,7,1,effects2
7687537570368081177,光束闪烁,最新,0.00,,7,1,effects2
7675271055421771058,胶片频闪,最新,0.00,,7,1,effects2
7683936148581895486,闪光运镜,最新,0.00,,7,1,effects2
7684589783099657534,反相高饱和,最新,0.00,,7,1,effects2
7665676249611717950,左右扫光,最新,0.00,,7,1,effects2
7676010537817246995,涟漪扭曲,最新,0.00,,7,1,effects2
7682682495829167422,弥补缺口,最新,0.00,,7,1,effects2
7679207502780583193,动态液体,最新,0.00,,7,1,effects2
7687561012337495358,噪点锐化,最新,0.00,,7,1,effects2
7676031694620642610,色差爆散,最新,0.00,,7,1,effects2
7681539874784054553,色散扫过,最新,0.00,,7,1,effects2
7675205209315921188,破损布料,最新,0.00,,7,1,effects2
7681576894420110633,扇页星轨,最新,0.00,,7,1,effects2
7675268926766320906,爱心飘散,最新,0.00,,7,1,effects2
7681568069982129432,节拍扫光,最新,0.00,,7,1,effects2
7665686827176643902,快旋拉回,最新,0.00,,7,1,effects2
7678271866108136766,液体镭射,最新,0.00,,7,1,effects2
7680334807317990681,分层视差,最新,0.00,,7,1,effects2
7681571008884657433,声波震动,最新,0.00,,7,1,effects2
7681579136757894462,光谱旋闪,最新,0.00,,7,1,effects2
7688352348195966232,像素回切,最新,0.00,,7,1,effects2
7675270782481632538,轮廓频闪,最新,0.00,,7,1,effects2
7665934328320331058,星点闪烁,最新,0.00,,7,1,effects2
7675270667255811354,放射星芒,最新,0.00,,7,1,effects2
7681473583062928665,画面旋转,最新,0.00,,7,1,effects2
7665934170501205275,网格故障,最新,0.00,,7,1,effects2
7676047261025094936,负片故障,最新,0.00,,7,1,effects2
7681309770279767358,节奏旋焦,最新,0.00,,7,1,effects2
7688359123540413721,流体波动,最新,0.00,,7,1,effects2
7676079961580571928,镭射彩光,最新,0.00,,7,1,effects2
7686433304626679064,星芒旋转,最新,0.00,,7,1,effects2
7662346267749584190,相册撕页,潮酷,0.00,,7,1,effects2
7675051118883327294,攀爬入画,潮酷,0.00,,7,1,effects2
7460082397850144063,爱心旋转,潮酷,0.00,,7,1,effects2
7399496718322044160,emoji钻石,潮酷,0.00,,7,1,effects2
7540599126694612286,扑克飞出,潮酷,0.00,,7,1,effects2
7658246118467226926,荧光穿梭,潮酷,0.00,,7,1,effects2
7399492920492969251,彩信,潮酷,0.00,,7,1,effects2
7645228164771335465,符号闪屏,潮酷,0.00,,7,1,effects2
7399493389764414755,蓝色闪电边框,潮酷,0.00,,7,1,effects2
7667619392523472190,多图推进,潮酷,0.00,,7,1,effects2
7480468554177924391,隐形人,潮酷,0.00,,7,1,effects2
7399496524801019170,粉红芭比边框,潮酷,0.00,,7,1,effects2
7603300005549509951,多屏旋转,潮酷,0.00,,7,1,effects2
7399492040897187072,随机色块 II,潮酷,0.00,,7,1,effects2
7399494440395476259,紫色波纹,潮酷,0.00,,7,1,effects2
7399494020696640808,马赛克闪切,潮酷,0.00,,7,1,effects2
7675325806389808425,幻行叠镜,潮酷,0.00,,7,1,effects2
7641157017880644918,花样贴纸,潮酷,0.00,,7,1,effects2
7399494518816509236,旋转方块,潮酷,0.00,,7,1,effects2
7647799227736771876,糖果闪现,潮酷,0.00,,7,1,effects2
7461863790338903315,银蛇缠绕,潮酷,0.00,,7,1,effects2
7534923443121474878,射击弹孔,潮酷,0.00,,7,1,effects2
7589171366734138660,挂历翻页,潮酷,0.00,,7,1,effects2
7579603713011076371,加载成功,潮酷,0.00,,7,1,effects2
7662677572559342889,花朵旋动,潮酷,0.00,,7,1,effects2
7565179108095937816,冲出屏幕,潮酷,0.00,,7,1,effects2
7594759709245132074,滚筒旋转,潮酷,0.00,,7,1,effects2
7484595113130315032,多图抽卡,潮酷,0.00,,7,1,effects2
7592541568016338212,扇形翻书,潮酷,0.00,,7,1,effects2
7632837683013831998,扭转玻璃,潮酷,0.00,,7,1,effects2
7399491475819613480,像素屏闪,潮酷,0.00,,7,1,effects2
7582050164844563762,立方内部,潮酷,0.00,,7,1,effects2
7433322731896050212,涂鸦抽帧,潮酷,0.00,,7,1,effects2
7399493519930412340,负片拖影,潮酷,0.00,,7,1,effects2
7582535701040844059,蝴蝶飞舞,潮酷,0.00,,7,1,effects2
7679303603219205400,重影回弹,潮酷,0.00,,7,1,effects2
7604778037971930411,新年文件夹,潮酷,0.00,,7,1,effects2
7489044185471880485,3D消散,潮酷,0.00,,7,1,effects2
7647791798705753387,樱光闪耀,潮酷,0.00,,7,1,effects2
7604757788778089747,圆形展开,潮酷,0.00,,7,1,effects2
7577333867246406922,俄罗斯方块,潮酷,0.00,,7,1,effects2
7647792865594150186,星道巡航,潮酷,0.00,,7,1,effects2
7589179163861339455,3D旋转,潮酷,0.00,,7,1,effects2
7579900188857240858,卡牌冲屏,潮酷,0.00,,7,1,effects2
7490909864064027942,宠物热成像,潮酷,0.00,,7,1,effects2
7645229230833388819,美金爆闪,潮酷,0.00,,7,1,effects2
7641157502196878611,十字跳动,潮酷,0.00,,7,1,effects2
7676029867082648841,条带错位,潮酷,0.00,,7,1,effects2
7623375449837604123,记忆穿梭,潮酷,0.00,,7,1,effects2
7586596817895165238,滑动详情,潮酷,0.00,,7,1,effects2
7586597355034643748,生活报告,潮酷,0.00,,7,1,effects2
7651847893602651416,回忆拍立得,潮酷,0.00,,7,1,effects2
7600710488086924598,马年红包,潮酷,0.00,,7,1,effects2
7649657765509467416,立方向下,潮酷,0.00,,7,1,effects2
7462629172121178633,新春海报,潮酷,0.00,,7,1,effects2
7634911911985024318,环形排列,潮酷,0.00,,7,1,effects2
7639414620540849432,弹性晒图,潮酷,0.00,,7,1,effects2
7637092312371187006,圆角翻面,潮酷,0.00,,7,1,effects2
7668134407340854552,万花筒旋转,潮酷,0.00,,7,1,effects2
7664886985793735974,岩浆干涸,潮酷,0.00,,7,1,effects2
7591397605201005843,彩色拍立得,潮酷,0.00,,7,1,effects2
7633727082882682148,唱片漩涡,潮酷,0.00,,7,1,effects2
7647797633972473142,音符爆闪,潮酷,0.00,,7,1,effects2
7399495866635046144,动态侦测,潮酷,0.00,,7,1,effects2
7639060909486296382,圆盘旋转,潮酷,0.00,,7,1,effects2
7647791980881267987,糖果旋转,潮酷,0.00,,7,1,effects2
7647794512688860459,蓝蝶爆散,潮酷,0.00,,7,1,effects2
7649340169597816070,蝶影流光,潮酷,0.00,,7,1,effects2
7639011708693974296,爱的回忆,潮酷,0.00,,7,1,effects2
7649338112832785726,滚动快切,潮酷,0.00,,7,1,effects2
7399495214781451555,迷幻故障,潮酷,0.00,,7,1,effects2
7463321874349429258,金元宝,潮酷,0.00,,7,1,effects2
7399493325104893219,花屏故障,潮酷,0.00,,7,1,effects2
7399494182022237475,魔法甜心,潮酷,0.00,,7,1,effects2
7589171196055391507,卡片展示,潮酷,0.00,,7,1,effects2
7399494864884223267,磨砂水晶,潮酷,0.00,,7,1,effects2
7584724168420117814,圣诞旋树,潮酷,0.00,,7,1,effects2
7631808631864069401,向下翻页,潮酷,0.00,,7,1,effects2
7639209284982672681,暗焰晕染,潮酷,0.00,,7,1,effects2
7639210229405617462,嘻哈墙绘,潮酷,0.00,,7,1,effects2
7664886907830062346,世界杯开场,潮酷,0.00,,7,1,effects2
7640765926471798078,红色负片,潮酷,0.00,,7,1,effects2
7568844296045038890,多屏鱼眼,潮酷,0.00,,7,1,effects2
7587309048056368447,3D胶卷轴,潮酷,0.00,,7,1,effects2
7647800687862091051,四叶浮光,潮酷,0.00,,7,1,effects2
7647790013551217963,岩浆炸裂,潮酷,0.00,,7,1,effects2
7662677734400871723,立体五星,潮酷,0.00,,7,1,effects2
7453001309596160522,鱼眼涂鸦,潮酷,0.00,,7,1,effects2
7638984400532835646,爱心照片墙,潮酷,0.00,,7,1,effects2
7441568585081688585,灵异幻觉,潮酷,0.00,,7,1,effects2
7399495212701142272,星月背景,潮酷,0.00,,7,1,effects2
7590193253761305881,链条枷锁,潮酷,0.00,,7,1,effects2
7405160364784012596,万花筒,潮酷,0.00,,7,1,effects2
7399491907379875124,动感竖线,潮酷,0.00,,7,1,effects2
7615183947777051947,碎片滑屏,潮酷,0.00,,7,1,effects2
7449588013115380251,西海岸涂鸦,潮酷,0.00,,7,1,effects2
7645227751879855379,彩玻爆碎,潮酷,0.00,,7,1,effects2
7640828207134182680,爱心拼贴,潮酷,0.00,,7,1,effects2
7473485035081862463,切开,潮酷,0.00,,7,1,effects2
7647791359948115206,蓝心爆散,潮酷,0.00,,7,1,effects2
7660111423292607769,雨刷横扫,潮酷,0.00,,7,1,effects2
7399495683130084660,爱心蝴蝶,潮酷,0.00,,7,1,effects2
7584010507246488838,日历流逝,潮酷,0.00,,7,1,effects2
7605493497604410666,好运拍拍乐,潮酷,0.00,,7,1,effects2
7399495914760555776,故障定格,潮酷,0.00,,7,1,effects2
7584014277003054377,照片回忆流,潮酷,0.00,,7,1,effects2
7667867104279907646,多图展示,潮酷,0.00,,7,1,effects2
7640749789495364926,旋转浮屏,潮酷,0.00,,7,1,effects2
7569906509359123737,故障扫描,潮酷,0.00,,7,1,effects2
7399494953023360291,单向移动,潮酷,0.00,,7,1,effects2
7658242902094613806,面片聚合,潮酷,0.00,,7,1,effects2
7577223958479637786,玻璃破碎,潮酷,0.00,,7,1,effects2
7460742551684025654,摇摇乐,潮酷,0.00,,7,1,effects2
7399490633418820899,中轴旋转,潮酷,0.00,,7,1,effects2
7602845674618621208,红包盲盒,潮酷,0.00,,7,1,effects2
7647794756227058987,紫光漫射,潮酷,0.00,,7,1,effects2
7675285965404900614,人物扭动,潮酷,0.00,,7,1,effects2
7488615651448261950,滑动胶卷轴,潮酷,0.00,,7,1,effects2
7662677991855525183,爱心旋转,潮酷,0.00,,7,1,effects2
7602518243470806335,屏幕滑动,潮酷,0.00,,7,1,effects2
7484540144691875134,彩虹鱼眼,潮酷,0.00,,7,1,effects2
7469684144151252243,爱心环绕,潮酷,0.00,,7,1,effects2
7462679471246545459,滑动打开,潮酷,0.00,,7,1,effects2
7629685911651142937,弹性滑动,潮酷,0.00,,7,1,effects2
7645230734873087251,钻石闪光,潮酷,0.00,,7,1,effects2
7634272671513136409,emoji故障,潮酷,0.00,,7,1,effects2
7399494247147228416,夜视电光,潮酷,0.00,,7,1,effects2
7572837930746547480,圣诞铃铛,边框,0.00,,7,1,effects2
7399495300991159567,视频界面,边框,0.00,,7,1,effects2
7569671012300705048,扫开积雪,边框,0.00,,7,1,effects2
7648546391882468633,草地足球框,边框,0.00,,7,1,effects2
7399492039785696547,氛围边框,边框,0.00,,7,1,effects2
7399494194915626275,黑色老电视,边框,0.00,,7,1,effects2
7399496191924391168,简约边框,边框,0.00,,7,1,effects2
7611380476506295576,女神节,边框,0.00,,7,1,effects2
7547662883358985497,进入卡片,边框,0.00,,7,1,effects2
7669750681145756953,粉色浪漫,边框,0.00,,7,1,effects2
7399496592128068904,画展边框,边框,0.00,,7,1,effects2
7399494272719817999,夺冠,边框,0.00,,7,1,effects2
7600691771428932888,元宵佳节,边框,0.00,,7,1,effects2
7670883478916861208,金秋月圆,边框,0.00,,7,1,effects2
7399493024385862952,动感荧光,边框,0.00,,7,1,effects2
7399493811430280448,秋日暖黄,边框,0.00,,7,1,effects2
7620433576156400921,烟雨伞影,边框,0.00,,7,1,effects2
7399492217460608256,取景框 II,边框,0.00,,7,1,effects2
7399494194911300916,随机裁剪,边框,0.00,,7,1,effects2
7603660239522778393,红包拍立得,边框,0.00,,7,1,effects2
7399491703649963279,清新绿格子,边框,0.00,,7,1,effects2
7604401356878925080,毛绒新春框,边框,0.00,,7,1,effects2
7575392617467252030,雪花星星框,边框,0.00,,7,1,effects2
7646907916666277182,我爱世界杯,边框,0.00,,7,1,effects2
7603682254941883673,国潮祥瑞,边框,0.00,,7,1,effects2
7602692527900101913,财源广进,边框,0.00,,7,1,effects2
7598118610883579198,恋爱专辑,边框,0.00,,7,1,effects2
7598115907742747928,行运红灯笼,边框,0.00,,7,1,effects2
7399497384079674639,望远镜,边框,0.00,,7,1,effects2
7512537688310877464,毕业星星框,边框,0.00,,7,1,effects2
7637095965438184729,母亲节快乐,边框,0.00,,7,1,effects2
7600666562424687896,金箔剪纸,边框,0.00,,7,1,effects2
7399495600804285748,List边框,边框,0.00,,7,1,effects2
7399495672799431971,回忆文件夹,边框,0.00,,7,1,effects2
7615711387398180158,水墨竹叶,边框,0.00,,7,1,effects2
7399496884554878260,怀旧边框,边框,0.00,,7,1,effects2
7568743835270941976,圣诞边框,边框,0.00,,7,1,effects2
7399496222089694464,撕纸涂鸦边框,边框,0.00,,7,1,effects2
7399497015597485327,播放器,边框,0.00,,7,1,effects2
7531215329205226776,3D油画框,边框,0.00,,7,1,effects2
7578802193562864920,星星圣诞树,边框,0.00,,7,1,effects2
7399491429925506319,白色线框,边框,0.00,,7,1,effects2
7399494201974476032,原相机,边框,0.00,,7,1,effects2
7458223206294360626,新春唱片,边框,0.00,,7,1,effects2
7552087268966829337,中秋萌物,边框,0.00,,7,1,effects2
7399495208116817167,不规则黑框,边框,0.00,,7,1,effects2
7572910195693604121,马到成功,边框,0.00,,7,1,effects2
7652594268804107545,建党节,边框,0.00,,7,1,effects2
7611858541472714008,莫奈花园,边框,0.00,,7,1,effects2
7399493271048768820,ins界面,边框,0.00,,7,1,effects2
7399491867978583330,MV封面,边框,0.00,,7,1,effects2
7597374909345549593,财神偏爱,边框,0.00,,7,1,effects2
7607368269896584510,春日气球花,边框,0.00,,7,1,effects2
7462694218327134758,猫眼迎财,边框,0.00,,7,1,effects2
7399492793233706292,牛皮纸边框 II,边框,0.00,,7,1,effects2
7399496477925444904,播放器 II,边框,0.00,,7,1,effects2
7629931610489670936,赛博蒸汽波,边框,0.00,,7,1,effects2
7511347584041159998,复古胶片框,边框,0.00,,7,1,effects2
7399491884118297908,windows弹窗关闭,边框,0.00,,7,1,effects2
7399494410062302498,windows弹窗打开,边框,0.00,,7,1,effects2
7540885146501795096,y2k游戏机,边框,0.00,,7,1,effects2
7638163805846899992,粉色青春,边框,0.00,,7,1,effects2
7399495536451030312,手帐边框,边框,0.00,,7,1,effects2
7399496911201291554,运动一夏,边框,0.00,,7,1,effects2
7432187089858351667,鱼眼闪电,边框,0.00,,7,1,effects2
7547926938623642942,绿光夜视仪,边框,0.00,,7,1,effects2
7399494572071456040,友友商店,边框,0.00,,7,1,effects2
7399497363263474979,小动物,边框,0.00,,7,1,effects2
7545879129007328537,美式边框,边框,0.00,,7,1,effects2
7586114220526193982,剪纸金马,边框,0.00,,7,1,effects2
7399492421811309858,白胶边框,边框,0.00,,7,1,effects2
7399496045891259683,录制边框 II,边框,0.00,,7,1,effects2
7576973079784475929,新年气氛,边框,0.00,,7,1,effects2
7533435592256818456,Y2K边框,边框,0.00,,7,1,effects2
7408135681689554191,基础黑框,边框,0.00,,7,1,effects2
7399496384333827363,未来主义,边框,0.00,,7,1,effects2
7602902136997039385,指定发财,边框,0.00,,7,1,effects2
7646344183413919038,狙击瞄准镜,边框,0.00,,7,1,effects2
7661295788554980632,荷池蜻蜓,边框,0.00,,7,1,effects2
7399494559224368399,牛皮纸边框 I,边框,0.00,,7,1,effects2
7399496753940090164,录制边框 IIII,边框,0.00,,7,1,effects2
7599329268992150846,仙鹤送喜,边框,0.00,,7,1,effects2
7646802184990149912,盛彩迎杯,边框,0.00,,7,1,effects2
7614088907235495192,春日时光,边框,0.00,,7,1,effects2
7399497671288818959,涂鸦切割边框,边框,0.00,,7,1,effects2
7399495409581804834,淡彩边框,边框,0.00,,7,1,effects2
7661990007804267800,碎片相册,边框,0.00,,7,1,effects2
7598453479895600446,喜庆春联,边框,0.00,,7,1,effects2
7399492373153205539,手绘拍摄器,边框,0.00,,7,1,effects2
7399492248674569472,取景框,边框,0.00,,7,1,effects2
7583698339187969342,马年祝福,边框,0.00,,7,1,effects2
7448898555617481243,胶片边框,边框,0.00,,7,1,effects2
7446622476928307762,圣诞边框,边框,0.00,,7,1,effects2
7399491429359193396,纸质边框,边框,0.00,,7,1,effects2
7399495125807795496,复古弹窗 II,边框,0.00,,7,1,effects2
7619252891060063513,纸鸢寄思,边框,0.00,,7,1,effects2
7537564315604258072,爱心胶片框,边框,0.00,,7,1,effects2
7591140388975430937,烟花新年,边框,0.00,,7,1,effects2
7399496826967084340,复古弹窗 I,边框,0.00,,7,1,effects2
7399495041212878120,X开幕,边框,0.00,,7,1,effects2
7527588338056924441,时光唱片机,边框,0.00,,7,1,effects2
7669715501471321368,粉色鹊桥,边框,0.00,,7,1,effects2
7399492057267506467,相机网格,边框,0.00,,7,1,effects2
7399491375198129443,报纸:今日热门,边框,0.00,,7,1,effects2
7579530611392711961,雪人边框,边框,0.00,,7,1,effects2
7568745594320260376,相框开场,边框,0.00,,7,1,effects2
7399493401852349696,纸膜边框 II,边框,0.00,,7,1,effects2
7399491920302558516,选中框,边框,0.00,,7,1,effects2
7609890133055278360,樱花春分,边框,0.00,,7,1,effects2
7513836008337640729,母亲节相框,边框,0.00,,7,1,effects2
7670226598112529726,心动相框,边框,0.00,,7,1,effects2
7399496990192700672,邮票边框,边框,0.00,,7,1,effects2
7399496370895244559,黑胶边框,边框,0.00,,7,1,effects2
7667562058631679294,炫光相片,边框,0.00,,7,1,effects2
7543946506894757182,原相机定格,边框,0.00,,7,1,effects2
7532776102171888920,气球边框,边框,0.00,,7,1,effects2
7399495012515319040,黄蓝星芒,边框,0.00,,7,1,effects2
7399497680554151168,PS边框,边框,0.00,,7,1,effects2
7579303093083507993,苹果相框,边框,0.00,,7,1,effects2
7399491814786469172,相纸,边框,0.00,,7,1,effects2
7399490888805780736,游戏界面,边框,0.00,,7,1,effects2
7576649036464442686,麋鹿仙踪,边框,0.00,,7,1,effects2
7459602434105609491,记忆存档,边框,0.00,,7,1,effects2
7488554230354054419,春日机位,边框,0.00,,7,1,effects2
7399495127242198312,纸质边框 II,边框,0.00,,7,1,effects2
7399493331819973923,录制边框 III,边框,0.00,,7,1,effects2
7527050375342542105,涂鸦边框,边框,0.00,,7,1,effects2
7648318206431563032,欢呼世界杯,边框,0.00,,7,1,effects2
7602606091553459480,花开富贵,边框,0.00,,7,1,effects2
7399495469702958336,手绘边框 II,边框,0.00,,7,1,effects2
7399495649709788450,方形取景器,边框,0.00,,7,1,effects2
7672296266021522712,粉色拍立得,边框,0.00,,7,1,effects2
7602175489628933401,新春灯笼,边框,0.00,,7,1,effects2
7399495326853254400,心跳黑框,边框,0.00,,7,1,effects2
7399493154417691938,纸膜边框 I,边框,0.00,,7,1,effects2
7584758178605174078,新年祝福,边框,0.00,,7,1,effects2
7641529638354832665,恋爱日常,边框,0.00,,7,1,effects2
7399494655424924980,录制边框,边框,0.00,,7,1,effects2
7399497661193243919,毛玻璃,边框,0.00,,7,1,effects2
7596986076703722777,日常杂志,边框,0.00,,7,1,effects2
7568387263449861438,挂绳照片,边框,0.00,,7,1,effects2
7469684266255781159,爱心相框,边框,0.00,,7,1,effects2
7539162859658333464,红格子边框,边框,0.00,,7,1,effects2
7599854501352262974,福马贺岁,边框,0.00,,7,1,effects2
7617110147739077912,春季踏青,边框,0.00,,7,1,effects2
7509893357326617880,撕拉片拍摄,边框,0.00,,7,1,effects2
7514157867843308862,界面点赞,边框,0.00,,7,1,effects2
7576595829763525950,重叠照片,边框,0.00,,7,1,effects2
7583951325352824126,新年剪纸,边框,0.00,,7,1,effects2
7604380969264680216,爱心气球II,边框,0.00,,7,1,effects2
7612967359040736536,春日画框,边框,0.00,,7,1,effects2
7611913000265469209,鲤鱼跳龙门,边框,0.00,,7,1,effects2
7460833905231383827,转运祝福,边框,0.00,,7,1,effects2
7647510085203397950,涂鸦文字框,边框,0.00,,7,1,effects2
7654592745218116889,贝壳海星框,边框,0.00,,7,1,effects2
7605954613644217624,情人节日历,边框,0.00,,7,1,effects2
7460742776423058700,新年边框,边框,0.00,,7,1,effects2
7538658212787064089,蕾丝边框,边框,0.00,,7,1,effects2
7631774965976567065,立方旋转, 🧩多屏,0.00,,7,1,effects2
7602519457340099882,多屏快闪, 🧩多屏,0.00,,7,1,effects2
7634205740525243672,拱形排列, 🧩多屏,0.00,,7,1,effects2
7591399714264780086,新年待办, 🧩多屏,0.00,,7,1,effects2
7650453389280644376,文件夹弹开II, 🧩多屏,0.00,,7,1,effects2
7568771291990248723,翻找文件, 🧩多屏,0.00,,7,1,effects2
7638993772252138814,爱心拼图, 🧩多屏,0.00,,7,1,effects2
7587707773853388051,新年信封, 🧩多屏,0.00,,7,1,effects2
7633751416900963646,情绪风缩放, 🧩多屏,0.00,,7,1,effects2
7598091016293322038,九格滑动, 🧩多屏,0.00,,7,1,effects2
7623374380843683118,相片递进, 🧩多屏,0.00,,7,1,effects2
7586960590380256538,2026切分, 🧩多屏,0.00,,7,1,effects2
7647033239089024280,悬空展示, 🧩多屏,0.00,,7,1,effects2
7565817836887690559,星际穿越, 🧩多屏,0.00,,7,1,effects2
7549108032580373796,漫画多轨, 🧩多屏,0.00,,7,1,effects2
7604753789949627702,上下滑屏, 🧩多屏,0.00,,7,1,effects2
7588122485527170358,卡牌翻转, 🧩多屏,0.00,,7,1,effects2
7589553762780433727,生活手帐, 🧩多屏,0.00,,7,1,effects2
7637543400597884222,创意照片, 🧩多屏,0.00,,7,1,effects2
7615211061561593094,宫格翻转, 🧩多屏,0.00,,7,1,effects2
7589185716748389638,拍立得圣诞树, 🧩多屏,0.00,,7,1,effects2
7589551582799351046,滑屏切换, 🧩多屏,0.00,,7,1,effects2
7576103985296248083,俯看大圆盘, 🧩多屏,0.00,,7,1,effects2
7582049532477771017,步步攀升, 🧩多屏,0.00,,7,1,effects2
7589237829859953926,右滑轮播, 🧩多屏,0.00,,7,1,effects2
7639026218582428953,心形照片, 🧩多屏,0.00,,7,1,effects2
7582049086971383091,层层降落, 🧩多屏,0.00,,7,1,effects2
7589174002900356393,多维旋转, 🧩多屏,0.00,,7,1,effects2
7588121731735260479,回忆重组, 🧩多屏,0.00,,7,1,effects2
7616277637434068243,卡片穿梭, 🧩多屏,0.00,,7,1,effects2
7603629365913586980,环形切换, 🧩多屏,0.00,,7,1,effects2
7663464618014280985,三屏切入, 🧩多屏,0.00,,7,1,effects2
7615184422198906131,环形轮播, 🧩多屏,0.00,,7,1,effects2
7651613313356352792,下落堆叠, 🧩多屏,0.00,,7,1,effects2
7589238387681316102,多屏载入, 🧩多屏,0.00,,7,1,effects2
7649376499291802905,蒙版翻页, 🧩多屏,0.00,,7,1,effects2
7587309177681251647,滑屏选择, 🧩多屏,0.00,,7,1,effects2
7587311859708038443,三维空间, 🧩多屏,0.00,,7,1,effects2
7399493860205808911,预警,🔊有声,0.00,,7,1,effects2
7399492985282465076,高光瞬间,🔊有声,0.00,,7,1,effects2
7399492040968408355,心跳 II,🔊有声,0.00,,7,1,effects2
7461823858744642827,哈哈镜,🔊有声,0.00,,7,1,effects2
7399491688659455284,飞速计算,🔊有声,0.00,,7,1,effects2
7399497426001825058,全息扫描,🔊有声,0.00,,7,1,effects2
7399493028517367040,点赞,🔊有声,0.00,,7,1,effects2
7399496846403472655,雨滴晕开,🔊有声,0.00,,7,1,effects2
7399493661039398159,彩虹闪屏,🔊有声,0.00,,7,1,effects2
7399497568465489186,裂开了,🔊有声,0.00,,7,1,effects2
7399491446618787112,回忆胶片,🔊有声,0.00,,7,1,effects2
7530897505647791385,像素升级,🔊有声,0.00,,7,1,effects2
7399496138497330447,乌鸦飞过,🔊有声,0.00,,7,1,effects2
7446764449010029066,烟花2025,🔊有声,0.00,,7,1,effects2
7399491372081859855,闪亮登场 II,🔊有声,0.00,,7,1,effects2
7399492904915389696,光谱扫描,🔊有声,0.00,,7,1,effects2
7448907790933824010,新年烟花 II,🔊有声,0.00,,7,1,effects2
7504877419514514713,保持童心,🔊有声,0.00,,7,1,effects2
7543136000726273304,湍流冲击,🔊有声,0.00,,7,1,effects2
7399495914760457472,凄凉,🔊有声,0.00,,7,1,effects2
7399495203779808552,电视关机,🔊有声,0.00,,7,1,effects2
7528622855219645720,对抗比赛,🔊有声,0.00,,7,1,effects2
7399496101104995584,渐渐放大,🔊有声,0.00,,7,1,effects2
7449596462645645874,烟火星河,🔊有声,0.00,,7,1,effects2
7399491820037655843,原地爆炸,🔊有声,0.00,,7,1,effects2
7399495327079779636,落樱,🔊有声,0.00,,7,1,effects2
7460347162241535244,大爆竹,🔊有声,0.00,,7,1,effects2
7395458239803968802,爱心气球,🔊有声,0.00,,7,1,effects2
7399494351249853731,胡言乱语,🔊有声,0.00,,7,1,effects2
7462349557247085887,恭喜发财 II,🔊有声,0.00,,7,1,effects2
7564740536003841307,星芒闪耀,🔊有声,0.00,,7,1,effects2
7399494409965817103,下雨,🔊有声,0.00,,7,1,effects2
7395457719794175266,仙尘闪闪,🔊有声,0.00,,7,1,effects2
7399497357248744739,中枪了,🔊有声,0.00,,7,1,effects2
7395458160309374242,爱心方块,🔊有声,0.00,,7,1,effects2
7408126306665172259,打击,🔊有声,0.00,,7,1,effects2
7399493113321934114,爆炸,🔊有声,0.00,,7,1,effects2
7399494138283953443,放映机,🔊有声,0.00,,7,1,effects2
7399495548555791616,星星闪烁,🔊有声,0.00,,7,1,effects2
7399492917020134671,大雪纷飞,🔊有声,0.00,,7,1,effects2
7395457611686251791,怦然心动,🔊有声,0.00,,7,1,effects2
7399494409965915407,冰霜,🔊有声,0.00,,7,1,effects2
7395457961163853108,金粉 III,🔊有声,0.00,,7,1,effects2
7399491780166634804,星星闪烁 III,🔊有声,0.00,,7,1,effects2
7399492095553113378,像素爱心,🔊有声,0.00,,7,1,effects2
7399495741246328104,波纹扭曲,🔊有声,0.00,,7,1,effects2
7399492307516525839,不对劲,🔊有声,0.00,,7,1,effects2
7399497325464325376,暗黑噪点,🔊有声,0.00,,7,1,effects2
7399493227625188643,闪耀星光,🔊有声,0.00,,7,1,effects2
7399496239387053352,咔嚓,🔊有声,0.00,,7,1,effects2
7399495579287424296,火光蔓延,🔊有声,0.00,,7,1,effects2
7395458146929511732,金粉闪闪,🔊有声,0.00,,7,1,effects2
7399493059374828840,闪电,🔊有声,0.00,,7,1,effects2
7395458185298988340,金粉撒落,🔊有声,0.00,,7,1,effects2
7399492032865013007,满屏问号,🔊有声,0.00,,7,1,effects2
7399495397216963840,颤抖,🔊有声,0.00,,7,1,effects2
7399496836219735331,福气满满,🔊有声,0.00,,7,1,effects2
7399491780166683956,冲刺 III,🔊有声,0.00,,7,1,effects2
7675270613644168498,胶片跳格,光,0.00,,7,1,effects2
7674826808461692170,目标锁定,光,0.00,,7,1,effects2
7399492147088592168,胶片漏光 II,光,0.00,,7,1,effects2
7651535568936897819,星芒闪烁,光,0.00,,7,1,effects2
7399493554915003648,边缘扫光,光,0.00,,7,1,effects2
7672301166172310808,幻彩流光,光,0.00,,7,1,effects2
7399495370637708584,胶片显影,光,0.00,,7,1,effects2
7399496534800207156,炫彩,光,0.00,,7,1,effects2
7662680677371907364,霓虹模糊,光,0.00,,7,1,effects2
7665701713835511102,舞台漫光,光,0.00,,7,1,effects2
7399494094050970920,胶片漏光,光,0.00,,7,1,effects2
7399494352759721268,暗夜彩虹III,光,0.00,,7,1,effects2
7680180012544363838,幻蓝光斑,光,0.00,,7,1,effects2
7595787950655294726,萤火流光,光,0.00,,7,1,effects2
7399494470212914484,霓虹光线,光,0.00,,7,1,effects2
7399495665652469032,蒸汽波,光,0.00,,7,1,effects2
7399495649709935906,彩虹光 II,光,0.00,,7,1,effects2
7667957386744761624,树影斑驳光,光,0.00,,7,1,effects2
7595788135808765226,星光闪烁,光,0.00,,7,1,effects2
7665283789999852825,光栅浮尘,光,0.00,,7,1,effects2
7399494077831580968,光晕,光,0.00,,7,1,effects2
7399492435207900456,彩虹光晕,光,0.00,,7,1,effects2
7399493508018556200,光晕 II,光,0.00,,7,1,effects2
7399491788832083200,天使光,光,0.00,,7,1,effects2
7664884905960017178,金粒飘散,光,0.00,,7,1,effects2
7579469951950523675,光影轻扫,光,0.00,,7,1,effects2
7444470107004211763,金色辉光,光,0.00,,7,1,effects2
7399493247334223144,钻光,光,0.00,,7,1,effects2
7399496140493802787,圣诞光斑,光,0.00,,7,1,effects2
7667081814342634777,梦幻萤光,光,0.00,,7,1,effects2
7564740779034397961,幻彩光斑,光,0.00,,7,1,effects2
7399493451953261839,彩色流光 I,光,0.00,,7,1,effects2
7399497143376940303,暗夜彩虹 II,光,0.00,,7,1,effects2
7399492418606828815,丁达尔光线,光,0.00,,7,1,effects2
7399493332851871010,彩虹光,光,0.00,,7,1,effects2
7399493897488977186,逆光对焦,光,0.00,,7,1,effects2
7675343332800744713,光束扫描,光,0.00,,7,1,effects2
7639396787169529113,光柱扫描,光,0.00,,7,1,effects2
7399495569120447759,发光,光,0.00,,7,1,effects2
7399491814786354484,流动烟雾,光,0.00,,7,1,effects2
7679105464742890777,蓝橙光束,光,0.00,,7,1,effects2
7675336373062094114,霓流漫卷,光,0.00,,7,1,effects2
7399492856970284322,暗夜彩虹,光,0.00,,7,1,effects2
7399496814732348672,闪动光斑,光,0.00,,7,1,effects2
7669709301883342105,激光射线,光,0.00,,7,1,effects2
7654114041404673321,流光幻梦,光,0.00,,7,1,effects2
7674827353565990153,荧屏波动,光,0.00,,7,1,effects2
7399494268005518626,蓝光扫描,光,0.00,,7,1,effects2
7687556136156892478,光束展开,光,0.00,,7,1,effects2
7666923465294761241,彩光飘动,光,0.00,,7,1,effects2
7565738945858850058,光棱散射,光,0.00,,7,1,effects2
7414307796793003304,双重辉光,光,0.00,,7,1,effects2
7649339992061316415,黑影旋动,光,0.00,,7,1,effects2
7667765246496591129,五彩光斑,光,0.00,,7,1,effects2
7617002082075184446,爱心放射,光,0.00,,7,1,effects2
7399493298437623074,珠光碎闪,光,0.00,,7,1,effects2
7399494846475472168,光线拖影,光,0.00,,7,1,effects2
7564741013835664650,金光散射,光,0.00,,7,1,effects2
7688640871851511102,螺旋光线,光,0.00,,7,1,effects2
7670929670606671129,五彩氛围光,光,0.00,,7,1,effects2
7654887025002417470,彩色激光,光,0.00,,7,1,effects2
7664885155516910898,霓虹故障,光,0.00,,7,1,effects2
7658245068985322762,霓虹脉冲,光,0.00,,7,1,effects2
7670442740009684248,双子星旋光,光,0.00,,7,1,effects2
7600700550744755462,琉璃折射,光,0.00,,7,1,effects2
7399493609952677160,紫光夜,光,0.00,,7,1,effects2
7658197985414630718,横竖扫光,光,0.00,,7,1,effects2
7676029695015521586,脉冲爆闪,光,0.00,,7,1,effects2
7582534298528468270,心率轨迹,光,0.00,,7,1,effects2
7666044330959752472,舞台浮光,光,0.00,,7,1,effects2
7579464383336566066,蓝光四射,光,0.00,,7,1,effects2
7585399605760675123,烈焰扩张,光,0.00,,7,1,effects2
7658246309798776102,霓虹汇聚,光,0.00,,7,1,effects2
7611880126476995902,星星光芒,光,0.00,,7,1,effects2
7577222373267541286,铁花飞扬,光,0.00,,7,1,effects2
7399494973386706216,虹光旋入,光,0.00,,7,1,effects2
7395413143939304744,精致辉光,光,0.00,,7,1,effects2
7564741733867605275,金色星辉,光,0.00,,7,1,effects2
7399494953023425827,彩色电光,光,0.00,,7,1,effects2
7399492081338584360,炫光变焦,光,0.00,,7,1,effects2
7399496478298754339,彩色流光 II,光,0.00,,7,1,effects2
7650430193898900798,白色漏光,光,0.00,,7,1,effects2
7581434656197741849,梦幻漏光,光,0.00,,7,1,effects2
7600703012868312339,荧光灯海,光,0.00,,7,1,effects2
7647753183485332790,霓虹脉冲Ⅱ ,光,0.00,,7,1,effects2
7399496315962494248,辉光,光,0.00,,7,1,effects2
7672697830812732722,漏光闪白,光,0.00,,7,1,effects2
7399495216064892200,彩色像素,光,0.00,,7,1,effects2
7658245195309337902,焦散闪光,光,0.00,,7,1,effects2
7579464558268517682,蓝纹脉冲,光,0.00,,7,1,effects2
7663713231067745598,四角光晕,光,0.00,,7,1,effects2
7665287107895889214,随机光斑,光,0.00,,7,1,effects2
7674827013449878830,光影流转,光,0.00,,7,1,effects2
7669761531965558078,丁达尔光束,光,0.00,,7,1,effects2
7672698295411674378,霓虹冲击,光,0.00,,7,1,effects2
7564741276608957722,流云之光,光,0.00,,7,1,effects2
7445196904868090419,绚丽光斑,光,0.00,,7,1,effects2
7672313756458126616,节奏光斑,光,0.00,,7,1,effects2
7399497075513249059,泛光扫描,光,0.00,,7,1,effects2
7675991137609436431,科技扫光,光,0.00,,7,1,effects2
7678306668366777625,闪光波点,光,0.00,,7,1,effects2
7648984306555227454,高光扫过,光,0.00,,7,1,effects2
7565732951716089098,光斑冲屏,光,0.00,,7,1,effects2
7690925150203579673,四角光束,光,0.00,,7,1,effects2
7665911549042806041,幻彩光束,光,0.00,,7,1,effects2
7620396403314953497,赛博光波,光,0.00,,7,1,effects2
7657469823424761142,辐轮光展,光,0.00,,7,1,effects2
7594391694263520566,流萤光点,光,0.00,,7,1,effects2
7664885543020334362,霓虹频闪,光,0.00,,7,1,effects2
7399493990212586792,像素扫描,光,0.00,,7,1,effects2
7664885832758742322,扭转震荡,光,0.00,,7,1,effects2
7399491214329859363,彩色流光 III,光,0.00,,7,1,effects2
7666032151833546008,婆娑光斑,光,0.00,,7,1,effects2
7664885206318419210,霓虹光栅,光,0.00,,7,1,effects2
7399497070677134632,彩虹棱镜,光,0.00,,7,1,effects2
7661090706454318360,彩虹棱镜Ⅱ,光,0.00,,7,1,effects2
7672698178524794139,炫彩律动,光,0.00,,7,1,effects2
7647803790527171859,光条横扫,光,0.00,,7,1,effects2
7576489903127661874,紫光开屏,光,0.00,,7,1,effects2
7665843365002530073,彩光方块,光,0.00,,7,1,effects2
7680159534907772222,矩阵光斑,光,0.00,,7,1,effects2
7676115495443156248,浮光频闪,光,0.00,,7,1,effects2
7677939780604153112,柔光微洒,光,0.00,,7,1,effects2
7669697709837962520,粒子光效,光,0.00,,7,1,effects2
7574721522368073006,水光泛影,光,0.00,,7,1,effects2
7672411755536239896,光斑坠落,光,0.00,,7,1,effects2
7399492879455948067,水光影,光,0.00,,7,1,effects2
7598081680364031275,流光轻扫,光,0.00,,7,1,effects2
7579137735370345774,浮光掠影,光,0.00,,7,1,effects2
7547224609079168280,四色渐变,光,0.00,,7,1,effects2
7399491546229394703,金边闪烁,光,0.00,,7,1,effects2
7633726849016761606,粒子漂浮,光,0.00,,7,1,effects2
7679353912712776984,镜头光晕,光,0.00,,7,1,effects2
7665670885587832089,矩阵光序,光,0.00,,7,1,effects2
7654114188490591524,霓虹星闪,光,0.00,,7,1,effects2
7665681095853100313,柔光扫描,光,0.00,,7,1,effects2
7678279010303888664,霓虹光锥,光,0.00,,7,1,effects2
7664885985200622898,涟漪故障,光,0.00,,7,1,effects2
7663471055658536217,丁达尔闪光,光,0.00,,7,1,effects2
7664885615653113097,霓虹滑动,光,0.00,,7,1,effects2
7399496896391171343,数字矩阵,光,0.00,,7,1,effects2
7678318914383842622,散景光斑,光,0.00,,7,1,effects2
7674826902774746406,流光冲击,光,0.00,,7,1,effects2
7662681860689956159,星芒闪烁,光,0.00,,7,1,effects2
7665311489607240985,边缘流光,光,0.00,,7,1,effects2
7672698094697483546,炫彩律动,光,0.00,,7,1,effects2
7399497406615653632,线光变速,光,0.00,,7,1,effects2
7664885302753791283,层波律动,光,0.00,,7,1,effects2
7657203797344898329,雷达光圈,光,0.00,,7,1,effects2
7564741522659216690,星雨流光,光,0.00,,7,1,effects2
7399494131300453666,幻动光斑,光,0.00,,7,1,effects2
7670073567639375128,绿色激光束,光,0.00,,7,1,effects2
7654112753656827178,光棱折射,光,0.00,,7,1,effects2
7540867282524851518,方框扫光,光,0.00,,7,1,effects2
7600701310329015594,粉色光斑,光,0.00,,7,1,effects2
7657916446181297470,流光边缘,光,0.00,,7,1,effects2
7645228047959887129,彩虹流光,光,0.00,,7,1,effects2
7399494800715599144,彩光频闪,光,0.00,,7,1,effects2
7667883487554276633,灯塔光束,光,0.00,,7,1,effects2
7399493362052631808,横向闪光,光,0.00,,7,1,effects2
7399493147560054016,丁达尔旋焦,光,0.00,,7,1,effects2
7667524082367434008,心形残留,爱心,0.00,,7,1,effects2
7579150193073851694,爱心下落,爱心,0.00,,7,1,effects2
7395457061477190946,复古甜心,爱心,0.00,,7,1,effects2
7395458192953609507,爱心缤纷 II,爱心,0.00,,7,1,effects2
7395457737641053440,爱心软糖,爱心,0.00,,7,1,effects2
7668630303845453083,凌空爱心,爱心,0.00,,7,1,effects2
7672270683870792985,心形层压板,爱心,0.00,,7,1,effects2
7395457862178262312,爱心暗角,爱心,0.00,,7,1,effects2
7603699098541100313,爱意浓浓,爱心,0.00,,7,1,effects2
7565736911646494003,爱心洒落,爱心,0.00,,7,1,effects2
7579900720875310386,爱心泡泡,爱心,0.00,,7,1,effects2
7395457619906940212,彩虹爱心,爱心,0.00,,7,1,effects2
7548717726487907646,蝴蝶爱心,爱心,0.00,,7,1,effects2
7654071253971537176,霓虹爱心,爱心,0.00,,7,1,effects2
7395457916112866595,爱心跳动,爱心,0.00,,7,1,effects2
7615567354658884889,绿色心情,爱心,0.00,,7,1,effects2
7447067834632376869,心花怒放III,爱心,0.00,,7,1,effects2
7395457103403535651,漂浮爱心,爱心,0.00,,7,1,effects2
7395458098988616994,甜心投影,爱心,0.00,,7,1,effects2
7395457510024531252,荧光爱心,爱心,0.00,,7,1,effects2
7639667884163108120,桃粉爱心,爱心,0.00,,7,1,effects2
7602483318160084248,果冻爱心,爱心,0.00,,7,1,effects2
7395457598046227752,爱心爆炸,爱心,0.00,,7,1,effects2
7395458229146357007,少女心事,爱心,0.00,,7,1,effects2
7646328682814115134,LOVE飘落,爱心,0.00,,7,1,effects2
7678289714754948414,烟花坠落,爱心,0.00,,7,1,effects2
7395457964703747368,爱心啵啵,爱心,0.00,,7,1,effects2
7602211125903576356,水之爱语,爱心,0.00,,7,1,effects2
7639748440804576536,爱心爆炸II,爱心,0.00,,7,1,effects2
7537204421466279192,闪碎爱心,爱心,0.00,,7,1,effects2
7395458366694231348,爱心闪烁,爱心,0.00,,7,1,effects2
7666015429554572569,心形光斑,爱心,0.00,,7,1,effects2
7395457180226407720,像素爱心,爱心,0.00,,7,1,effects2
7497805331439996185,心动升腾,爱心,0.00,,7,1,effects2
7395457984454790400,爱心缤纷,爱心,0.00,,7,1,effects2
7395457991954205987,加载甜蜜,爱心,0.00,,7,1,effects2
7579610434563509523,心形花火,爱心,0.00,,7,1,effects2
7504863070297050430,爱心漂浮,爱心,0.00,,7,1,effects2
7395458156052090112,爱心泡泡,爱心,0.00,,7,1,effects2
7395457761280101667,爱心bling,爱心,0.00,,7,1,effects2
7395457854288710927,雪花冲屏,爱心,0.00,,7,1,effects2
7395457909334756608,爱心射线,爱心,0.00,,7,1,effects2
7395457826556103971,爱心光斑 II,爱心,0.00,,7,1,effects2
7395457817450171648,爱心光波,爱心,0.00,,7,1,effects2
7395458459375783220,白色爱心,爱心,0.00,,7,1,effects2
7532040006995627302,波纹震颤,🎵音频,0.00,,7,1,effects2
7486790202485214527,基础频谱,🎵音频,0.00,,7,1,effects2
7537966827926719770,数据追踪,🎵音频,0.00,,7,1,effects2
7565871523731377418,七色声波,🎵音频,0.00,,7,1,effects2
7549133332496370982,卡点运镜,🎵音频,0.00,,7,1,effects2
7605183646399548723,卡点变速,🎵音频,0.00,,7,1,effects2
7535802808310729993,卡点泛光,🎵音频,0.00,,7,1,effects2
7542788294082317595,裂缝频谱,🎵音频,0.00,,7,1,effects2
7620651597416205578,卡点抖动,🎵音频,0.00,,7,1,effects2
7569538759075646729,时间码,🎵音频,0.00,,7,1,effects2
7486100794744327478,频谱播放器,🎵音频,0.00,,7,1,effects2
7519835457933380902,边框频谱,🎵音频,0.00,,7,1,effects2
7588105509572463910,新春记忆,🎵音频,0.00,,7,1,effects2
7565871216666381595,线彩跃动,🎵音频,0.00,,7,1,effects2
7533162049044516105,虹幕穿梭,🎵音频,0.00,,7,1,effects2
7626290519424978186,音频粒子,🎵音频,0.00,,7,1,effects2
7576919825683959050,卡点明暗,🎵音频,0.00,,7,1,effects2
7517607709366160667,黑胶唱片,🎵音频,0.00,,7,1,effects2
7504569712768978227,简约线条,🎵音频,0.00,,7,1,effects2
7630759106772602163,彩点错位,🎵音频,0.00,,7,1,effects2
7620275300651273510,卡点故障,🎵音频,0.00,,7,1,effects2
7485662889647328521,滤镜卡点,🎵音频,0.00,,7,1,effects2
7548360466028924170,卡点涟漪,🎵音频,0.00,,7,1,effects2
7509727066334579994,环形频谱,🎵音频,0.00,,7,1,effects2
7515364921492770058,音频水球,🎵音频,0.00,,7,1,effects2
7485658812272233738,卡点放大,🎵音频,0.00,,7,1,effects2
7477483456537070867,方格放大,🎵音频,0.00,,7,1,effects2
7568825032756006153,时间轴,🎵音频,0.00,,7,1,effects2
7486109383072419084,炫光音浪,🎵音频,0.00,,7,1,effects2
7584365457092676902,虚镜回忆,🎵音频,0.00,,7,1,effects2
7547619167847943470,灵动频谱,🎵音频,0.00,,7,1,effects2
7485672029006482698,弯曲故障,🎵音频,0.00,,7,1,effects2
7515283922054384947,简约小卡,🎵音频,0.00,,7,1,effects2
7486096294453251391,热成像,🎵音频,0.00,,7,1,effects2
7614049167790378286,卡点震影,🎵音频,0.00,,7,1,effects2
7493752984828923162,光流,🎵音频,0.00,,7,1,effects2
7620650876411153710,卡点黑白,🎵音频,0.00,,7,1,effects2
7488191630780960039,跳动的心,🎵音频,0.00,,7,1,effects2
7509322071277587731,钻石闪闪,创意AI,0.00,,47,1,effects2
7297139174027562266,漫画写真,创意AI,0.00,,47,1,effects2
7297139174027595034,萌漫,创意AI,0.00,,47,1,effects2
7297123360662752538,港漫,创意AI,0.00,,47,1,effects2
7297139174027627802,日漫,创意AI,0.00,,47,1,effects2
7296867041879821619,日系,创意AI,0.00,,47,1,effects2
7296867041879903539,猫系,创意AI,0.00,,47,1,effects2
7296867041879936307,胖胖,创意AI,0.00,,47,1,effects2
7297123360662703386,万物分割,创意AI,0.00,,47,1,effects2
7297123360662654234,魔法换天Ⅰ,创意AI,0.00,,47,1,effects2
7297123360662670618,魔法换天II,创意AI,0.00,,47,1,effects2
7297123360662687002,油画玩法,创意AI,0.00,,47,1,effects2
7561366637987810569,裸眼3D,运镜,0.00,,47,1,effects2
7295676374377909530,立体相册,运镜,0.00,,47,1,effects2
7293813826296761626,古风穿越,运镜,0.00,,47,1,effects2
7295719072551931186,时空穿越,运镜,0.00,,47,1,effects2
7295719072551996722,漫画,运镜,0.00,,47,1,effects2
7296802940608646409,无限穿越,运镜,0.00,,47,1,effects2
7296867041879788851,赛博未来,运镜,0.00,,47,1,effects2
7296802940608679177,英雄,运镜,0.00,,47,1,effects2
7296802940608695561,花火大会,运镜,0.00,,47,1,effects2
7296802940608711945,Doll,运镜,0.00,,47,1,effects2
7297156389036657947,3D照片,运镜,0.00,,47,1,effects2
7297156389036674331,摇摆运镜,运镜,0.00,,47,1,effects2
7297156389036641563,3D运镜,运镜,0.00,,47,1,effects2
7297139174027660570,丝滑变速,运镜,0.00,,47,1,effects2
7399496492052008227,雾镜 I,自然,0.00,,7,1,effects2
7399496495877213455,大雪纷飞 II,自然,0.00,,7,1,effects2
7611387137380011326,柳树飘飘,自然,0.00,,7,1,effects2
7399494404538486050,破冰,自然,0.00,,7,1,effects2
7399492665773018368,花瓣飘落,自然,0.00,,7,1,effects2
7399495658169732392,雨季 I,自然,0.00,,7,1,effects2
7399493021605039412,初雪 I,自然,0.00,,7,1,effects2
7496779956345654552,细雨,自然,0.00,,7,1,effects2
7399493484094262563,雪雾,自然,0.00,,7,1,effects2
7675379100529200438,火星飞溅,自然,0.00,,7,1,effects2
7399492335748418816,花瓣飞扬,自然,0.00,,7,1,effects2
7399496944738979106,飘落花瓣,自然,0.00,,7,1,effects2
7667057283729247512,大雪飘零,自然,0.00,,7,1,effects2
7526852620884020505,流星坠落,自然,0.00,,7,1,effects2
7399495457686244643,雪花,自然,0.00,,7,1,effects2
7664604411229932862,蒲公英飘散,自然,0.00,,7,1,effects2
7399491102975348008,银杏飘落,自然,0.00,,7,1,effects2
7585399168877874482,火焰燃烧,自然,0.00,,7,1,effects2
7399491212283104527,冰霜 II,自然,0.00,,7,1,effects2
7399493128270466304,飘雪,自然,0.00,,7,1,effects2
7399497006030327074,雾镜 II,自然,0.00,,7,1,effects2
7399492393411595554,孔明灯 II,自然,0.00,,7,1,effects2
7399496914581884160,飘雪 II,自然,0.00,,7,1,effects2
7663422191069039897,柔波荡漾,自然,0.00,,7,1,effects2
7577222055465078025,彩虹升起,自然,0.00,,7,1,effects2
7399491603154357519,迷雾,自然,0.00,,7,1,effects2
7399496763062652212,水滴滚动,自然,0.00,,7,1,effects2
7597370665112685848,云雾消散,自然,0.00,,7,1,effects2
7671244529378299198,水波脉冲,自然,0.00,,7,1,effects2
7675542322599234822,冰冻融化,自然,0.00,,7,1,effects2
7669691613764914494,水波湍流,自然,0.00,,7,1,effects2
7399495720107052328,雪花光斑,自然,0.00,,7,1,effects2
7399492095548919055,玫瑰花瓣,自然,0.00,,7,1,effects2
7399497406615719168,落叶,自然,0.00,,7,1,effects2
7511637376448351550,爆炸火焰,自然,0.00,,7,1,effects2
7586889013919878450,花蕊绽落,自然,0.00,,7,1,effects2
7399492826318261544,水墨晕染,自然,0.00,,7,1,effects2
7579150393800772873,樱花雨,自然,0.00,,7,1,effects2
7444470107000017435,金色雪花,自然,0.00,,7,1,effects2
7451879925545439795,金鱼漂浮,自然,0.00,,7,1,effects2
7405160441065819427,雨滴,自然,0.00,,7,1,effects2
7434055685576331786,下雨涟漪,自然,0.00,,7,1,effects2
7399496662609136896,雾气光线,自然,0.00,,7,1,effects2
7399497075601182004,浓雾,自然,0.00,,7,1,effects2
7579463313495493915,火焰升腾,自然,0.00,,7,1,effects2
7674966184936213822,雨雪交加,自然,0.00,,7,1,effects2
7399492643417279779,落叶 II,自然,0.00,,7,1,effects2
7399492294027595042,彩色珠滴,自然,0.00,,7,1,effects2
7571282858669706521,飘雪定格,自然,0.00,,7,1,effects2
7565737773424971018,星光下坠,自然,0.00,,7,1,effects2
7399492162762689827,大雪,自然,0.00,,7,1,effects2
7399494554891717928,孔明灯,自然,0.00,,7,1,effects2
7399492338592042255,雨季 II,自然,0.00,,7,1,effects2
7447371185806905865,水雾消散,自然,0.00,,7,1,effects2
7399497187522039040,火光,自然,0.00,,7,1,effects2
7399492889983667496,星空,自然,0.00,,7,1,effects2
7615184210608917814,水波扩散,自然,0.00,,7,1,effects2
7544109859441052990,枫叶飘落,自然,0.00,,7,1,effects2
7647801333486996742,水墨浸入,自然,0.00,,7,1,effects2
7399497075513101603,晴天光线,自然,0.00,,7,1,effects2
7569164510464904499,白色仲夏夜,自然,0.00,,7,1,effects2
7655267197870378302,波光水面,自然,0.00,,7,1,effects2
7665933552458026291,雨点粼粼,自然,0.00,,7,1,effects2
7399497074204593448,水滴模糊,自然,0.00,,7,1,effects2
7399491568438234403,粉雪,自然,0.00,,7,1,effects2
7414307601850142004,雨滴2,自然,0.00,,7,1,effects2
7522673845128514840,仰拍雏菊,自然,0.00,,7,1,effects2
7399493895765101864,雪窗,自然,0.00,,7,1,effects2
7399494759670140195,梵高背景,自然,0.00,,7,1,effects2
7669703214006291737,节奏涟漪,自然,0.00,,7,1,effects2
7399495064143121716,雾气 II,自然,0.00,,7,1,effects2
7399494213735402787,雾气,自然,0.00,,7,1,effects2
7572400532837403929, 彩色闪粉,金粉,0.00,,7,1,effects2
7460358400447122699,金蛇贺岁,金粉,0.00,,7,1,effects2
7551358366015114558,金粉流动,金粉,0.00,,7,1,effects2
7395457886899424547,金粉聚拢,金粉,0.00,,7,1,effects2
7395457936065072399,亮片,金粉,0.00,,7,1,effects2
7395457975969647924,魔法变身,金粉,0.00,,7,1,effects2
7672697298811440410,霓虹放射,金粉,0.00,,7,1,effects2
7544251608045980953,金粉冲屏,金粉,0.00,,7,1,effects2
7395457633198542132,金粉 II,金粉,0.00,,7,1,effects2
7663400313503714585,金沙描摹,金粉,0.00,,7,1,effects2
7584347164520860952,亮片礼炮,金粉,0.00,,7,1,effects2
7545792200630619417,财运降临,金粉,0.00,,7,1,effects2
7395457613569314048,粉色闪粉,金粉,0.00,,7,1,effects2
7395457459684511010,神龙纳福,金粉,0.00,,7,1,effects2
7584013382873779481,鸿运金粉,金粉,0.00,,7,1,effects2
7395457697618857216,仙女变身 II,金粉,0.00,,7,1,effects2
7395457383465618728,金片 II,金粉,0.00,,7,1,effects2
7444407996911718949,贴身粒子,金粉,0.00,,7,1,effects2
7640854894311787801,金色泡泡,金粉,0.00,,7,1,effects2
7617855376977038654,金粉回忆,金粉,0.00,,7,1,effects2
7395457728996527412,金粉,金粉,0.00,,7,1,effects2
7395458046043983156,精灵闪粉,金粉,0.00,,7,1,effects2
7395457793504906536,冲屏闪粉,金粉,0.00,,7,1,effects2
7395457680900492584,烟花 III,金粉,0.00,,7,1,effects2
7395457806553369856,仙女变身,金粉,0.00,,7,1,effects2
7395457287621479714,倒计时 II,金粉,0.00,,7,1,effects2
7395457810722458932,金粉旋转,金粉,0.00,,7,1,effects2
7395457639464914211,飘落闪粉,金粉,0.00,,7,1,effects2
7395457093978967296,金片炸开,金粉,0.00,,7,1,effects2
7395458110120398120,飘落闪粉 II,金粉,0.00,,7,1,effects2
7628160694487354648,交错矩形,复古,0.00,,7,1,effects2
7664910974536715582,节奏雪花屏,复古,0.00,,7,1,effects2
7399491473835625780,曝光,复古,0.00,,7,1,effects2
7399495124788530447,色差默片,复古,0.00,,7,1,effects2
7586889523221597467,噪波叠影,复古,0.00,,7,1,effects2
7658243824300444978,波形故障,复古,0.00,,7,1,effects2
7399494697829322019,胶片框 II,复古,0.00,,7,1,effects2
7399492920493100323,复古发光,复古,0.00,,7,1,effects2
7613318601260453174,电视扫描,复古,0.00,,7,1,effects2
7680077914049645848,全息故障,复古,0.00,,7,1,effects2
7399494409978400040,色差故障,复古,0.00,,7,1,effects2
7399495847752240399,反转片 I,复古,0.00,,7,1,effects2
7657468522569715007,故障跳闪,复古,0.00,,7,1,effects2
7435897594070438451,漫画负片,复古,0.00,,7,1,effects2
7586889900956470538,信号噪影,复古,0.00,,7,1,effects2
7399495220204817716,电视开机,复古,0.00,,7,1,effects2
7399490719808851240,色差放射,复古,0.00,,7,1,effects2
7399497058752793896,复古频闪,复古,0.00,,7,1,effects2
7399496519319145768,红边模糊,复古,0.00,,7,1,effects2
7629274860342201610,横向彩条,复古,0.00,,7,1,effects2
7399492593513499919,强锐化,复古,0.00,,7,1,effects2
7399492456498138368,像素纹理,复古,0.00,,7,1,effects2
7658243753651555635,霓虹故障,复古,0.00,,7,1,effects2
7399492200188464418,胶片框 III,复古,0.00,,7,1,effects2
7654113079139028265,复古取景,复古,0.00,,7,1,effects2
7675546979849489716,光纹腐蚀,复古,0.00,,7,1,effects2
7399491716459269391,电视彩虹屏,复古,0.00,,7,1,effects2
7399495699882102031,胶片抖动,复古,0.00,,7,1,effects2
7602833804654529817,旧录像带,复古,0.00,,7,1,effects2
7665344216943365400,八零故事感,复古,0.00,,7,1,effects2
7665933057928596745,几何色差,复古,0.00,,7,1,effects2
7399494077831466280,荧幕噪点,复古,0.00,,7,1,effects2
7399492136535641384,复古多格,复古,0.00,,7,1,effects2
7573606464007179544,彩色梦核,复古,0.00,,7,1,effects2
7678292806808587545,雪花干扰,复古,0.00,,7,1,effects2
7399495990249655552,黑白胶片,复古,0.00,,7,1,effects2
7399497233491676431,放映机卡顿,复古,0.00,,7,1,effects2
7399491489581092130,放映滚动,复古,0.00,,7,1,effects2
7629276974027902218,胶片噪点,复古,0.00,,7,1,effects2
7399494638123388212,CD,复古,0.00,,7,1,effects2
7399493112273325327,电视纹理,复古,0.00,,7,1,effects2
7399493760104631567,老电视卡顿,复古,0.00,,7,1,effects2
7414307675946700072,撕纸定格,复古,0.00,,7,1,effects2
7399495216064957748,发光HDR,复古,0.00,,7,1,effects2
7425529107548475955,噪点屏闪,复古,0.00,,7,1,effects2
7399494177538575656,录制框,复古,0.00,,7,1,effects2
7399496426171977012,1998,复古,0.00,,7,1,effects2
7677899585750060313,彩色故障,复古,0.00,,7,1,effects2
7414307754447228200,铅笔涂鸦,复古,0.00,,7,1,effects2
7663701147139607870,晕眩波纹,复古,0.00,,7,1,effects2
7399495906657127720,雪花故障,复古,0.00,,7,1,effects2
7399492434700422434,90s画质,复古,0.00,,7,1,effects2
7535019075085339928,信封打开,复古,0.00,,7,1,effects2
7399495213309381940,胶片V,复古,0.00,,7,1,effects2
7631877285120937257,复古录像,复古,0.00,,7,1,effects2
7399492019673894159,电影刮花,复古,0.00,,7,1,effects2
7399497233491561743,黑线故障,复古,0.00,,7,1,effects2
7657073563265961241,彩粒色散,复古,0.00,,7,1,effects2
7657464486747475243,复古拖影,复古,0.00,,7,1,effects2
7645223058168368420,数据混乱,复古,0.00,,7,1,effects2
7399496068448193844,胶片 IV,复古,0.00,,7,1,effects2
7414307515938213155,复古电视,复古,0.00,,7,1,effects2
7447044440859873802,复古电视机,复古,0.00,,7,1,effects2
7399491676613381376,故障,复古,0.00,,7,1,effects2
7679292713354661182,波纹故障,复古,0.00,,7,1,effects2
7399494798110903592,反转片 II,复古,0.00,,7,1,effects2
7631749057509313817,复古电视Ⅲ,复古,0.00,,7,1,effects2
7399497357252906255,失焦,复古,0.00,,7,1,effects2
7399495295161158964,电子屏,复古,0.00,,7,1,effects2
7673336325726047550,条纹干扰,复古,0.00,,7,1,effects2
7629276161310330163,胶片频闪,复古,0.00,,7,1,effects2
7667608957288140057,老旧雪花屏,复古,0.00,,7,1,effects2
7399497284783721763,放映机抖动,复古,0.00,,7,1,effects2
7399496386753908020,窗格,复古,0.00,,7,1,effects2
7649332238617824555,棱镜闪黑,复古,0.00,,7,1,effects2
7667599542287797566,噪点抽帧,复古,0.00,,7,1,effects2
7673361343415717172,负片屏闪,复古,0.00,,7,1,effects2
7399497712636267811,哈苏胶片,复古,0.00,,7,1,effects2
7399494656343477556,隔行扫描,复古,0.00,,7,1,effects2
7589917775813184830,迎接2026,复古,0.00,,7,1,effects2
7657588589408029976,暗角干扰,复古,0.00,,7,1,effects2
7399494582603369762,色差故障 II,复古,0.00,,7,1,effects2
7399495821818924303,唱片,复古,0.00,,7,1,effects2
7651535841533218098,横纹闪烁,复古,0.00,,7,1,effects2
7399492561687170339,海报描边,复古,0.00,,7,1,effects2
7399497357248843043,精细锐化,复古,0.00,,7,1,effects2
7399493540235005184,故障 II,复古,0.00,,7,1,effects2
7651129954414906649,频闪分离,复古,0.00,,7,1,effects2
7399496104166886671,浓郁彩噪,复古,0.00,,7,1,effects2
7646342600102006040,赛博故障,复古,0.00,,7,1,effects2
7399493622359428404,胶片连拍,复古,0.00,,7,1,effects2
7399497240496082176,胶片暖棕,复古,0.00,,7,1,effects2
7675269944392666395,霓虹故障,复古,0.00,,7,1,effects2
7399494818100989236,荧幕噪点 II,复古,0.00,,7,1,effects2
7399493746884201743,黑色噪点,复古,0.00,,7,1,effects2
7628167078364859673,故障移屏,复古,0.00,,7,1,effects2
7527844640356142360,复古鱼眼,复古,0.00,,7,1,effects2
7437386424036364827,胶片漏光III,复古,0.00,,7,1,effects2
7399496757664697635,胶片框,复古,0.00,,7,1,effects2
7633753909991017752,低像素风,复古,0.00,,7,1,effects2
7664884965619830062,胶片走片,复古,0.00,,7,1,effects2
7641524810228731198,像素错位,复古,0.00,,7,1,effects2
7399496007739903247,时光碎片,复古,0.00,,7,1,effects2
7626908010790784318,块状漂移,复古,0.00,,7,1,effects2
7655618278605262105,噪点颗粒,复古,0.00,,7,1,effects2
7399497680554134784,负片涂鸦,复古,0.00,,7,1,effects2
7638163981055610136,CRT显示器,复古,0.00,,7,1,effects2
7676068146134011160,色差错位,复古,0.00,,7,1,effects2
7657463269770153222,霓虹放射,复古,0.00,,7,1,effects2
7645222725421632811,故障屏闪,复古,0.00,,7,1,effects2
7654113621626211590,胶片掠影,复古,0.00,,7,1,effects2
7664885096264027418,同心波纹,复古,0.00,,7,1,effects2
7665294813473967385,噪点轻晃,复古,0.00,,7,1,effects2
7647788821278379270,脉冲过爆,复古,0.00,,7,1,effects2
7664885024801574171,故障重影,复古,0.00,,7,1,effects2
7662991193428528408,光栅扫描,复古,0.00,,7,1,effects2
7645691246219922713,竖条故障,复古,0.00,,7,1,effects2
7510142397133770008,故障干扰,复古,0.00,,7,1,effects2
7399496076962712866,撕纸特写,复古,0.00,,7,1,effects2
7439255870900277811,复古辉光,复古,0.00,,7,1,effects2
7399495516071021876,负片分屏,复古,0.00,,7,1,effects2
7629276798571859226,霓虹干扰,复古,0.00,,7,1,effects2
7417726471868781110,负片频闪 II,复古,0.00,,7,1,effects2
7416333380603613737,纸质抽帧,复古,0.00,,7,1,effects2
7672697755394952486,跳帧故障,复古,0.00,,7,1,effects2
7645671530684304702,彩线故障,复古,0.00,,7,1,effects2
7650455483693681982,赛博故障屏,复古,0.00,,7,1,effects2
7627566186355526974,多重故障,复古,0.00,,7,1,effects2
7399493655666396451,胶片闪切,复古,0.00,,7,1,effects2
7399476420268920116,像素故障,复古,0.00,,7,1,effects2
7436273714729062938,复古边框,复古,0.00,,7,1,effects2
7645651017211743513,彩色色块,复古,0.00,,7,1,effects2
7655988533618035993,早期回忆,复古,0.00,,7,1,effects2
7675329841016737066,光轨交错,复古,0.00,,7,1,effects2
7674826679788915977,胶片脉冲,复古,0.00,,7,1,effects2
7399495140777250063,分屏漏光,复古,0.00,,7,1,effects2
7447351620641231397,分区显色,复古,0.00,,7,1,effects2
7672697578550512942,横冲形变,复古,0.00,,7,1,effects2
7645542415251836184,色块闪烁,复古,0.00,,7,1,effects2
7676029669593943346,胶片漏光,复古,0.00,,7,1,effects2
7665934241594674470,故障抖动,复古,0.00,,7,1,effects2
7399493475546271028,霓虹闪切,复古,0.00,,7,1,effects2
7399491948022631720,超强锐化,复古,0.00,,7,1,effects2
7675011081382989081,复古文艺框,复古,0.00,,7,1,effects2
7629277239581871369,故障线体,复古,0.00,,7,1,effects2
7628201087215979838,故障噪点,复古,0.00,,7,1,effects2
7656082057927511321,绿轨干扰,复古,0.00,,7,1,effects2
7672698483446467866,显像故障,复古,0.00,,7,1,effects2
7647749122002292022,故障变焦,复古,0.00,,7,1,effects2
7399493081323621666,单色填充,复古,0.00,,7,1,effects2
7399492049726164258,相片定格,复古,0.00,,7,1,effects2
7399494621065137448,负片涂鸦 III,复古,0.00,,7,1,effects2
7679659300976921918,颗粒扫描,复古,0.00,,7,1,effects2
7645704886742437144,紫线故障,复古,0.00,,7,1,effects2
7647754046538796294,故障偏移,复古,0.00,,7,1,effects2
7658187460484058430,颗粒闪屏,复古,0.00,,7,1,effects2
7399492773583277346,90s,复古,0.00,,7,1,effects2
7425528929454133786,轻微故障,复古,0.00,,7,1,effects2
7425528614847779379,闪屏故障,复古,0.00,,7,1,effects2
7658244781679709491,胶片噪闪,复古,0.00,,7,1,effects2
7658246497833602331,监控故障,复古,0.00,,7,1,effects2
7675324932296805686,复古拓印,复古,0.00,,7,1,effects2
7639714278097997118,干扰信号,复古,0.00,,7,1,effects2
7399495380213304610,拍照定格,复古,0.00,,7,1,effects2
7672697388556979502,胶片脉冲,复古,0.00,,7,1,effects2
7577673094882479411,复古噪闪,复古,0.00,,7,1,effects2
7399494385966075136,负片涂鸦 II,复古,0.00,,7,1,effects2
7434412782285492746,负片描边,复古,0.00,,7,1,effects2
7665288691899796798,低像素抖动,复古,0.00,,7,1,effects2
7680078993772580120,全息故障,复古,0.00,,7,1,effects2
7645224030299098411,故障炫彩,复古,0.00,,7,1,effects2
7399494756830694656,慢门拖影,电影,0.00,,7,1,effects2
7675329700700458246,信号析离,电影,0.00,,7,1,effects2
7579469638455545134,昭和记忆,电影,0.00,,7,1,effects2
7399494158320291124,老电影,电影,0.00,,7,1,effects2
7399496187621002531,电影感,电影,0.00,,7,1,effects2
7579464180894321929,热成像II,电影,0.00,,7,1,effects2
7579463774315269422,焦点虚化,电影,0.00,,7,1,effects2
7399496670997744930,抽帧拖影,电影,0.00,,7,1,effects2
7399495734216641807,电影感画幅,电影,0.00,,7,1,effects2
7399493693457091892,老电影 II,电影,0.00,,7,1,effects2
7613317656854269225,情绪光谱,电影,0.00,,7,1,effects2
7399491227734904098,缤纷,Bling,0.00,,7,1,effects2
7642991507334696254,蓝色粒子,Bling,0.00,,7,1,effects2
7646361377971375385,星芒扩散,Bling,0.00,,7,1,effects2
7399496455771131170,模糊星光,Bling,0.00,,7,1,effects2
7399495502976388404,星辰 I,Bling,0.00,,7,1,effects2
7399493096301530408,复古闪闪,Bling,0.00,,7,1,effects2
7579898725879958809,金色圣诞树,Bling,0.00,,7,1,effects2
7399491273582857507,斑斓,Bling,0.00,,7,1,effects2
7399492805728537908,星星坠落,Bling,0.00,,7,1,effects2
7399497333844610338,泡泡光斑,Bling,0.00,,7,1,effects2
7399494485631192355,珠光Kira,Bling,0.00,,7,1,effects2
7468588088835575059,爱心细闪,Bling,0.00,,7,1,effects2
7399494705601432847,梦境 IV,Bling,0.00,,7,1,effects2
7399495628797021474,Bling飘落,Bling,0.00,,7,1,effects2
7399491428792962319,假日闪闪 Ⅱ,Bling,0.00,,7,1,effects2
7399492690905173263,法式浪漫,Bling,0.00,,7,1,effects2
7399494759670189347,自然 II,Bling,0.00,,7,1,effects2
7445177785401741850,圣诞Kira,Bling,0.00,,7,1,effects2
7399491123082841379,兔兔碎闪,Bling,0.00,,7,1,effects2
7399494011444137231,闪闪发光 II,Bling,0.00,,7,1,effects2
7399493871979203880,自然,Bling,0.00,,7,1,effects2
7446672733347254796,彩色碎闪,Bling,0.00,,7,1,effects2
7399495204010609955,闪光,Bling,0.00,,7,1,effects2
7399492572181269812,撒星星,Bling,0.00,,7,1,effects2
7504597955375140121,星星散开,Bling,0.00,,7,1,effects2
7399491603049516328,欧根纱II,Bling,0.00,,7,1,effects2
7399493264660827392,模糊星光 II,Bling,0.00,,7,1,effects2
7665254869774716184,金星上升,Bling,0.00,,7,1,effects2
7399491876904045858,细闪,Bling,0.00,,7,1,effects2
7399495074691730722,星光CCD,Bling,0.00,,7,1,effects2
7399494754162969896,少女星闪,Bling,0.00,,7,1,effects2
7399493007604763904,星移,Bling,0.00,,7,1,effects2
7399492306862165283,色差星闪,Bling,0.00,,7,1,effects2
7399496036839918848,闪亮登场,Bling,0.00,,7,1,effects2
7399493434035227944,梦境 III,Bling,0.00,,7,1,effects2
7399492023935388968,星光闪闪,Bling,0.00,,7,1,effects2
7399496510477454592,彩钻,Bling,0.00,,7,1,effects2
7399496614194187554,星光闪耀,Bling,0.00,,7,1,effects2
7399494669874318644,糖果纸,Bling,0.00,,7,1,effects2
7399492057267539234,星光 II,Bling,0.00,,7,1,effects2
7399492036438527284,星星闪烁 II,Bling,0.00,,7,1,effects2
7399493013967244559,欧根纱,Bling,0.00,,7,1,effects2
7399494440395558179,美式,Bling,0.00,,7,1,effects2
7399491849209072930,星辰 III,Bling,0.00,,7,1,effects2
7399494557018115343,星光,Bling,0.00,,7,1,effects2
7399493293098192128,梦境 II,Bling,0.00,,7,1,effects2
7399492388223274240,星辰,Bling,0.00,,7,1,effects2
7399493313956531490,美式 V,Bling,0.00,,7,1,effects2
7399495930392661283,自然 IV,Bling,0.00,,7,1,effects2
7399495180111465763,美式 II,Bling,0.00,,7,1,effects2
7399490971446136098,自然 V,Bling,0.00,,7,1,effects2
7399494893292326184,圣诞星光,Bling,0.00,,7,1,effects2
7399494158320176436,复古碎钻,Bling,0.00,,7,1,effects2
7399493592466705698,自然 III,Bling,0.00,,7,1,effects2
7399495203779923240,细闪 II,Bling,0.00,,7,1,effects2
7399491885368184104,星辰 II,Bling,0.00,,7,1,effects2
7399492140297899264,闪闪,Bling,0.00,,7,1,effects2
7399496132872654114,美式 IV,Bling,0.00,,7,1,effects2
7399493353294925091,梦境,Bling,0.00,,7,1,effects2
7399495058015276340,星夜,Bling,0.00,,7,1,effects2
7546532297961524526,波浪分屏,扭曲,0.00,,7,1,effects2
7478967551846927635,大眼马赛克,扭曲,0.00,,7,1,effects2
7680078025303772440,胶片拖影,扭曲,0.00,,7,1,effects2
7399492019674008847,荡漾 II,扭曲,0.00,,7,1,effects2
7399493843105664308,盗梦空间,扭曲,0.00,,7,1,effects2
7676343392921455934,交错阈断,扭曲,0.00,,7,1,effects2
7665933995259038986,DNA穿越,扭曲,0.00,,7,1,effects2
7514323764734299454,空间扭曲,扭曲,0.00,,7,1,effects2
7399497502606527759,左右摇晃,扭曲,0.00,,7,1,effects2
7663490919890488600,水下波纹,扭曲,0.00,,7,1,effects2
7399492729551555840,迷幻荡漾,扭曲,0.00,,7,1,effects2
7429260401365226021,幻觉 II,扭曲,0.00,,7,1,effects2
7399493945056693519,广角畸变,扭曲,0.00,,7,1,effects2
7399491596191943970,光影流动,扭曲,0.00,,7,1,effects2
7675270837552844078,网格扭曲,扭曲,0.00,,7,1,effects2
7672697102333480230,分色漂移,扭曲,0.00,,7,1,effects2
7399493519385185576,像素拉伸,扭曲,0.00,,7,1,effects2
7598081747900747062,凸镜回弹,扭曲,0.00,,7,1,effects2
7481587045190847806,盗梦空间II,扭曲,0.00,,7,1,effects2
7677574570739584281,色差微颤,扭曲,0.00,,7,1,effects2
7399493484060626210,波动清晰,扭曲,0.00,,7,1,effects2
7399495128269819171,拉扯震动,扭曲,0.00,,7,1,effects2
7425528781156127258,诡异故障,扭曲,0.00,,7,1,effects2
7667848945829317912,光影旋转,扭曲,0.00,,7,1,effects2
7672697480923893002,纵深冲击,扭曲,0.00,,7,1,effects2
7598084761596202282,水波曳影,扭曲,0.00,,7,1,effects2
7646491561269808409,像素混乱,扭曲,0.00,,7,1,effects2
7598081032335789353,波浪扭曲,扭曲,0.00,,7,1,effects2
7399491758867909940,流体冲屏,扭曲,0.00,,7,1,effects2
7399497172640615732,荡漾,扭曲,0.00,,7,1,effects2
7646323309319081278,果冻摇晃,扭曲,0.00,,7,1,effects2
7680079625384496408,胶片拖影,扭曲,0.00,,7,1,effects2
7665933914384469257,螺旋穿梭,扭曲,0.00,,7,1,effects2
7399495453743582479,旋转透镜,扭曲,0.00,,7,1,effects2
7542939907346550078,迷重幻影,扭曲,0.00,,7,1,effects2
7513626654032334142,空间延伸,扭曲,0.00,,7,1,effects2
7535674633836743960,果冻弹窗,扭曲,0.00,,7,1,effects2
7399496416663440680,液态分离,扭曲,0.00,,7,1,effects2
7497270339127315731,滚筒卷动,扭曲,0.00,,7,1,effects2
7579881777372613938,网格抖动,扭曲,0.00,,7,1,effects2
7399497258045050147,背景旋转,扭曲,0.00,,7,1,effects2
7399496960765365519,水波泛起,扭曲,0.00,,7,1,effects2
7579464771888598322,水波荡漾,扭曲,0.00,,7,1,effects2
7664887830245625115,涡面呼吸,扭曲,0.00,,7,1,effects2
7555122714617531710,拉伸抖动,扭曲,0.00,,7,1,effects2
7399495126822718755,电音故障,扭曲,0.00,,7,1,effects2
7664140972070063384,二次膨胀,扭曲,0.00,,7,1,effects2
7592247384488938761,心动时刻,扭曲,0.00,,7,1,effects2
7399497718386740520,水波流动,扭曲,0.00,,7,1,effects2
7686040807421267225,故障乱屏,扭曲,0.00,,7,1,effects2
7598082639030979882,水波残影,扭曲,0.00,,7,1,effects2
7612947551901306137,扭来扭去,扭曲,0.00,,7,1,effects2
7399497360776105256,放射幻影,扭曲,0.00,,7,1,effects2
7399491212593433890,水滴扩散,扭曲,0.00,,7,1,effects2
7399495762587012352,水波模糊,扭曲,0.00,,7,1,effects2
7399495544793517312,金属溶解,扭曲,0.00,,7,1,effects2
7648955379115642136,光影波动,扭曲,0.00,,7,1,effects2
7657471387396836627,拉伸摇晃,扭曲,0.00,,7,1,effects2
7665934087776898354,隧阵穿梭,扭曲,0.00,,7,1,effects2
7399496718066175266,屏幕律动,扭曲,0.00,,7,1,effects2
7629277683268078894,广角穿梭,扭曲,0.00,,7,1,effects2
7664885766270487834,破镜回帧,扭曲,0.00,,7,1,effects2
7399493096301415720,噪片映射,扭曲,0.00,,7,1,effects2
7579463960051682586,浪卷波动,扭曲,0.00,,7,1,effects2
7574722110887644467,流光荡漾,扭曲,0.00,,7,1,effects2
7665310825384791320,柔光扭曲,扭曲,0.00,,7,1,effects2
7436273714733257267,水波负片,扭曲,0.00,,7,1,effects2
7594761457485483270,拉扯回弹,扭曲,0.00,,7,1,effects2
7517219451071204647,空间扰动,扭曲,0.00,,7,1,effects2
7674827413544652083,网格故障,扭曲,0.00,,7,1,effects2
7399491716459400463,流体荡开,扭曲,0.00,,7,1,effects2
7598083812328770859,火焰流光,扭曲,0.00,,7,1,effects2
7399491829558709544,波浪,扭曲,0.00,,7,1,effects2
7672360083430313240,扭曲波痕,扭曲,0.00,,7,1,effects2
7668631563717889306,闪白回弹,扭曲,0.00,,7,1,effects2
7529091084950064409,撞击破裂,扭曲,0.00,,7,1,effects2
7649334379390455076,旋转重影,扭曲,0.00,,7,1,effects2
7447351620645425691,夸张信号,扭曲,0.00,,7,1,effects2
7675925148368735542,磁扰偏移,扭曲,0.00,,7,1,effects2
7602492123627146520,抽象包装,扭曲,0.00,,7,1,effects2
7664887677853895987,纱幔散开,扭曲,0.00,,7,1,effects2
7548312660304153881,扭曲吸入,扭曲,0.00,,7,1,effects2
7447351621220045338,信号干扰,扭曲,0.00,,7,1,effects2
7548394386116070680,热浪波动,扭曲,0.00,,7,1,effects2
7667504635925499160,分屏RGB,扭曲,0.00,,7,1,effects2
7600352100916350232,地铁门打开,综艺,0.00,,7,1,effects2
7597060705392725272,祥瑞开门,综艺,0.00,,7,1,effects2
7535711227666894142,波纹冲击,综艺,0.00,,7,1,effects2
7399493637333077248,手电筒,综艺,0.00,,7,1,effects2
7655350394238848281,定格照片,综艺,0.00,,7,1,effects2
7600598351943601433,春日老乡,综艺,0.00,,7,1,effects2
7599913727231839513,开门见福,综艺,0.00,,7,1,effects2
7399495991893708066,变形了,综艺,0.00,,7,1,effects2
7399491429925440783,啊啊啊啊,综艺,0.00,,7,1,effects2
7579855788131355928,滚动三连,综艺,0.00,,7,1,effects2
7567265741771263257,抓住外星人,综艺,0.00,,7,1,effects2
7604325657446714649,红包冲屏,综艺,0.00,,7,1,effects2
7638579869235924248,毛毡情书,综艺,0.00,,7,1,effects2
7599182905050598718,大手发红包,综艺,0.00,,7,1,effects2
7399497410520698164,夸夸弹幕,综艺,0.00,,7,1,effects2
7589545421039553816,新年舞狮,综艺,0.00,,7,1,effects2
7579900918116764954,焦点时刻,综艺,0.00,,7,1,effects2
7600351977939406104,红包喷射枪,综艺,0.00,,7,1,effects2
7553479810551434558,扔雪球,综艺,0.00,,7,1,effects2
7602827557335158040,爱神之箭,综艺,0.00,,7,1,effects2
7399494356933152035,冲刺,综艺,0.00,,7,1,effects2
7602585310220045630,打板开机,综艺,0.00,,7,1,effects2
7645224750372965668,错误弹窗,综艺,0.00,,7,1,effects2
7599592900292496665,新年春联,综艺,0.00,,7,1,effects2
7664887210239413554,云层散开,综艺,0.00,,7,1,effects2
7602561001346665790,甜品时刻,综艺,0.00,,7,1,effects2
7399496262866750735,五星好评,综艺,0.00,,7,1,effects2
7399494811570408744,赞赞赞,综艺,0.00,,7,1,effects2
7599912540600061246,纯爱战士,综艺,0.00,,7,1,effects2
7598609180668284185,马年大吉,综艺,0.00,,7,1,effects2
7399492503084240168,时间停止,综艺,0.00,,7,1,effects2
7554668544223366425,天上掉馅饼,综艺,0.00,,7,1,effects2
7645230926972161305,毕业万岁,综艺,0.00,,7,1,effects2
7399491065964743970,冲刺 II,综艺,0.00,,7,1,effects2
7600297589975797054,马年弹幕,综艺,0.00,,7,1,effects2
7595797337218419993,红包拿来,综艺,0.00,,7,1,effects2
7399494940033682703,我酸了,综艺,0.00,,7,1,effects2
7598539898047597849,点击红包,综艺,0.00,,7,1,effects2
7589861496230923545,喜庆擂鼓,综艺,0.00,,7,1,effects2
7667199908855909657,EMOJI拍照,综艺,0.00,,7,1,effects2
7598962162274438424,财源滚滚,综艺,0.00,,7,1,effects2
7574789080207297816,抓礼物,综艺,0.00,,7,1,effects2
7579537289789902142,礼物雪橇,综艺,0.00,,7,1,effects2
7604352153112612120,小马下落,综艺,0.00,,7,1,effects2
7460466187265118747,折叠拜年,综艺,0.00,,7,1,effects2
7497930140488502553,火焰燃烧,综艺,0.00,,7,1,effects2
7399493744891841832,吓到失魂,综艺,0.00,,7,1,effects2
7497923535357398296,蓝色火焰,综艺,0.00,,7,1,effects2
7600617725832105278,爆红包,综艺,0.00,,7,1,effects2
7399496260010528015,超级喜欢,综艺,0.00,,7,1,effects2
7490883180887657767,宠物双胞胎,综艺,0.00,,7,1,effects2
7601041312032296216,双向挤压,综艺,0.00,,7,1,effects2
7555851539563253017,挥舞荧光棒,综艺,0.00,,7,1,effects2
7584773406109846811,迎新葡萄,综艺,0.00,,7,1,effects2
7600279824086781208,情绪开关,综艺,0.00,,7,1,effects2
7582561213708553534,新年放映机,综艺,0.00,,7,1,effects2
7488364911861681433,购物分享,综艺,0.00,,7,1,effects2
7612569523677449526,复古滚动,分屏,0.00,,7,1,effects2
7447351621207462426,相机框抖动,分屏,0.00,,7,1,effects2
7667905281505971482,斜滑转场,分屏,0.00,,7,1,effects2
7399493651157617935,四屏,分屏,0.00,,7,1,effects2
7600700296699972907,缩放回弹,分屏,0.00,,7,1,effects2
7447351620641231369,三段式黑白,分屏,0.00,,7,1,effects2
7399494009892244771,三屏,分屏,0.00,,7,1,effects2
7399494697829420323,六屏,分屏,0.00,,7,1,effects2
7690532409493916952,棱柱轮播,分屏,0.00,,7,1,effects2
7664887754542583078,斜镜拼凑,分屏,0.00,,7,1,effects2
7399491352712564020,黑白三格,分屏,0.00,,7,1,effects2
7399496993850084623,九屏,分屏,0.00,,7,1,effects2
7643475350827289881,三屏滚动,分屏,0.00,,7,1,effects2
7399497221500112162,动态格,分屏,0.00,,7,1,effects2
7670027285369638168,条形开合,分屏,0.00,,7,1,effects2
7668630749645524234,交叉展开,分屏,0.00,,7,1,effects2
7667904653979389210,斜切滑光,分屏,0.00,,7,1,effects2
7667904223996120346,环轨交归,分屏,0.00,,7,1,effects2
7668631708962458907,碎片跳闪,分屏,0.00,,7,1,effects2
7667904736284249371,飞帧入场,分屏,0.00,,7,1,effects2
7659765389232016702,九屏重组,分屏,0.00,,7,1,effects2
7598085909975698751,交错滑入,分屏,0.00,,7,1,effects2
7647788976320859446,门廊闭合,分屏,0.00,,7,1,effects2
7667905068984814894,斜切滑光,分屏,0.00,,7,1,effects2
7673789620428999990,动感四分屏,分屏,0.00,,7,1,effects2
7680091781970644248,螺旋分屏,分屏,0.00,,7,1,effects2
7646335288561929496,重复入镜,分屏,0.00,,7,1,effects2
7633725579983916351,网格重组,分屏,0.00,,7,1,effects2
7532347855252786457,多彩四宫格,分屏,0.00,,7,1,effects2
7664885915956825354,网格随散,分屏,0.00,,7,1,effects2
7647789387081665834,屏幕翻显,分屏,0.00,,7,1,effects2
7647785573905911081,光幕滑门,分屏,0.00,,7,1,effects2
7399491034201328930,两屏分割,分屏,0.00,,7,1,effects2
7645218897368583443,万花筒转,分屏,0.00,,7,1,effects2
7667905132285136178,流光滑切,分屏,0.00,,7,1,effects2
7585081200235105561,三屏布局,分屏,0.00,,7,1,effects2
7668237461738294553,空间拼合,分屏,0.00,,7,1,effects2
7641157090265828627,螺旋光轨,分屏,0.00,,7,1,effects2
7654116126057631017,光速穿梭,分屏,0.00,,7,1,effects2
7645220864388123923,多维穿梭,分屏,0.00,,7,1,effects2
7665991777727335704,缩放九分屏,分屏,0.00,,7,1,effects2
7670728608486395160,分离重组,分屏,0.00,,7,1,effects2
7633728064328977707,色散拼合,分屏,0.00,,7,1,effects2
7551494792950074686,鱼眼分屏,分屏,0.00,,7,1,effects2
7667905353815756059,强光爆闪,分屏,0.00,,7,1,effects2
7676031439632092466,多屏故障,分屏,0.00,,7,1,effects2
7641157660955528511,螺旋穿梭,分屏,0.00,,7,1,effects2
7667905210563530010,滑切闪光,分屏,0.00,,7,1,effects2
7434412782289703450,矩形闪白,分屏,0.00,,7,1,effects2
7675333414647598377,错位重组,分屏,0.00,,7,1,effects2
7675939593753070848,锐锋劈移,分屏,0.00,,7,1,effects2
7447351620641247754,跳色四宫格,分屏,0.00,,7,1,effects2
7672696770601749770,胶片频闪,分屏,0.00,,7,1,effects2
7675269828235578651,爆闪聚合,分屏,0.00,,7,1,effects2
7641157851615907108,回忆矩阵,分屏,0.00,,7,1,effects2
7674827499502685467,碎镜转场,分屏,0.00,,7,1,effects2
7658244510744333577,方快探照,分屏,0.00,,7,1,effects2
7680103640803085592,九分屏故障,分屏,0.00,,7,1,effects2
7585036273933651224,竖屏分割,分屏,0.00,,7,1,effects2
7647448529601891608,九格旋转,分屏,0.00,,7,1,effects2
7675268438494907694,碎片重组,分屏,0.00,,7,1,effects2
7668630702648265994,交叉开合,分屏,0.00,,7,1,effects2
7598083756527750441,多屏下落,分屏,0.00,,7,1,effects2
7641158157711985961,交叉星环,分屏,0.00,,7,1,effects2
7484156691093687571,生日涂鸦,🐾宠物,0.00,,7,1,effects2
7657462453197999396,文字浮现,投影,0.00,,7,1,effects2
7605566263817030974,爱心投影II,投影,0.00,,7,1,effects2
7633727699684429099,理科公式,投影,0.00,,7,1,effects2
7399495516070874420,夕阳 III,投影,0.00,,7,1,effects2
7576969382023187738,基因序列,投影,0.00,,7,1,effects2
7675014970102451518,色层摇影,投影,0.00,,7,1,effects2
7600702564945890602,白马投影,投影,0.00,,7,1,effects2
7399497568465603874,蝴蝶光斑,投影,0.00,,7,1,effects2
7681580664554081542,星芒流动,投影,0.00,,7,1,effects2
7667121618329619736,百叶窗光影,投影,0.00,,7,1,effects2
7658245959889046835,光栅网格,投影,0.00,,7,1,effects2
7399495359338204431,星星投影,投影,0.00,,7,1,effects2
7399496203890691343,盛世美颜,投影,0.00,,7,1,effects2
7672697922131135795,线框频闪,投影,0.00,,7,1,effects2
7664887903163551022,线框跳动,投影,0.00,,7,1,effects2
7399496670188227875,光线扫描,投影,0.00,,7,1,effects2
7399496732452605219,愛,投影,0.00,,7,1,effects2
7399493093415816488,蒸汽波投影,投影,0.00,,7,1,effects2
7676031772232142107,线框闪跳,投影,0.00,,7,1,effects2
7664886261886340361,网格故障,投影,0.00,,7,1,effects2
7448898555617481267,新年投影,投影,0.00,,7,1,effects2
7399494668783865122,日文字幕,投影,0.00,,7,1,effects2
7577253558999944474,数字编码,投影,0.00,,7,1,effects2
7576969676631084314,数字投影,投影,0.00,,7,1,effects2
7577255355030261030,数字冲屏,投影,0.00,,7,1,effects2
7399492053295566095,字幕投影,投影,0.00,,7,1,effects2
7399495962005228835,字幕投影 II,投影,0.00,,7,1,effects2
7676031442664623369,全息光流,投影,0.00,,7,1,effects2
7586888775268093193,极速冲刺,投影,0.00,,7,1,effects2
7399496153554816271,百叶窗,投影,0.00,,7,1,effects2
7582534070496709926,手机投影,投影,0.00,,7,1,effects2
7431776147530060314,PASSION,投影,0.00,,7,1,effects2
7399495090630118691,字幕投影 IV,投影,0.00,,7,1,effects2
7399494701885197608,霓虹投影,投影,0.00,,7,1,effects2
7681580328640695552,星芒波动,投影,0.00,,7,1,effects2
7585399418099141938,股市投影,投影,0.00,,7,1,effects2
7399493654915665192,荧光绿,投影,0.00,,7,1,effects2
7399492635565640994,百叶窗 II,投影,0.00,,7,1,effects2
7399497183243799848,夕阳 II,投影,0.00,,7,1,effects2
7399493100395056384,树影 II,投影,0.00,,7,1,effects2
7399495279378025743,蒸汽波路灯,投影,0.00,,7,1,effects2
7399497702960024872,夕阳,投影,0.00,,7,1,effects2
7399493277365357839,月亮投影,投影,0.00,,7,1,effects2
7399494449241345295,窗格光,投影,0.00,,7,1,effects2
7399496039763348770,车窗影,投影,0.00,,7,1,effects2
7672296696423992601,油腻水光,纹理,0.00,,7,1,effects2
7665933797489200394,代码描边,纹理,0.00,,7,1,effects2
7675270915264908554,网格频闪,纹理,0.00,,7,1,effects2
7399493802500705551,漏光噪点,纹理,0.00,,7,1,effects2
7399495226424904960,磨砂纹理,纹理,0.00,,7,1,effects2
7648198004087852342,海底光影,纹理,0.00,,7,1,effects2
7658244363125869851,网格掠过,纹理,0.00,,7,1,effects2
7665970951439338776,棋盘格闪烁,纹理,0.00,,7,1,effects2
7399493759089659151,钻石碎片,纹理,0.00,,7,1,effects2
7399492676229270836,格纹纸质,纹理,0.00,,7,1,effects2
7648197360090238271,漩涡吸入,纹理,0.00,,7,1,effects2
7641158912195956011,撕开报纸,纹理,0.00,,7,1,effects2
7676029375279598894,网格故障,纹理,0.00,,7,1,effects2
7399491712751553832,塑料封面 II,纹理,0.00,,7,1,effects2
7399496738932935936,低像素 II,纹理,0.00,,7,1,effects2
7665934432821415218,霓虹跳闪,纹理,0.00,,7,1,effects2
7434001622113456678,电子复古粉,纹理,0.00,,7,1,effects2
7399495699878087988,老照片,纹理,0.00,,7,1,effects2
7399492226545421620,低像素,纹理,0.00,,7,1,effects2
7547613317368515850,波点半调,纹理,0.00,,7,1,effects2
7672698388776766747,胶片倒数,纹理,0.00,,7,1,effects2
7674826141428878601,胶片脉冲,纹理,0.00,,7,1,effects2
7399494351728037172,折痕 III,纹理,0.00,,7,1,effects2
7399496274455596303,塑料封面III,纹理,0.00,,7,1,effects2
7399497151878941967,波浪丝印,纹理,0.00,,7,1,effects2
7666520995380874520,钻石切面,纹理,0.00,,7,1,effects2
7399497106257415476,蓝色丝印,纹理,0.00,,7,1,effects2
7399491853663456512,折痕 V,纹理,0.00,,7,1,effects2
7399495387012238626,折痕 II,纹理,0.00,,7,1,effects2
7414307703473835298,复古撕纸,纹理,0.00,,7,1,effects2
7399493120884215074,网点丝印,纹理,0.00,,7,1,effects2
7648196498743774500,琴键流动,纹理,0.00,,7,1,effects2
7399492921675762996,长虹玻璃,纹理,0.00,,7,1,effects2
7399492832383257871,塑料封面,纹理,0.00,,7,1,effects2
7555134848919375129,水波荡漾,纹理,0.00,,7,1,effects2
7674826245917445402,网格故障,纹理,0.00,,7,1,effects2
7576969945171414318,水晶转动,纹理,0.00,,7,1,effects2
7399493332054887715,折痕,纹理,0.00,,7,1,effects2
7399496455767035151,油画纹理,纹理,0.00,,7,1,effects2
7447351620649619994,涂鸦切开,纹理,0.00,,7,1,effects2
7575088226252377406,斜线丝纹,纹理,0.00,,7,1,effects2
7658244246608137523,波谱频闪,纹理,0.00,,7,1,effects2
7399491920302460212,纸质撕边,纹理,0.00,,7,1,effects2
7399491027322670376,杂志,纹理,0.00,,7,1,effects2
7658244306263674138,网格光斑,纹理,0.00,,7,1,effects2
7399497738666233123,老照片 II,纹理,0.00,,7,1,effects2
7399491558317264162,老照片 III,纹理,0.00,,7,1,effects2
7399497017430494499,格纹纸质 II,纹理,0.00,,7,1,effects2
7399494458770836770,折痕 IV,纹理,0.00,,7,1,effects2
7399492725877263650,夏日冰块,纹理,0.00,,7,1,effects2
7599582367199579446,紫纹射线,漫画,0.00,,7,1,effects2
7602160984387554603,网纹冲击,漫画,0.00,,7,1,effects2
7669784915004771609,星空悬浮,漫画,0.00,,7,1,effects2
7399492277615332623,火光包围,漫画,0.00,,7,1,effects2
7399494437975461160,复古漫画,漫画,0.00,,7,1,effects2
7599578713059052806,画框特写,漫画,0.00,,7,1,effects2
7662789564192558361,流光线描,漫画,0.00,,7,1,effects2
7648991924677856537,破次元,漫画,0.00,,7,1,effects2
7399496416663538984,电光漩涡,漫画,0.00,,7,1,effects2
7399491643843431715,荧光线描,漫画,0.00,,7,1,effects2
7663713244460371224,风吹震动,漫画,0.00,,7,1,effects2
7680146207100161304,MC像素块,漫画,0.00,,7,1,effects2
7600699992067558699,视点扫描,漫画,0.00,,7,1,effects2
7399496194336115983,必杀技 II,漫画,0.00,,7,1,effects2
7399491670510816527,黑白线描,漫画,0.00,,7,1,effects2
7666006237615623486,流彩描边,漫画,0.00,,7,1,effects2
7612572447656693011,变色像素,漫画,0.00,,7,1,effects2
7679810402074610998,像素射击,漫画,0.00,,7,1,effects2
7506039465597472062,像素流星,漫画,0.00,,7,1,effects2
7653129726428482840,四格分镜,漫画,0.00,,7,1,effects2
7602160733245230390,放射抖动,漫画,0.00,,7,1,effects2
7399493595172064547,黑白漫画 II,漫画,0.00,,7,1,effects2
7399496154733399311,烟雾炸开,漫画,0.00,,7,1,effects2
7602160849721085220,暗紫斜纹,漫画,0.00,,7,1,effects2
7599580058398805267,漫画射线,漫画,0.00,,7,1,effects2
7399496208324005154,卡通渲染,漫画,0.00,,7,1,effects2
7399495444587400483,黑白漫画,漫画,0.00,,7,1,effects2
7399496057920441640,电光包围,漫画,0.00,,7,1,effects2
7399495562547973416,三格漫画,漫画,0.00,,7,1,effects2
7399494231573761315,像素画,漫画,0.00,,7,1,effects2
7399496846403505423,必杀技,漫画,0.00,,7,1,effects2
7399492545266404660,彩色漫画,漫画,0.00,,7,1,effects2
7399497629509373184,火光刷过,漫画,0.00,,7,1,effects2
7399492400575499560,火光翻滚,漫画,0.00,,7,1,effects2
7594391949117836585,信号干扰,暗黑,0.00,,7,1,effects2
7676029960397622566,街机跳闪,暗黑,0.00,,7,1,effects2
7668902652331232537,黑白叠影,暗黑,0.00,,7,1,effects2
7399494238116810019,恶灵冲屏,暗黑,0.00,,7,1,effects2
7399492646093196596,黑羽毛 II,暗黑,0.00,,7,1,effects2
7667729644644519230,鲜血浸染,暗黑,0.00,,7,1,effects2
7399496534389247232,一刀两断,暗黑,0.00,,7,1,effects2
7599582581901839622,闪白颤栗,暗黑,0.00,,7,1,effects2
7399496614194318626,暗夜蝙蝠,暗黑,0.00,,7,1,effects2
7399493392972975412,红蓝魔,暗黑,0.00,,7,1,effects2
7669707946124938521,荧界异调,暗黑,0.00,,7,1,effects2
7399492367201455400,恐怖故事 II,暗黑,0.00,,7,1,effects2
7399497406619864335,羽毛,暗黑,0.00,,7,1,effects2
7574722704486485299,蓝光镭射,暗黑,0.00,,7,1,effects2
7399496833338182964,负片频闪,暗黑,0.00,,7,1,effects2
7674916050940595518,恐怖血染,暗黑,0.00,,7,1,effects2
7399493924353592591,暗夜,暗黑,0.00,,7,1,effects2
7399495021948374287,魔法边框,暗黑,0.00,,7,1,effects2
7579901512445463859,惊吓颤动,暗黑,0.00,,7,1,effects2
7668578702653066520,波纹抖动,暗黑,0.00,,7,1,effects2
7599582438557273387,故障抖动,暗黑,0.00,,7,1,effects2
7399494021116153140,黑羽毛,暗黑,0.00,,7,1,effects2
7399493760658263336,南瓜光斑,暗黑,0.00,,7,1,effects2
7646798462700244248,交错模糊,暗黑,0.00,,7,1,effects2
7600699454622158134,灰雾笼罩,暗黑,0.00,,7,1,effects2
7668354257543793944,血迹斑斑,暗黑,0.00,,7,1,effects2
7664885427068816690,故障频闪,暗黑,0.00,,7,1,effects2
7651630830283951384,网格浮现,暗黑,0.00,,7,1,effects2
7399495341462113570,暗夜精灵,暗黑,0.00,,7,1,effects2
7399496833338330420,恐怖综艺,暗黑,0.00,,7,1,effects2
7399495750234819874,梦魇,暗黑,0.00,,7,1,effects2
7399496890275925283,诡异分割,暗黑,0.00,,7,1,effects2
7399497232178744576,暗黑剪影,暗黑,0.00,,7,1,effects2
7399493181051522319,万圣夜,暗黑,0.00,,7,1,effects2
7399492144571960576,万圣emoji,暗黑,0.00,,7,1,effects2
7399497274486721792,地狱使者,暗黑,0.00,,7,1,effects2
7399494669874236724,荧光蝙蝠,暗黑,0.00,,7,1,effects2
7399495378392993058,冰冷实验室,暗黑,0.00,,7,1,effects2
7399493605213343011,黑白VHS,暗黑,0.00,,7,1,effects2
7399494612840090932,隐形人,暗黑,0.00,,7,1,effects2
7399495609029233954,暗夜归来,暗黑,0.00,,7,1,effects2
7399493815192538368,紫雾,暗黑,0.00,,7,1,effects2
7399496804116483368,蝙蝠Kira,暗黑,0.00,,7,1,effects2
7399495278887226664,南瓜笑脸,暗黑,0.00,,7,1,effects2
7399496567448751360,魔法,暗黑,0.00,,7,1,effects2
7399492092629683508,暗黑蝙蝠,暗黑,0.00,,7,1,effects2
7399496992109366543,取景器,DV,0.00,,7,1,effects2
7399493633394674996,W830,DV,0.00,,7,1,effects2
7409877328454618402,圆形监控,DV,0.00,,7,1,effects2
7399495469702843648,复古蓝调,DV,0.00,,7,1,effects2
7399496189831400738,复古DV,DV,0.00,,7,1,effects2
7399492386310688040,C300,DV,0.00,,7,1,effects2
7407723612817476916,怀旧画质,DV,0.00,,7,1,effects2
7399496452466183476,对焦DV,DV,0.00,,7,1,effects2
7399495914307603746,JVC,DV,0.00,,7,1,effects2
7399492340458540303,复古DV III,DV,0.00,,7,1,effects2
7651931939385052478,对焦镜头,DV,0.00,,7,1,effects2
7405158568577535232,弯曲故障,DV,0.00,,7,1,effects2
7399492922699205940,低画质CCD,DV,0.00,,7,1,effects2
7399496774550834432,录像带 II,DV,0.00,,7,1,effects2
7399493728211176744,DV界面,DV,0.00,,7,1,effects2
7399495962005114147,低保真,DV,0.00,,7,1,effects2
7399493945056644367,复古紫调,DV,0.00,,7,1,effects2
7399494372300967202,失焦CCD,DV,0.00,,7,1,effects2
7399493308961066280,VCR,DV,0.00,,7,1,effects2
7399493021605154100,日式DV,DV,0.00,,7,1,effects2
7399493469917433103,隔行DV,DV,0.00,,7,1,effects2
7399495851388751156,磁带DV,DV,0.00,,7,1,effects2
7399492566728723746,CCD,DV,0.00,,7,1,effects2
7399491145060945186,复古DV IV,DV,0.00,,7,1,effects2
7399493216195726626,DVD,DV,0.00,,7,1,effects2
7399492832089623808,DCR,DV,0.00,,7,1,effects2
7399495163204111616,海鸥DC,DV,0.00,,7,1,effects2
7399495454536289570,录像带,DV,0.00,,7,1,effects2
7399492489352088832,监控,DV,0.00,,7,1,effects2
7399496598008433955,老式DV,DV,0.00,,7,1,effects2
7399496455771229474,IXUS,DV,0.00,,7,1,effects2
7399494088241761536,VHS,DV,0.00,,7,1,effects2
7399495606407793954,复古DV II,DV,0.00,,7,1,effects2
7399494606607437071,录像带 III,DV,0.00,,7,1,effects2
7399496196827467023,复古连拍,DV,0.00,,7,1,effects2
7399493160151371023,DV录制框,DV,0.00,,7,1,effects2
7546092948057001241,超可爱,热门,0.00,,6,1,text-template
7399639874300693787,美食-吃喝最重要,热门,0.00,,6,1,text-template
7502286965644201240,520心动时刻,热门,0.00,,6,1,text-template
7347341684922928393,我信你个鬼,热门,0.00,,6,1,text-template
7163511694684081421,神,热门,0.00,,6,1,text-template
7380751845846797568,美味 简约风 美食 情绪表达,热门,0.00,,6,1,text-template
7552525718442331417,歌颂祖国,热门,0.00,,6,1,text-template
7645238890789506366,电商-品质优选,热门,0.00,,6,1,text-template
7090510761440693519,波浪英文标题,热门,0.00,,6,1,text-template
7552858548279987481,中秋-中秋佳节,热门,0.00,,6,1,text-template
7495379940486106393,fun肆一下,热门,0.00,,6,1,text-template
7591433763373026585,我的水印,热门,0.00,,6,1,text-template
7491498868195085630,春日野餐露营,热门,0.00,,6,1,text-template
7617087617124912446,综艺热梗-夯爆了,热门,0.00,,6,1,text-template
7611860630232141080,重点来啦,热门,0.00,,6,1,text-template
7297965816916593971,情绪表达 害羞,热门,0.00,,6,1,text-template
7481212496670641433,强烈推荐-美食,热门,0.00,,6,1,text-template
7404817939301420314,我开动喽,热门,0.00,,6,1,text-template
7435182917229350182,互动引导-划重点,热门,0.00,,6,1,text-template
7385071058618944808,小暑,热门,0.00,,6,1,text-template
7518334236785560857,不忘初心,热门,0.00,,6,1,text-template
7473498017098763545,春日发现春天,热门,0.00,,6,1,text-template
7548543641816485145,国庆我爱你中国,热门,0.00,,6,1,text-template
7665872250217893144,建军节-盛世如您所愿,热门,0.00,,6,1,text-template
7572788825429347646,注意,热门,0.00,,6,1,text-template
7347514141696855322,不做胆小鬼,热门,0.00,,6,1,text-template
7390273923050474815,下一站：go home,热门,0.00,,6,1,text-template
7513501355978378521,综艺情绪-好家伙,热门,0.00,,6,1,text-template
7575810509967232281,新闻类-郑重声明,热门,0.00,,6,1,text-template
7543113674156723481,综艺-高光时刻,热门,0.00,,6,1,text-template
7586214307990654270,线条小狗-快乐摇摆,热门,0.00,,6,1,text-template
7370973030585044260,夏日去看海吧喊话,热门,0.00,,6,1,text-template
7090555240142884130,期刊号-爱心,热门,0.00,,6,1,text-template
7528695884780096793,综艺情绪-震惊,热门,0.00,,6,1,text-template
7473745591445589310,妇女节-女神限定,热门,0.00,,6,1,text-template
7584364474052939033,冲业绩,热门,0.00,,6,1,text-template
7383529303457254668,夏日美食热销爆品,热门,0.00,,6,1,text-template
7577018457997495577,预售开启,热门,0.00,,6,1,text-template
7618538182069538072,运动-正确示范,热门,0.00,,6,1,text-template
7427384987302890804,热卖爆款,热门,0.00,,6,1,text-template
7530676627542641945,夏游记,热门,0.00,,6,1,text-template
7575927386202524953,新闻类-现场直拍,热门,0.00,,6,1,text-template
7306535708406189363,独家首发,热门,0.00,,6,1,text-template
7163512466884873502,独家爆料,热门,0.00,,6,1,text-template
7584748286863510808,综艺情绪词-啊啊啊,热门,0.00,,6,1,text-template
7549068406901771582,国庆节字幕,热门,0.00,,6,1,text-template
7398384553896709413,网络热梗city啊,热门,0.00,,6,1,text-template
7274530937981930812,带货 爆款 ,热门,0.00,,6,1,text-template
7565749727296294168,美食-恰饭时刻,热门,0.00,,6,1,text-template
7460435072505072958,洋抖热梗-welcome欢迎弹幕,热门,0.00,,6,1,text-template
7404339754675834163,网络热梗-确实型人格,热门,0.00,,6,1,text-template
7593273114084035902,小蓝-充满力量,热门,0.00,,6,1,text-template
7389174860775214346,体育赛事赛点,热门,0.00,,6,1,text-template
7590730429486026008,闪光时刻,热门,0.00,,6,1,text-template
7343111224537730323,旅行-装饰文案,热门,0.00,,6,1,text-template
7526384567347891481,综艺情绪-热化了,热门,0.00,,6,1,text-template
7434874423825468710,闯关成功-综艺情绪,热门,0.00,,6,1,text-template
7390774568211844404,震惊！ 蓝色 综艺风 情绪表达,热门,0.00,,6,1,text-template
7662683247452622142,漫画风-哇哦,热门,0.00,,6,1,text-template
7535147455252303129,电商-礼遇金秋,热门,0.00,,6,1,text-template
7333253022987947275,露营-春季露营装备,热门,0.00,,6,1,text-template
7668687978457435416,小众宝藏款,热门,0.00,,6,1,text-template
7306136409058905356,wow 哇塞,热门,0.00,,6,1,text-template
7596974004636945689,高光时刻,热门,0.00,,6,1,text-template
7531256817176005913,运动健身-全程高能!,热门,0.00,,6,1,text-template
7461059009722731801,打工人上线,热门,0.00,,6,1,text-template
7373287345715531034,惊喜福利,热门,0.00,,6,1,text-template
7603673104270904601,电商-强推,热门,0.00,,6,1,text-template
7565729942525218073,美食-香迷糊了,热门,0.00,,6,1,text-template
7293898659400338714,双11带货 引导 推荐购买,热门,0.00,,6,1,text-template
7563328316535622936,万圣节-啊,热门,0.00,,6,1,text-template
7383533862103682343,夏日美食强推,热门,0.00,,6,1,text-template
7334905464548871436,简约 记录日常,热门,0.00,,6,1,text-template
7402643439969488138,开学季-好期待！,热门,0.00,,6,1,text-template
7163529807316143397,爆款,热门,0.00,,6,1,text-template
7550593337246469400,国庆：锦绣山河,热门,0.00,,6,1,text-template
7504600424817642777,抢免单,热门,0.00,,6,1,text-template
7552362116179709208,喜迎国庆,热门,0.00,,6,1,text-template
7351415614470212890,赛博科技-智能辅助系统,热门,0.00,,6,1,text-template
7339032896235228426,互动引导-注意-3D,热门,0.00,,6,1,text-template
7682695480215866649,国庆节-祖国万岁,热门,0.00,,6,1,text-template
7445933669765762313,冬日美食 推荐,热门,0.00,,6,1,text-template
7434052919722315035,美食宝藏店铺-挑战成功,热门,0.00,,6,1,text-template
7389651719954746661,暑假出行超开心,热门,0.00,,6,1,text-template
7634078804973210905,科技数码-流畅度拉满,热门,0.00,,6,1,text-template
7362412232107511090,剩下的盛夏,热门,0.00,,6,1,text-template
7526071685494115646,建军节-军歌嘹亮,热门,0.00,,6,1,text-template
7533079373428247833,立秋-叶落惊秋,热门,0.00,,6,1,text-template
7460483545174265150,财源滚滚,热门,0.00,,6,1,text-template
7648973686581529881,燃爆,热门,0.00,,6,1,text-template
7337940700463369499,可爱手绘-旅行-第一站,热门,0.00,,6,1,text-template
7550172612723526974,国庆节-祖国在我心中,热门,0.00,,6,1,text-template
7361261612210113801,拼贴手绘风假期旅行中,热门,0.00,,6,1,text-template
7398930512053685544,天呐-情绪表达,热门,0.00,,6,1,text-template
7389146532374695218,体育赛事夺金时刻,热门,0.00,,6,1,text-template
7371127400874151218,带货-超级福利日,热门,0.00,,6,1,text-template
7297962071487024421,情绪表达 尴尬,热门,0.00,,6,1,text-template
7618538571544284478,运动-GOGOGO!,热门,0.00,,6,1,text-template
7507293631246814489,618大促狂欢开启,热门,0.00,,6,1,text-template
7593318455097527576,奶茶鼠-欢迎收看,热门,0.00,,6,1,text-template
7474542699467705625,电商-惊爆价,热门,0.00,,6,1,text-template
7371109353673329958,带货-爆款推荐,热门,0.00,,6,1,text-template
7683041731994144062,月满中秋,热门,0.00,,6,1,text-template
7572840666930236697,警告,热门,0.00,,6,1,text-template
7629988999888915737,致敬奋斗者,热门,0.00,,6,1,text-template
7321973156476947724,春节-抢年货,热门,0.00,,6,1,text-template
7617033252569910590,综艺情绪-被做局了,热门,0.00,,6,1,text-template
7437382915043986742,好离谱综艺情绪表达弹幕,热门,0.00,,6,1,text-template
7592198267455212825,英文签名水印,热门,0.00,,6,1,text-template
7661346003701943577,新闻-最新消息,热门,0.00,,6,1,text-template
7548841407239474456,月满中秋,热门,0.00,,6,1,text-template
7578022123097034046,告别20225,热门,0.00,,6,1,text-template
7297957579530013961,情绪表达 惊慌失措,热门,0.00,,6,1,text-template
7611916595161582873,Fitcheck一下,热门,0.00,,6,1,text-template
7596271474919623960,没招了,热门,0.00,,6,1,text-template
7500511141857168665,520-怦然心动,热门,0.00,,6,1,text-template
7381713243888291111,烧烤探店-大口吃肉的快乐,热门,0.00,,6,1,text-template
7663411524740009240,新闻-实时报道,热门,0.00,,6,1,text-template
7268677085319662911,科技测评-快速聚焦,热门,0.00,,6,1,text-template
7311588013618908451,蔬菜蛋卷,热门,0.00,,6,1,text-template
7642601983886724377,高考 提笔定乾坤,热门,0.00,,6,1,text-template
7563041008318090558,电商-超级补贴日,热门,0.00,,6,1,text-template
7548031887621639449,穿搭-高光时刻,热门,0.00,,6,1,text-template
7459769712428191000,新春吉祥,热门,0.00,,6,1,text-template
7547998711964765464,感恩祖国,热门,0.00,,6,1,text-template
7370972836669705526,记得点赞哦互动引导,热门,0.00,,6,1,text-template
7163523676250377503,啊,热门,0.00,,6,1,text-template
7627480099817868568,太上头了,热门,0.00,,6,1,text-template
7163561401389174030,大曝光,热门,0.00,,6,1,text-template
7371420503120088370,主播更新啦,热门,0.00,,6,1,text-template
7668676872678460696,强烈推荐,热门,0.00,,6,1,text-template
7552158187391044888,国庆电商促销-降价啦,热门,0.00,,6,1,text-template
7548849855414750526,中秋夜团圆时,热门,0.00,,6,1,text-template
7602489859902639384,迎新春,热门,0.00,,6,1,text-template
7360586750885989644,旅行地点-云南大理,热门,0.00,,6,1,text-template
7552370403474312510,国庆旅行-打卡,热门,0.00,,6,1,text-template
7252994886541020427,美食- point,热门,0.00,,6,1,text-template
7576640079586725182,新手入坑指南,热门,0.00,,6,1,text-template
7540512319030185240,穿搭-强烈安利,热门,0.00,,6,1,text-template
7415252265096711434,国庆-盛世中华,热门,0.00,,6,1,text-template
7549061671453658393,喜庆国庆,热门,0.00,,6,1,text-template
7298227934257532211,情绪表达 暗中观察,热门,0.00,,6,1,text-template
7618903408078114110,互动-全程高能,热门,0.00,,6,1,text-template
7390764938827959571,体育赛事-眼里有光，只为梦想,热门,0.00,,6,1,text-template
7570207469469912382,综艺词-奈斯,热门,0.00,,6,1,text-template
7374246591638687003,618促销立即下单,热门,0.00,,6,1,text-template
7294881319182470454,双11-必囤,热门,0.00,,6,1,text-template
7552833317872241944,中秋-桂花飘香,热门,0.00,,6,1,text-template
7371128772898163978,夏日-捕捉夏日美好,热门,0.00,,6,1,text-template
7566473690146311449,必胜,热门,0.00,,6,1,text-template
7351343802583469321,赛博科技-稳定性极强,热门,0.00,,6,1,text-template
7598614367759961368,LOOK,热门,0.00,,6,1,text-template
7393022390638251303,太好喝了吧夏日冷饮情绪表达文字,热门,0.00,,6,1,text-template
7503828966675860760,综艺情绪-谁懂啊,热门,0.00,,6,1,text-template
7090569394161454336,划重点啦,热门,0.00,,6,1,text-template
7399650849179438374,美食名称-流糖烤红薯,热门,0.00,,6,1,text-template
7469377641209007384,又心动了,热门,0.00,,6,1,text-template
7287549152827821353,好物分享-NO,热门,0.00,,6,1,text-template
7551308581833051417,桂香伴月秋入怀,热门,0.00,,6,1,text-template
7371382402536492339,综艺情绪-震惊,热门,0.00,,6,1,text-template
7434370034467736842,动作要领 双腿微屈半蹲,热门,0.00,,6,1,text-template
7434560304853290278,穿搭-超百搭,热门,0.00,,6,1,text-template
7549969904061959449,国庆嘉年华,热门,0.00,,6,1,text-template
7163507214668385573,综艺裂开负向情绪,热门,0.00,,6,1,text-template
7407470409425161498,中秋节 月圆人团圆,热门,0.00,,6,1,text-template
7380637228470521124,超美味美食探店简约文字,热门,0.00,,6,1,text-template
7550814924872830233,中秋节-月满中秋,热门,0.00,,6,1,text-template
7304201871051296027,情绪表达 急,热门,0.00,,6,1,text-template
7580664623364508953,旅行-出发喽,热门,0.00,,6,1,text-template
7392152029893856551,哈哈哈综艺搞怪字幕文字,热门,0.00,,6,1,text-template
7163511791400586503,颜值超高,热门,0.00,,6,1,text-template
7672406297169399102,运动-今日课程,热门,0.00,,6,1,text-template
7596981456820407614,注意,热门,0.00,,6,1,text-template
7393008717316279604,咔咔掉秤 橙色 简约 美食 细节说明,热门,0.00,,6,1,text-template
7469684230038015294,情人节纪念日,热门,0.00,,6,1,text-template
7639586500979690814,综艺情绪-权威,热门,0.00,,6,1,text-template
7515760364169121086,运动-爆发力,热门,0.00,,6,1,text-template
7163531764365856014,订阅-喇叭,热门,0.00,,6,1,text-template
7572580676156050750,新闻字幕条-最新资讯报道,热门,0.00,,6,1,text-template
7397249580485709066,七夕心动瞬间,热门,0.00,,6,1,text-template
7641585260798643481,儿童节-可可爱爱,热门,0.00,,6,1,text-template
7649738153678474520,体育赛事-突破,热门,0.00,,6,1,text-template
7163515461064232199,爆款来了,热门,0.00,,6,1,text-template
7471206513097362713,女神节：闪闪发光的她,热门,0.00,,6,1,text-template
7546808527558593816,筑梦灯火万家同庆盛世华夏,热门,0.00,,6,1,text-template
7593679843955346750,地点地标位置,热门,0.00,,6,1,text-template
7596036164730277145,夯爆了,热门,0.00,,6,1,text-template
7570790564858219838,运动赛事-夺金时刻,热门,0.00,,6,1,text-template
7581049870077726014,2025年度回忆文件夹,热门,0.00,,6,1,text-template
7469077361674292542,元宵节诸事圆满平安喜乐环绕,热门,0.00,,6,1,text-template
7472601911028403480,旅行-天气好哇塞,热门,0.00,,6,1,text-template
7522514097783442750,禅境,热门,0.00,,6,1,text-template
7460456287684578622,万象启新,热门,0.00,,6,1,text-template
7591409605838818584,满屏水印,热门,0.00,,6,1,text-template
7403638167879945512,吃蟹咯,热门,0.00,,6,1,text-template
7383613902744980770,嘎嘎香！红色 简约 美食 情绪表达 字幕,热门,0.00,,6,1,text-template
7163511894014250248,爱了,热门,0.00,,6,1,text-template
7593316290958380312,奶茶鼠-破防了,热门,0.00,,6,1,text-template
7054078600978402575,黄色综艺全员静止,热门,0.00,,6,1,text-template
7514336553469218110,夏日-冰镇夏天,最新,0.00,,6,1,text-template
7530596060419411262,综艺情绪-愤怒,最新,0.00,,6,1,text-template
7545518793661992217,秋日美食vlog,最新,0.00,,6,1,text-template
7545727206883069208,和落叶偶遇,最新,0.00,,6,1,text-template
7545765604570090814,最美老师,最新,0.00,,6,1,text-template
7520863390324100377,超心动,最新,0.00,,6,1,text-template
7546455782804622654,轰动,最新,0.00,,6,1,text-template
7536582741656259864,爱意漫游,最新,0.00,,6,1,text-template
7525044900669279550,快乐盛夏,最新,0.00,,6,1,text-template
7548444719798586686,中秋月圆人团圆,最新,0.00,,6,1,text-template
7538548737799392536,百鬼夜行,最新,0.00,,6,1,text-template
7509683821428706584,穿越山和海,最新,0.00,,6,1,text-template
7550585790531865918,人从众,最新,0.00,,6,1,text-template
7509406617155423513,重磅上新,最新,0.00,,6,1,text-template
7536813039761460504,运动会-花式整活,最新,0.00,,6,1,text-template
7532801491904662808,前方高能,最新,0.00,,6,1,text-template
7511741920478252350,珠光宝气,最新,0.00,,6,1,text-template
7526991770836585752,今天，是银河也无法阻挡的喜欢,最新,0.00,,6,1,text-template
7519193258430483737,避暑好去处,最新,0.00,,6,1,text-template
7531256886436465982,运动健身-零基础跟练,最新,0.00,,6,1,text-template
7538693046406384921,好好学习,最新,0.00,,6,1,text-template
7547605008653651262,中秋遇国庆,最新,0.00,,6,1,text-template
7541921827354938686,周一俺不想扎觅汉,最新,0.00,,6,1,text-template
7524365037637733656,音乐公主爱美莉-傻眼,最新,0.00,,6,1,text-template
7527230975789616409,互动引导-一键三连,最新,0.00,,6,1,text-template
7545366398030236990,穿搭-时髦girl,最新,0.00,,6,1,text-template
7526007621719952664,热梗-我不是天才吗,最新,0.00,,6,1,text-template
7532117988380642622,互动引导-划重点,最新,0.00,,6,1,text-template
7524340000826068248,综艺：关注不迷路,最新,0.00,,6,1,text-template
7535221387590536472,心动不止,最新,0.00,,6,1,text-template
7530563906146684184,哇哦,最新,0.00,,6,1,text-template
7531398886036999486,热梗-法修散打,最新,0.00,,6,1,text-template
7532408836041329945,秋日碎片,最新,0.00,,6,1,text-template
7515465448855604542,决胜时刻,最新,0.00,,6,1,text-template
7545488055013248318,美食-超绝美味,最新,0.00,,6,1,text-template
7542789380805643545,开学季,最新,0.00,,6,1,text-template
7510000369217572120,高考-为梦想而战,最新,0.00,,6,1,text-template
7512653612640898328,毕业快乐,最新,0.00,,6,1,text-template
7529721665744276761,综艺-前方高能,最新,0.00,,6,1,text-template
7540920272296119614,Minni vlog,最新,0.00,,6,1,text-template
7546119264932089112,热卖爆款,最新,0.00,,6,1,text-template
7538634381381078297,燃灯祈福,最新,0.00,,6,1,text-template
7541342551119318297,第1杯敬自己,最新,0.00,,6,1,text-template
7545033649079684414,社团纳新啦,最新,0.00,,6,1,text-template
7532083381840940313,互动引导-欢迎收看,最新,0.00,,6,1,text-template
7524197383324978457,无敌鹿战队-下期再见,最新,0.00,,6,1,text-template
7512709966839565630,爸爸最棒,最新,0.00,,6,1,text-template
7517096730748325145,进球,最新,0.00,,6,1,text-template
7519820351958879550,音乐公主爱美莉之无语中,最新,0.00,,6,1,text-template
7548445188734324030,今天很哇塞,最新,0.00,,6,1,text-template
7543853456931704088,促销-热销NO.1,最新,0.00,,6,1,text-template
7531616927811177790,建军节-军魂永驻,最新,0.00,,6,1,text-template
7512388418169507097,父亲节-父亲节快乐,最新,0.00,,6,1,text-template
7549836590982597950,中秋佳节,最新,0.00,,6,1,text-template
7548648658527571224,超值！,最新,0.00,,6,1,text-template
7536103223749283097,可爱女人,最新,0.00,,6,1,text-template
7536235926763113790,七夕快乐,最新,0.00,,6,1,text-template
7523999979615210776,音乐公主爱美莉之快乐加倍,最新,0.00,,6,1,text-template
7511538337220545854,互动引导-划重点,最新,0.00,,6,1,text-template
7527115336236289305,音乐公主爱美莉-记得点关注,最新,0.00,,6,1,text-template
7517864215458237721,假期模式-毛线艺术字,最新,0.00,,6,1,text-template
7548689877051837721,国庆旅游vlog,最新,0.00,,6,1,text-template
7535400409221860670,七夕好物开箱,最新,0.00,,6,1,text-template
7547558454878129433,月满华诞,最新,0.00,,6,1,text-template
7550585510155128089,人山人海,最新,0.00,,6,1,text-template
7546553018653723929,放假通知,最新,0.00,,6,1,text-template
7528650918846385433,综艺情绪-呜呜呜,最新,0.00,,6,1,text-template
7550560119004695870,VLOG,最新,0.00,,6,1,text-template
7510133666195098905,必胜,最新,0.00,,6,1,text-template
7537158173870886168,冒泡,最新,0.00,,6,1,text-template
7543151156248235326,综艺-震惊,最新,0.00,,6,1,text-template
7538751062233255192,开学新装备,最新,0.00,,6,1,text-template
7524930974593977625,音乐公主-超酷的,最新,0.00,,6,1,text-template
7536776547253144894,降价啦,最新,0.00,,6,1,text-template
7546370142087925017,划重点,最新,0.00,,6,1,text-template
7528708826724306200,520hz是我说喜欢你的声音,最新,0.00,,6,1,text-template
7526871573836483864,必抢,最新,0.00,,6,1,text-template
7548452454770347289,欢度国庆,最新,0.00,,6,1,text-template
7525352924822703385,综艺情绪-好气啊,最新,0.00,,6,1,text-template
7530900436392512793,人气王,最新,0.00,,6,1,text-template
7527267481342397721,无敌鹿战队-出发!,最新,0.00,,6,1,text-template
7542731172745465112,好好学习 天天向上,最新,0.00,,6,1,text-template
7532727367538789694,破局,最新,0.00,,6,1,text-template
7535339958018673944,中元-燃灯祭祖,最新,0.00,,6,1,text-template
7515785879705816382,运动赛事-精彩瞬间,最新,0.00,,6,1,text-template
7530558019998993688,美食-必吃榜,最新,0.00,,6,1,text-template
7514252148188777753,好吃,最新,0.00,,6,1,text-template
7522075850049768729,浮瓜沉李，酷暑伏天,最新,0.00,,6,1,text-template
7533900434038410558,电商-爆单咯,最新,0.00,,6,1,text-template
7517976192918523161,特别推荐-毛线艺术字,最新,0.00,,6,1,text-template
7545873089054117144,师恩深似海,最新,0.00,,6,1,text-template
7511012459885432089,旅行-快乐无价,最新,0.00,,6,1,text-template
7547310772448202008,秋天你好,最新,0.00,,6,1,text-template
7523911019660594494,暑气全消,最新,0.00,,6,1,text-template
7543554307107441945,日常-分享我的日常,最新,0.00,,6,1,text-template
7539497161332002073,七夕情人节-为爱放价,最新,0.00,,6,1,text-template
7548013156740631870,中秋佳节,最新,0.00,,6,1,text-template
7543866866582981950,桃李天下,最新,0.00,,6,1,text-template
7549932990256958745,庆中秋迎国庆,最新,0.00,,6,1,text-template
7550642499505737022,国庆-此生无悔入华夏,最新,0.00,,6,1,text-template
7539410039635774744,好物分享,最新,0.00,,6,1,text-template
7526750194466344216,新品上市,最新,0.00,,6,1,text-template
7531649831438355737,宠物：猫粮选购指南,最新,0.00,,6,1,text-template
7512374924179295513,父亲节-炫父日,最新,0.00,,6,1,text-template
7510970477842681112,重磅推出,最新,0.00,,6,1,text-template
7541228281023106329,新品上市,最新,0.00,,6,1,text-template
7518157907507023166,美食探店-正宗湘菜馆,最新,0.00,,6,1,text-template
7524342133978041625,音乐公主爱米莉IP-实名羡慕,最新,0.00,,6,1,text-template
7532890036124159257,开学新装备,最新,0.00,,6,1,text-template
7522001362155130137,综艺娱乐-八卦前线,最新,0.00,,6,1,text-template
7511564742012505368,互动引导-赞,最新,0.00,,6,1,text-template
7513298507093019966,恋夏风穿搭-LOOK01,最新,0.00,,6,1,text-template
7509922104314318142,奇怪的知识,最新,0.00,,6,1,text-template
7519138416295087384,小热天,最新,0.00,,6,1,text-template
7548674166967291198,打破低价,最新,0.00,,6,1,text-template
7523422782936485145,目的地,最新,0.00,,6,1,text-template
7531434044068990232,热梗-你不乘哦,最新,0.00,,6,1,text-template
7530565668232793368,点赞评论收藏,最新,0.00,,6,1,text-template
7523741757176122686,夏日趣玩,最新,0.00,,6,1,text-template
7519213707994385689,冰爽限定,最新,0.00,,6,1,text-template
7534650163567185177,一起哈啤,最新,0.00,,6,1,text-template
7546448683131276569,师泽如光,最新,0.00,,6,1,text-template
7511715901796896025,父亲节标题,最新,0.00,,6,1,text-template
7545867817795718462,玉露生凉,最新,0.00,,6,1,text-template
7517537747448663321,情绪表达词语 害羞,最新,0.00,,6,1,text-template
7526555174719130905,汗流浃背,最新,0.00,,6,1,text-template
7520274071112912153,无敌鹿战队-互动-情绪-超开心,最新,0.00,,6,1,text-template
7547737291071048985,小众目的地,最新,0.00,,6,1,text-template
7549026349227199768,团圆,最新,0.00,,6,1,text-template
7520956758957935934,互动引导词-强烈推荐,最新,0.00,,6,1,text-template
7548354505813986585,吃月饼啦,最新,0.00,,6,1,text-template
7512046358673673496,燃爆618,最新,0.00,,6,1,text-template
7535370563632565529,敲重点,最新,0.00,,6,1,text-template
7537971225881218329,手写字-怦然心动,最新,0.00,,6,1,text-template
7538850273779830041,hi autumn,最新,0.00,,6,1,text-template
7518926413890768190,像素风小游戏-GAME OVER,最新,0.00,,6,1,text-template
7543940997181394200,元气upup,最新,0.00,,6,1,text-template
7550231527561366846,体验人从众,最新,0.00,,6,1,text-template
7529451927755689241,超有趣,最新,0.00,,6,1,text-template
7529787735398354238,七夕-朝夕都想与你一起,最新,0.00,,6,1,text-template
7544960277708803352,育梦成光,最新,0.00,,6,1,text-template
7528405368129539352,日常记录：分享小美好,最新,0.00,,6,1,text-template
7539596376980786494,美食探店-超火,最新,0.00,,6,1,text-template
7517836413631515929,盛世华诞,最新,0.00,,6,1,text-template
7514690237126233368,综艺情绪-原地爆炸,最新,0.00,,6,1,text-template
7534251422922149145,旅行-追逐秋天的浪漫,最新,0.00,,6,1,text-template
7540554072693361945,穿搭-秋季新品,最新,0.00,,6,1,text-template
7509290251056221502,618-强烈推荐,最新,0.00,,6,1,text-template
7540145148945009982,七夕-I LOVE YOU英文弹幕,最新,0.00,,6,1,text-template
7527572406932753688,电商促销-立即下单,最新,0.00,,6,1,text-template
7512005352452558142,父亲节超父有更给力,最新,0.00,,6,1,text-template
7544953380293184793,教师节标题,最新,0.00,,6,1,text-template
7527338517865745689,建军节-铁血军魂,最新,0.00,,6,1,text-template
7518047943555992856,互动引导-本期看点,最新,0.00,,6,1,text-template
7517498111145856318,味道绝了,最新,0.00,,6,1,text-template
7523871775760026942,消暑神器,最新,0.00,,6,1,text-template
7535310272001494334,开学必备清单,最新,0.00,,6,1,text-template
7529484128148983065,种下希望,最新,0.00,,6,1,text-template
7546596223411604761,中秋遇国庆,最新,0.00,,6,1,text-template
7542062690097794329,开学季-我们开学啦,最新,0.00,,6,1,text-template
7535304313371921726,你好 新同学,最新,0.00,,6,1,text-template
7547648591477640510,向上的生命力,最新,0.00,,6,1,text-template
7512079523077311768,抄底特惠,最新,0.00,,6,1,text-template
7535855811231304984,美拉德风穿搭-秋冬氛围感,最新,0.00,,6,1,text-template
7534983106437205272,金色主题字,最新,0.00,,6,1,text-template
7526968588025220414,music,最新,0.00,,6,1,text-template
7544795708415675673,快乐碰一碰,最新,0.00,,6,1,text-template
7517656294975802686,溯溪-最美打卡地,最新,0.00,,6,1,text-template
7544939494924094782,不要烦不要烦工作永远做不完,最新,0.00,,6,1,text-template
7511325018341592345,毕业季-未来可期,最新,0.00,,6,1,text-template
7531969861464116504,七夕特惠,最新,0.00,,6,1,text-template
7546141534769614104,教师节快乐,最新,0.00,,6,1,text-template
7546339624692698430,中秋佳节,最新,0.00,,6,1,text-template
7509772310597946649,电商-主播严选,最新,0.00,,6,1,text-template
7540477516486757656,七夕-单身也要过浪漫节,最新,0.00,,6,1,text-template
7530666212918054169,疯狂的假期,最新,0.00,,6,1,text-template
7529752640629067032,人气TOP,最新,0.00,,6,1,text-template
7532314972261518616,立秋-AUTUMN,最新,0.00,,6,1,text-template
7510048742997871934,毕业旅行-不踩雷,最新,0.00,,6,1,text-template
7527515993640324377,馋哭了,最新,0.00,,6,1,text-template
7512711285910474046,卖爆了,最新,0.00,,6,1,text-template
7530182496449793305,七夕-但愿人长久千里共婵娟,最新,0.00,,6,1,text-template
7522885978466471192,缤纷糖果,最新,0.00,,6,1,text-template
7523063719971196184,推荐,最新,0.00,,6,1,text-template
7525672487489867032,建军节-军魂,最新,0.00,,6,1,text-template
7511550639957167385,毕业季-青春无畏,最新,0.00,,6,1,text-template
7509374862327221529,好礼享不停,最新,0.00,,6,1,text-template
7513096028321598744,毕业季-致青春,最新,0.00,,6,1,text-template
7543566356151684414,日常-记录生活,最新,0.00,,6,1,text-template
7510088954323127576,提笔有神,最新,0.00,,6,1,text-template
7546583604973980952,花好月圆,最新,0.00,,6,1,text-template
7550536202257091864,休个假比996还累人,最新,0.00,,6,1,text-template
7530449750299249944,叽里呱啦,最新,0.00,,6,1,text-template
7548142022847286552,电商-好礼抢先购,最新,0.00,,6,1,text-template
7528725106374446360,运动健身：动起来,最新,0.00,,6,1,text-template
7511405999920614681,致爱父亲节,最新,0.00,,6,1,text-template
7517674066325736766,建党节主题字-辉煌104载,最新,0.00,,6,1,text-template
7681567203354938686,中秋节,🥮中秋节,0.00,,6,1,text-template
7683272721115106622,月满中秋,🥮中秋节,0.00,,6,1,text-template
7685002317229362494,中秋佳节,🥮中秋节,0.00,,6,1,text-template
7675973054949788968,水豚噜噜-吃月饼喽,🥮中秋节,0.00,,6,1,text-template
7684600842921676056,中秋节-月来越好,🥮中秋节,0.00,,6,1,text-template
7685217463956458776,花灯揽月,🥮中秋节,0.00,,6,1,text-template
7684862503616236825,中秋快乐,🥮中秋节,0.00,,6,1,text-template
7683068725238697278,送礼清单,🥮中秋节,0.00,,6,1,text-template
7685392024077405465,月满金秋,🥮中秋节,0.00,,6,1,text-template
7678327407090289945,水豚噜噜-情满中秋,🥮中秋节,0.00,,6,1,text-template
7684524973687524633,人间至味是团圆,🥮中秋节,0.00,,6,1,text-template
7684094629037247769,中秋省钱攻略,🥮中秋节,0.00,,6,1,text-template
7685390425842191640,月圆人团圆,🥮中秋节,0.00,,6,1,text-template
7684216476424965400,月是故乡明,🥮中秋节,0.00,,6,1,text-template
7684495891998444825,中秋佳节,🥮中秋节,0.00,,6,1,text-template
7685318370211941657,中秋,🥮中秋节,0.00,,6,1,text-template
7681611605427211544,中秋节-月入山河,🥮中秋节,0.00,,6,1,text-template
7685216193057393944,中秋游园会,🥮中秋节,0.00,,6,1,text-template
7683364664389979454,中秋热卖榜,🥮中秋节,0.00,,6,1,text-template
7686852768518212926,中秋节-阖家团圆,🥮中秋节,0.00,,6,1,text-template
7684520330035219737,赏味金秋,🥮中秋节,0.00,,6,1,text-template
7681235648904465689,中秋快乐,🥮中秋节,0.00,,6,1,text-template
7684518985693695257,月是故乡明,🥮中秋节,0.00,,6,1,text-template
7684939578620562712,中秋节快乐,🥮中秋节,0.00,,6,1,text-template
7688350223688781080,中秋节-中秋快乐,🥮中秋节,0.00,,6,1,text-template
7681556088386473278,中秋节-情满中秋,🥮中秋节,0.00,,6,1,text-template
7685560761581849881,国风-情满中秋,🥮中秋节,0.00,,6,1,text-template
7678339035265453336,水豚噜噜-月是故乡明,🥮中秋节,0.00,,6,1,text-template
7675956353579355446,水豚噜噜-中秋快乐,🥮中秋节,0.00,,6,1,text-template
7683064875115007294,花好月圆,🥮中秋节,0.00,,6,1,text-template
7684872594042146073,吃月饼啦,🥮中秋节,0.00,,6,1,text-template
7686752054316059966,中秋-农历八月十五,🥮中秋节,0.00,,6,1,text-template
7686761534563028249,中秋节-中秋团圆夜,🥮中秋节,0.00,,6,1,text-template
7686848488705068312,花好月圆,🥮中秋节,0.00,,6,1,text-template
7687132786439785753,中秋快乐,🥮中秋节,0.00,,6,1,text-template
7686071552110284056,中秋语录-别辜负今晚月亮,🥮中秋节,0.00,,6,1,text-template
7684329672351419673,大团圆中秋快乐,🥮中秋节,0.00,,6,1,text-template
7685392149751483710,中秋佳节,🥮中秋节,0.00,,6,1,text-template
7684222219676962110,MIDAUTUMN FESTIVAL,🥮中秋节,0.00,,6,1,text-template
7684972003471674649,中秋,🥮中秋节,0.00,,6,1,text-template
7685213105407872280,中秋团圆夜,🥮中秋节,0.00,,6,1,text-template
7683376284218428734,今宵共团圆,🥮中秋节,0.00,,6,1,text-template
7685592483014692121,人间至味是团圆,🥮中秋节,0.00,,6,1,text-template
7685547843146222872,月满中秋,🥮中秋节,0.00,,6,1,text-template
7683303160102030654,中秋佳节,🥮中秋节,0.00,,6,1,text-template
7686857602093337918,月圆人圆,🥮中秋节,0.00,,6,1,text-template
7684142401031785752,中秋主题字,🥮中秋节,0.00,,6,1,text-template
7681542299926678809,浓情中秋·,🥮中秋节,0.00,,6,1,text-template
7685318410108194110,中秋赏月,🥮中秋节,0.00,,6,1,text-template
7685656430438796606,中秋节-月圆人团圆,🥮中秋节,0.00,,6,1,text-template
7682978108240284990,千里共婵娟,🥮中秋节,0.00,,6,1,text-template
7684090123356491070,礼遇中秋,🥮中秋节,0.00,,6,1,text-template
7683352457111457086,中秋礼遇,🥮中秋节,0.00,,6,1,text-template
7685002505637498174,中秋快乐,🥮中秋节,0.00,,6,1,text-template
7683788750219988286,中秋快乐,🥮中秋节,0.00,,6,1,text-template
7684635674125061401,中秋节-赏花灯,🥮中秋节,0.00,,6,1,text-template
7675969812983565614,水豚噜噜-情满中秋,🥮中秋节,0.00,,6,1,text-template
7688306772242648344,中秋节：月满中秋共团圆,🥮中秋节,0.00,,6,1,text-template
7686071221649394969,中秋节目主持人,🥮中秋节,0.00,,6,1,text-template
7683238876952956222,赏花灯,🥮中秋节,0.00,,6,1,text-template
7687137448383548734,中秋节-浓情中秋,🥮中秋节,0.00,,6,1,text-template
7684973796213853502,中秋节-中秋佳节,🥮中秋节,0.00,,6,1,text-template
7684325683635719449,中秋节-中秋节快乐,🥮中秋节,0.00,,6,1,text-template
7686750232604101913,中秋节-中秋快乐,🥮中秋节,0.00,,6,1,text-template
7683235381663255870,团圆佳节,🥮中秋节,0.00,,6,1,text-template
7685313922185956632,人间至味是清欢,🥮中秋节,0.00,,6,1,text-template
7687136785972858136,中秋节-人间至味是团圆,🥮中秋节,0.00,,6,1,text-template
7675957512004209963,水豚噜噜-月是故乡明,🥮中秋节,0.00,,6,1,text-template
7682983946052701465,阖家团圆,🥮中秋节,0.00,,6,1,text-template
7685202927530675480,花好月圆,🥮中秋节,0.00,,6,1,text-template
7687851498289630526,花好月圆,🥮中秋节,0.00,,6,1,text-template
7683342648597564696,情满中秋,🥮中秋节,0.00,,6,1,text-template
7685564980216859929,中秋快乐,🥮中秋节,0.00,,6,1,text-template
7685341795995356440,月满中秋,🥮中秋节,0.00,,6,1,text-template
7676015256019143998,水豚噜噜-赏花灯,🥮中秋节,0.00,,6,1,text-template
7683271121382264126,中秋喜乐,🥮中秋节,0.00,,6,1,text-template
7684993774421839128,中秋节-中英文标题,🥮中秋节,0.00,,6,1,text-template
7684212971207183640,中秋节快乐,🥮中秋节,0.00,,6,1,text-template
7684528832388418841,花好月圆,🥮中秋节,0.00,,6,1,text-template
7686039463520292121,竖排古风中秋,🥮中秋节,0.00,,6,1,text-template
7685560606493019454,花好月圆,🥮中秋节,0.00,,6,1,text-template
7686782342777572632,中秋快乐,🥮中秋节,0.00,,6,1,text-template
7686766114487143705,中秋节-月满金秋,🥮中秋节,0.00,,6,1,text-template
7683789423741537561,但愿人长久,🥮中秋节,0.00,,6,1,text-template
7682750761196965145,中秋快乐,🥮中秋节,0.00,,6,1,text-template
7683086440292650302,月满中秋,🥮中秋节,0.00,,6,1,text-template
7683074032354348313,我们一起看月亮爬上来,🥮中秋节,0.00,,6,1,text-template
7685743904746147134,月满中秋,🥮中秋节,0.00,,6,1,text-template
7681872806270995774,月满中秋,🥮中秋节,0.00,,6,1,text-template
7687126067576048958,中秋节-花好月圆,🥮中秋节,0.00,,6,1,text-template
7684215193899158846,中秋佳节,🥮中秋节,0.00,,6,1,text-template
7681242773449755929,花好月圆,🥮中秋节,0.00,,6,1,text-template
7684928698453314840,中秋节-中秋快乐,🥮中秋节,0.00,,6,1,text-template
7676083425865911614,水豚噜噜-中秋佳节月圆人安,🥮中秋节,0.00,,6,1,text-template
7687134212440427800,月满中秋,🥮中秋节,0.00,,6,1,text-template
7686829474465189145,中秋-中秋佳节,🥮中秋节,0.00,,6,1,text-template
7683345113736563993,中秋快乐，快乐是真的快乐完要上班也是真的,🥮中秋节,0.00,,6,1,text-template
7685398189553257752,花好月圆,🥮中秋节,0.00,,6,1,text-template
7684714121455209752,中秋节-月满中秋,🥮中秋节,0.00,,6,1,text-template
7687129979238239512,中秋节-中秋团圆夜,🥮中秋节,0.00,,6,1,text-template
7684624029998845246,中秋节-花好月圆,🥮中秋节,0.00,,6,1,text-template
7684995780905553176,中秋节-中秋团圆夜,🥮中秋节,0.00,,6,1,text-template
7685225352544914750,共赏明月圆,🥮中秋节,0.00,,6,1,text-template
7685572758574468376,今宵共团圆,🥮中秋节,0.00,,6,1,text-template
7682969609162591512,月满人团圆,🥮中秋节,0.00,,6,1,text-template
7685006877121449241,中秋节-月到中秋分外明,🥮中秋节,0.00,,6,1,text-template
7685254668963876158,人间至味是团圆,🥮中秋节,0.00,,6,1,text-template
7683070739024481598,人间至味是团圆,🥮中秋节,0.00,,6,1,text-template
7687031483583991065,国庆字幕条-如果热爱有颜色我想一定是中国,🥮中秋节,0.00,,6,1,text-template
7687142455095102744,国庆节-辉煌77载,🇨🇳国庆,0.00,,6,1,text-template
7690495572314361113,向快乐出发,🇨🇳国庆,0.00,,6,1,text-template
7686834755807071550,国庆节-喜迎国庆,🇨🇳国庆,0.00,,6,1,text-template
7676069713981574425,水豚噜噜-即刻出发,🇨🇳国庆,0.00,,6,1,text-template
7684454915523104024,盛世篇章,🇨🇳国庆,0.00,,6,1,text-template
7687504378286214462,喜迎国庆,🇨🇳国庆,0.00,,6,1,text-template
7687500318086778137,我爱你中国,🇨🇳国庆,0.00,,6,1,text-template
7676124025898241304,水豚噜噜-国庆快乐,🇨🇳国庆,0.00,,6,1,text-template
7687129005606145342,国庆节-祖国生日快乐,🇨🇳国庆,0.00,,6,1,text-template
7688985946230033688,人物名片,🇨🇳国庆,0.00,,6,1,text-template
7676106810595511614,水豚噜噜-向快乐出发,🇨🇳国庆,0.00,,6,1,text-template
7686017821910027545,国庆简约标签-人间十月有幸事,🇨🇳国庆,0.00,,6,1,text-template
7684471406209338686,77载耀中华,🇨🇳国庆,0.00,,6,1,text-template
7687371319884827966,盛世庆华诞同心筑华章,🇨🇳国庆,0.00,,6,1,text-template
7676109685509917952,水豚噜噜-盛世中华,🇨🇳国庆,0.00,,6,1,text-template
7688946563485519129,周日/早上10点/mini vlog,🇨🇳国庆,0.00,,6,1,text-template
7682622767778516286,国庆漫游ing,🇨🇳国庆,0.00,,6,1,text-template
7690491760174468377,给生活充充电,🇨🇳国庆,0.00,,6,1,text-template
7687966298822905150,国庆节-我和我的祖国,🇨🇳国庆,0.00,,6,1,text-template
7684446473580432665,国庆节快乐,🇨🇳国庆,0.00,,6,1,text-template
7687528004884548926,国庆节中英文字幕,🇨🇳国庆,0.00,,6,1,text-template
7686847239335185688,愿祖国繁荣昌盛,🇨🇳国庆,0.00,,6,1,text-template
7676054665607351577,水豚噜噜-我爱你中国,🇨🇳国庆,0.00,,6,1,text-template
7686399878427233561,国庆节主题字,🇨🇳国庆,0.00,,6,1,text-template
7687123416104602904,目光所至皆华夏 五星闪耀皆信仰,🇨🇳国庆,0.00,,6,1,text-template
7683524862916300094,家国安宁,🇨🇳国庆,0.00,,6,1,text-template
7690485445406297369,放空计划,🇨🇳国庆,0.00,,6,1,text-template
7687162259478531390,欢度国庆,🇨🇳国庆,0.00,,6,1,text-template
7686838499378466110,国庆节快乐,🇨🇳国庆,0.00,,6,1,text-template
7684557841457335576,欢度国庆,🇨🇳国庆,0.00,,6,1,text-template
7688905218280459582,美妆好物推荐,🇨🇳国庆,0.00,,6,1,text-template
7686782198787132697,国庆节-欢度国庆,🇨🇳国庆,0.00,,6,1,text-template
7683659173380508990,国庆节快乐,🇨🇳国庆,0.00,,6,1,text-template
7688641141813824830,10.1 迎国庆,🇨🇳国庆,0.00,,6,1,text-template
7688697877224377624,国庆节中秋国庆双节献礼标题,🇨🇳国庆,0.00,,6,1,text-template
7687219603247746328,国庆节-国庆节快乐,🇨🇳国庆,0.00,,6,1,text-template
7687277364006620440,这个国庆我要慢慢玩,🇨🇳国庆,0.00,,6,1,text-template
7687134732068474136,国庆节-盛世华诞,🇨🇳国庆,0.00,,6,1,text-template
7682698751278009662,国庆节-盛世华章,🇨🇳国庆,0.00,,6,1,text-template
7687952006769675544,国庆节-喜迎国庆,🇨🇳国庆,0.00,,6,1,text-template
7689028392523681048,秋拼贴文字-祝我们好在秋天,🇨🇳国庆,0.00,,6,1,text-template
7688713710436617534,喜迎国庆,🇨🇳国庆,0.00,,6,1,text-template
7676271553067093273,水豚噜噜-祖国万岁,🇨🇳国庆,0.00,,6,1,text-template
7686840050511842585,国庆节-盛世华诞,🇨🇳国庆,0.00,,6,1,text-template
7686985243244514585,中秋节-中秋佳节,🇨🇳国庆,0.00,,6,1,text-template
7687505721562434840,国庆-盛世华诞,🇨🇳国庆,0.00,,6,1,text-template
7687894199324151102,我爱我的祖国,🇨🇳国庆,0.00,,6,1,text-template
7688975618133724478,简单生活・生活记录,🇨🇳国庆,0.00,,6,1,text-template
7686018600263683353,国庆节-家国同庆,🇨🇳国庆,0.00,,6,1,text-template
7687092280582360344,国庆出行季,🇨🇳国庆,0.00,,6,1,text-template
7688925651382095166,旅行片头-快乐旅行记happy travel vlog,🇨🇳国庆,0.00,,6,1,text-template
7683032667981401368,国庆节,🇨🇳国庆,0.00,,6,1,text-template
7684460221250522392,为华夏喝彩,🇨🇳国庆,0.00,,6,1,text-template
7686011383716203838,国庆节-盛世华诞,🇨🇳国庆,0.00,,6,1,text-template
7690508482914700606,适配度100%,🇨🇳国庆,0.00,,6,1,text-template
7687497860819995929,欢度国庆,🇨🇳国庆,0.00,,6,1,text-template
7687299440386034968,歌唱祖国,🇨🇳国庆,0.00,,6,1,text-template
7687201655091301657,国庆节-我和我的祖国,🇨🇳国庆,0.00,,6,1,text-template
7687146552648895769,国庆节-喜迎国庆,🇨🇳国庆,0.00,,6,1,text-template
7688028543930076478,国庆节-盛世耀中华,🇨🇳国庆,0.00,,6,1,text-template
7686779554773552408,国庆放价,🇨🇳国庆,0.00,,6,1,text-template
7690271479874882841,拼手速,🇨🇳国庆,0.00,,6,1,text-template
7686844859344243993,国庆节-祖国万岁,🇨🇳国庆,0.00,,6,1,text-template
7690476993955155224,旅行线路,🇨🇳国庆,0.00,,6,1,text-template
7687846791240387864,盛世华诞 举国同庆,🇨🇳国庆,0.00,,6,1,text-template
7687716343315025176,祖国生日快乐,🇨🇳国庆,0.00,,6,1,text-template
7687431517735488793,金箔国庆,🇨🇳国庆,0.00,,6,1,text-template
7684443550318284057,国庆,🇨🇳国庆,0.00,,6,1,text-template
7688342400011423038,国庆节-家团圆·国昌盛,🇨🇳国庆,0.00,,6,1,text-template
7686564084879297816,国庆-月满华诞,🇨🇳国庆,0.00,,6,1,text-template
7687234876164197657,国庆节-国庆特惠,🇨🇳国庆,0.00,,6,1,text-template
7690496762166922521,我的旅行日记,🇨🇳国庆,0.00,,6,1,text-template
7687537424477752601,祖国万岁,🇨🇳国庆,0.00,,6,1,text-template
7687147298861813017,国庆节-欢度国庆节,🇨🇳国庆,0.00,,6,1,text-template
7684457507720563993,欢度国庆,🇨🇳国庆,0.00,,6,1,text-template
7687460521548942617,预谋已久的国庆假期,🇨🇳国庆,0.00,,6,1,text-template
7685116110592675134,祖国万岁,🇨🇳国庆,0.00,,6,1,text-template
7686418722789117246,国庆出游穿搭,🇨🇳国庆,0.00,,6,1,text-template
7688219341157993753,国庆出发,🇨🇳国庆,0.00,,6,1,text-template
7687989897734589721,国庆节-爱我中华,🇨🇳国庆,0.00,,6,1,text-template
7687510835463376153,国庆节快乐,🇨🇳国庆,0.00,,6,1,text-template
7682658450203233598,hajimi-啊？,🐱hajimi,0.00,,6,1,text-template
7683877393030925630,hajimi-国泰民安,🐱hajimi,0.00,,6,1,text-template
7679753713841474859,Hajimi-纳尼,🐱hajimi,0.00,,6,1,text-template
7679699937323486488,Hajimi老肩巨滑-我想静静,🐱hajimi,0.00,,6,1,text-template
7682233587349097753,Hajimi吉娃娃点赞-特别推荐,🐱hajimi,0.00,,6,1,text-template
7681612710991219993,hajimi-秋乏,🐱hajimi,0.00,,6,1,text-template
7682425676636572953,hajimi热梗-送送送,🐱hajimi,0.00,,6,1,text-template
7685224919784918297,hajimi-我崩溃啦,🐱hajimi,0.00,,6,1,text-template
7682271402908519742,Hajimi-上班哪有不疯的,🐱hajimi,0.00,,6,1,text-template
7685302251535043865,hajim种草,🐱hajimi,0.00,,6,1,text-template
7686432729734630681,hajimi互动引导-这是重点,🐱hajimi,0.00,,6,1,text-template
7682003661999951128,hajimi 假期旅行-美好启程,🐱hajimi,0.00,,6,1,text-template
7682292352756796696,hajimi-香蕉猫-记录秋天,🐱hajimi,0.00,,6,1,text-template
7681865542453677336,hajimi 互动-开整吧,🐱hajimi,0.00,,6,1,text-template
7681862646580153662,hajimi 情绪表达-夯爆了,🐱hajimi,0.00,,6,1,text-template
7681878103655894297,hajimi 情绪表达-没招了,🐱hajimi,0.00,,6,1,text-template
7681972643469331774,hajimi 旅行-享受假期,🐱hajimi,0.00,,6,1,text-template
7685274139367853336,hajim秋天的味道,🐱hajimi,0.00,,6,1,text-template
7682421230531661081,hajimi热梗-中国人能飞,🐱hajimi,0.00,,6,1,text-template
7682356476136000793,hajimi放假啦,🐱hajimi,0.00,,6,1,text-template
7685186172041202969,hajimi-假期结束啦,🐱hajimi,0.00,,6,1,text-template
7678306484505300248,hajimi苹果猫-苹安喜乐,🐱hajimi,0.00,,6,1,text-template
7682362168611900734,hajimi-能听到嘛,🐱hajimi,0.00,,6,1,text-template
7681836353234996505,hajimi 情绪表达-严重警告,🐱hajimi,0.00,,6,1,text-template
7685343261468413246,hajimi氛围感的神,🐱hajimi,0.00,,6,1,text-template
7685303127309815065,hajim红旗飘飘共庆华诞,🐱hajimi,0.00,,6,1,text-template
7681856664802282814,hajimi 互动-请看VCR,🐱hajimi,0.00,,6,1,text-template
7681242233714134296,hajimi-STOP,🐱hajimi,0.00,,6,1,text-template
7685311780310224153,hajimi筑梦万家灯火同庆盛世中华,🐱hajimi,0.00,,6,1,text-template
7681609649023569214,hajimi-贴秋膘,🐱hajimi,0.00,,6,1,text-template
7681255728849571097,hajimi-思考中,🐱hajimi,0.00,,6,1,text-template
7683894492704984345,hajimi-祖国万岁,🐱hajimi,0.00,,6,1,text-template
7681601126403263768,hajimi-啊秋,🐱hajimi,0.00,,6,1,text-template
7681230561461128473,hajimi-HAHAHAHAHA,🐱hajimi,0.00,,6,1,text-template
7685362860192730430,hajimi-假期充值成功,🐱hajimi,0.00,,6,1,text-template
7681909304244374846,电量耗尽,🐱hajimi,0.00,,6,1,text-template
7679721016649698622,Hajimi二哈警告-前方高能,🐱hajimi,0.00,,6,1,text-template
7681605790234381592,hajimi 吉娃娃-超赞！,🐱hajimi,0.00,,6,1,text-template
7686448220272168254,hajimi-喵脆角,🐱hajimi,0.00,,6,1,text-template
7685291384768630041,hajim盛世华诞举国同庆,🐱hajimi,0.00,,6,1,text-template
7679809583946321176,Hajimi大厨Meme-干饭了,🐱hajimi,0.00,,6,1,text-template
7682369988686269758,hajimi-还没到嘛,🐱hajimi,0.00,,6,1,text-template
7685217267285724441,hajimi-一眨眼假期就过完啦,🐱hajimi,0.00,,6,1,text-template
7682360457591524632,hajimi距离放假还有一天,🐱hajimi,0.00,,6,1,text-template
7685348344394419518,hajimi美拉德穿搭,🐱hajimi,0.00,,6,1,text-template
7685358607147339033,hajimi-开启度假模式,🐱hajimi,0.00,,6,1,text-template
7681588988804844862,hajimi-Autumn,🐱hajimi,0.00,,6,1,text-template
7679834804006800664,hajimi日常文字-好喜欢今天,🐱hajimi,0.00,,6,1,text-template
7684842855608880409,hajimi-公司顶梁柱,🐱hajimi,0.00,,6,1,text-template
7685302542259211545,hajim祖国生日快乐,🐱hajimi,0.00,,6,1,text-template
7679708565715832088,Hajimi摇滚吉娃娃-整活,🐱hajimi,0.00,,6,1,text-template
7684846668549852478,hajimi-lay了,🐱hajimi,0.00,,6,1,text-template
7685350650540215577,hajimi-出发啦,🐱hajimi,0.00,,6,1,text-template
7685377105219276056,hajimi-放假快乐,🐱hajimi,0.00,,6,1,text-template
7681269334840184126,hajimi-Help me,🐱hajimi,0.00,,6,1,text-template
7679725854330752281,Hajimi安详吗喽-我真佛了,🐱hajimi,0.00,,6,1,text-template
7683897245216820504,hajimi假期旅行-粗来玩,🐱hajimi,0.00,,6,1,text-template
7683886226130226457,hajimi-喜迎国庆,🐱hajimi,0.00,,6,1,text-template
7683881654083112216,hajimi-我和我的祖国,🐱hajimi,0.00,,6,1,text-template
7679840846690274595,hajimi探店文字-今日食谱,🐱hajimi,0.00,,6,1,text-template
7685265831827279128,duang,🐱hajimi,0.00,,6,1,text-template
7679799499744759064,Hajimi吉娃娃点赞-针不戳,🐱hajimi,0.00,,6,1,text-template
7679990044836367640,hajimi互动引导-超赞,🐱hajimi,0.00,,6,1,text-template
7685302965803978009,hajim避雷,🐱hajimi,0.00,,6,1,text-template
7679759893452180760,Hajimi安利小狗-快来薅羊毛,🐱hajimi,0.00,,6,1,text-template
7683877630138977560,hajimi放假喽,🐱hajimi,0.00,,6,1,text-template
7678602375187336473,hajimi柠檬猫-属你最檬,🐱hajimi,0.00,,6,1,text-template
7685302522927631641,hajim山河锦绣国盛家兴,🐱hajimi,0.00,,6,1,text-template
7682366790885838142,hajimia-焦糖布丁,🐱hajimi,0.00,,6,1,text-template
7683889917599993113,hajimi假期旅行-天气好哇晒,🐱hajimi,0.00,,6,1,text-template
7686067166562520382,hajimi平价替代,🐱hajimi,0.00,,6,1,text-template
7681554031986117950,hajimi安利小狗-看这里,🐱hajimi,0.00,,6,1,text-template
7685275086194134297,hajim秋天到了该黄的都黄了,🐱hajimi,0.00,,6,1,text-template
7681553902629752089,hajimi吉娃娃小狗点赞-超推荐,🐱hajimi,0.00,,6,1,text-template
7684487829308804414,hajimi-美食新品,🐱hajimi,0.00,,6,1,text-template
7681648160183455001,hajimi-橘子猫-秋日新品,🐱hajimi,0.00,,6,1,text-template
7681755102159490328,搬砖中,🐱hajimi,0.00,,6,1,text-template
7684478672421801278,hajimi-超好吃,🐱hajimi,0.00,,6,1,text-template
7681657361362259224,hajimi-爆头比格Meme-啊秋,🐱hajimi,0.00,,6,1,text-template
7685271326319234329,hajimi-这是重点标记文字,🐱hajimi,0.00,,6,1,text-template
7679836015057603865,hajimi互动引导-欢迎收看,🐱hajimi,0.00,,6,1,text-template
7681797467737820440,特别推荐,🐱hajimi,0.00,,6,1,text-template
7682272650109979928,Hajimi-向快乐出发,🐱hajimi,0.00,,6,1,text-template
7685374204656651545,hajimi-和假期说Hi,🐱hajimi,0.00,,6,1,text-template
7681890679336897854,hajimi-苹果猫-去秋游,🐱hajimi,0.00,,6,1,text-template
7681557963122986264,hajimi摇滚meme-燥起来,🐱hajimi,0.00,,6,1,text-template
7681832493812763929,hajimi 营销-超级推荐,🐱hajimi,0.00,,6,1,text-template
7685289516701306174,hajim欢迎走进秋天,🐱hajimi,0.00,,6,1,text-template
7681861149067021630,hajimi 情绪表达-今天心情美美哒,🐱hajimi,0.00,,6,1,text-template
7685269798498110744,hajimi-香蕉猫知识加载中,🐱hajimi,0.00,,6,1,text-template
7679819054957284632,Hajimi吉娃娃点赞-夯爆了！,🐱hajimi,0.00,,6,1,text-template
7678314311273647422,hajimi橘子猫-大橘大利,🐱hajimi,0.00,,6,1,text-template
7683885600281218366,hajimi-祖国生日快乐,🐱hajimi,0.00,,6,1,text-template
7682256062397025598,Hajimi-躺平模式开启,🐱hajimi,0.00,,6,1,text-template
7684486152799325464,hajimi-YUMMY,🐱hajimi,0.00,,6,1,text-template
7681612233868053785,hajimi 大厨Meme 恰饭时刻,🐱hajimi,0.00,,6,1,text-template
7681560295466077464,hajimi香蕉猫-委屈巴巴,🐱hajimi,0.00,,6,1,text-template
7679779960109845784,Hajimi爆头比格-懵圈,🐱hajimi,0.00,,6,1,text-template
7684484807836863769,hajimi-美味,🐱hajimi,0.00,,6,1,text-template
7685282761216888089,hajim秋日美食,🐱hajimi,0.00,,6,1,text-template
7679802705497427262,Hajimi吉娃娃点赞-赞,🐱hajimi,0.00,,6,1,text-template
7685838043495976217,hajimi-又要上班了？,🐱hajimi,0.00,,6,1,text-template
7678272909420268862,hajimi火龙果猫-红红火火,🐱hajimi,0.00,,6,1,text-template
7681572529244441881,hajimi香蕉猫-秋天啦,🐱hajimi,0.00,,6,1,text-template
7682422118033755416,hajimi热梗-该用户已躺平,🐱hajimi,0.00,,6,1,text-template
7684479632938110233,hajimi-妙脆角,🐱hajimi,0.00,,6,1,text-template
7683896227225914649,hajimi假期旅行-向快乐出发,🐱hajimi,0.00,,6,1,text-template
7678722883450948899,hajimi牛油果猫-富得牛油,🐱hajimi,0.00,,6,1,text-template
7685274612975947033,hajimi-苹果猫简约采访标签,🐱hajimi,0.00,,6,1,text-template
7682432136254786878,hajimi热梗-慢慢急不要来,🐱hajimi,0.00,,6,1,text-template
7684827224553573657,hajimi-做完你的做你的,🐱hajimi,0.00,,6,1,text-template
7685266142373580057,hajimi-橘子猫自定义标签,🐱hajimi,0.00,,6,1,text-template
7682373726381346073,hajimi假期开始,🐱hajimi,0.00,,6,1,text-template
7682294320799583550,Hajimi-放假通知,🐱hajimi,0.00,,6,1,text-template
7681603377679060248,hajimi-HuH Meme 啊？,🐱hajimi,0.00,,6,1,text-template
7681581936430550334,hajimi-秋日美食,🐱hajimi,0.00,,6,1,text-template
7685276354341883161,hajimi-食材准备便签文字,🐱hajimi,0.00,,6,1,text-template
7681546653526084926,hajimi-开心meme,🐱hajimi,0.00,,6,1,text-template
7684835301549985049,hajimi-1kb小脑正在烧烤,🐱hajimi,0.00,,6,1,text-template
7678279932602076441,hajimi香蕉猫-蕉个朋友,🐱hajimi,0.00,,6,1,text-template
7685278827009953049,hajim去秋游,🐱hajimi,0.00,,6,1,text-template
7682431931895582014,hajimi热梗-你的胆子肥嘟嘟的,🐱hajimi,0.00,,6,1,text-template
7685233093271194942,hajimi-牛马模式开启,🐱hajimi,0.00,,6,1,text-template
7679829140555631934,hajimi气泡框-啥情况,🐱hajimi,0.00,,6,1,text-template
7682357162420620606,hajimi-干嘛,🐱hajimi,0.00,,6,1,text-template
7664754577601973529,水豚噜噜-快乐一夏,🍊水豚噜噜,0.00,,6,1,text-template
7661677274395086104,水豚噜噜之超好吃,🍊水豚噜噜,0.00,,6,1,text-template
7659715018866429209,水豚噜噜-太好噜,🍊水豚噜噜,0.00,,6,1,text-template
7659781668290497817,水豚噜噜-点点关注,🍊水豚噜噜,0.00,,6,1,text-template
7658530914322058558,水豚噜噜-元气满满,🍊水豚噜噜,0.00,,6,1,text-template
7660525767901580568,水豚噜噜-快乐起飞,🍊水豚噜噜,0.00,,6,1,text-template
7664592521992916249,水豚噜噜下期再见,🍊水豚噜噜,0.00,,6,1,text-template
7676075699437849918,水豚噜噜-夯爆了,🍊水豚噜噜,0.00,,6,1,text-template
7660167996580793662,水豚噜噜-哇哦,🍊水豚噜噜,0.00,,6,1,text-template
7676048812716084504,水豚噜噜-划重点,🍊水豚噜噜,0.00,,6,1,text-template
7665334567972113688,水豚噜噜-是我呀,🍊水豚噜噜,0.00,,6,1,text-template
7664833041780739353,水豚噜噜超棒,🍊水豚噜噜,0.00,,6,1,text-template
7664668734174481726,水豚噜噜拜托点个赞,🍊水豚噜噜,0.00,,6,1,text-template
7665355765162478872,水豚噜噜-双向奔赴,🍊水豚噜噜,0.00,,6,1,text-template
7665691180549557528,水豚噜噜-超级心动,🍊水豚噜噜,0.00,,6,1,text-template
7659845071478492440,水豚噜噜-蒸蚌,🍊水豚噜噜,0.00,,6,1,text-template
7678277194497608985,水豚噜噜-一起去露营,🍊水豚噜噜,0.00,,6,1,text-template
7660025957281008920,水豚噜噜-嗨起来,🍊水豚噜噜,0.00,,6,1,text-template
7659828009356135704,水豚噜噜-推荐,🍊水豚噜噜,0.00,,6,1,text-template
7660555718885395737,水豚噜噜-欢迎收看,🍊水豚噜噜,0.00,,6,1,text-template
7676042842040438041,水豚噜噜-哦耶,🍊水豚噜噜,0.00,,6,1,text-template
7665345522143677720,水豚噜噜-心动不已,🍊水豚噜噜,0.00,,6,1,text-template
7659322870035877145,水豚噜噜-嘻嘻,🍊水豚噜噜,0.00,,6,1,text-template
7660416692694207768,水豚噜噜-哇哦,🍊水豚噜噜,0.00,,6,1,text-template
7659663858121903384,水豚噜噜-点个赞吧,🍊水豚噜噜,0.00,,6,1,text-template
7665307169474022681,水豚噜噜-被爱包围,🍊水豚噜噜,0.00,,6,1,text-template
7660205541368745278,水豚噜噜-超开心耶,🍊水豚噜噜,0.00,,6,1,text-template
7659373228334304574,水豚噜噜-超美味！,🍊水豚噜噜,0.00,,6,1,text-template
7659689824735087897,水豚噜噜-更新啦,🍊水豚噜噜,0.00,,6,1,text-template
7664546724932783385,水豚噜噜-夏令营,🍊水豚噜噜,0.00,,6,1,text-template
7659657936930606360,水豚噜噜-啥情况,🍊水豚噜噜,0.00,,6,1,text-template
7659079566455115033,水豚噜噜之热化了,🍊水豚噜噜,0.00,,6,1,text-template
7664593786697157950,水豚噜噜超级推荐,🍊水豚噜噜,0.00,,6,1,text-template
7665280601741724952,水豚噜噜-Sweet,🍊水豚噜噜,0.00,,6,1,text-template
7664900842042150206,水豚噜噜-清凉夏日,🍊水豚噜噜,0.00,,6,1,text-template
7660483213105876248,水豚噜噜之先干为敬,🍊水豚噜噜,0.00,,6,1,text-template
7676044986831441177,水豚噜噜-遇见秋天,🍊水豚噜噜,0.00,,6,1,text-template
7664561747050663230,水豚噜噜-哇哦,🍊水豚噜噜,0.00,,6,1,text-template
7664893593202543896,水豚噜噜-暑夏食瓜,🍊水豚噜噜,0.00,,6,1,text-template
7678321286950653209,水豚噜噜-遇见秋天,🍊水豚噜噜,0.00,,6,1,text-template
7660136304453340440,水豚噜噜之说走就走,🍊水豚噜噜,0.00,,6,1,text-template
7665266030612090136,水豚噜噜-好开心呀,🍊水豚噜噜,0.00,,6,1,text-template
7659115104763448601,水豚噜噜-超好吃,🍊水豚噜噜,0.00,,6,1,text-template
7676042546442718489,水豚噜噜-秋日碎片,🍊水豚噜噜,0.00,,6,1,text-template
7676052892024950078,水豚噜噜-秋日小美好,🍊水豚噜噜,0.00,,6,1,text-template
7659317669526719769,水豚噜噜-快乐起飞,🍊水豚噜噜,0.00,,6,1,text-template
7676083425857686846,水豚噜噜-一起去露营,🍊水豚噜噜,0.00,,6,1,text-template
7665342842969050392,水豚噜噜-沉浸式歌唱,🍊水豚噜噜,0.00,,6,1,text-template
7664814987705355544,水豚噜噜-冲冲冲,🍊水豚噜噜,0.00,,6,1,text-template
7664941295433026841,水豚噜噜-盛夏音乐节,🍊水豚噜噜,0.00,,6,1,text-template
7665325511966493977,水豚噜噜-憋笑中,🍊水豚噜噜,0.00,,6,1,text-template
7676085285091822910,水豚噜噜-点点关注,🍊水豚噜噜,0.00,,6,1,text-template
7665285530875235609,水豚噜噜-泥好呀,🍊水豚噜噜,0.00,,6,1,text-template
7676143580703903001,水豚噜噜-捕捉秋天,🍊水豚噜噜,0.00,,6,1,text-template
7664703157980695870,水豚噜噜-Nice,🍊水豚噜噜,0.00,,6,1,text-template
7664566451260394777,水豚噜噜马上回来,🍊水豚噜噜,0.00,,6,1,text-template
7665285923046821145,水豚噜噜-怦然心动,🍊水豚噜噜,0.00,,6,1,text-template
7659868842755378457,水豚噜噜-出来玩,🍊水豚噜噜,0.00,,6,1,text-template
7664542599201492249,水豚噜噜-什么？,🍊水豚噜噜,0.00,,6,1,text-template
7664556780202282265,水豚噜噜-天呐噜,🍊水豚噜噜,0.00,,6,1,text-template
7659669560106323224,水豚噜噜-快乐摇摆,🍊水豚噜噜,0.00,,6,1,text-template
7659366084470000920,水豚噜噜-气泡框-出去玩噜,🍊水豚噜噜,0.00,,6,1,text-template
7676062171943423256,水豚噜噜-更新啦,🍊水豚噜噜,0.00,,6,1,text-template
7688187944347241753,线条小狗-去秋游啦,🐶线条小狗,0.00,,6,1,text-template
7602178433803914521,线条小狗-互动-欢迎收看,🐶线条小狗,0.00,,6,1,text-template
7630469088137006360,线条小狗-超开心,🐶线条小狗,0.00,,6,1,text-template
7685590236495220030,线条小狗祖国生日快乐,🐶线条小狗,0.00,,6,1,text-template
7602176994104872216,线条小狗-互动-更新啦,🐶线条小狗,0.00,,6,1,text-template
7603698124393139481,线条小狗-超喜欢你,🐶线条小狗,0.00,,6,1,text-template
7592217016455482648,线条小狗-给你花花,🐶线条小狗,0.00,,6,1,text-template
7593193088785370430,线条小狗-哇哦,🐶线条小狗,0.00,,6,1,text-template
7585952493784403225,线条小狗新年快乐,🐶线条小狗,0.00,,6,1,text-template
7592607911453625624,线条小狗-过年啦,🐶线条小狗,0.00,,6,1,text-template
7685025553312812350,线条小狗 知识分享-爱心早餐,🐶线条小狗,0.00,,6,1,text-template
7615497498932661529,线条小狗-春日-春天快乐,🐶线条小狗,0.00,,6,1,text-template
7593953994351938878,线条小狗-放假啦,🐶线条小狗,0.00,,6,1,text-template
7617091550824107326,线条小狗真棒,🐶线条小狗,0.00,,6,1,text-template
7615614613748550936,线条小狗-推荐,🐶线条小狗,0.00,,6,1,text-template
7688315734291696958,线条小狗-@我的水印,🐶线条小狗,0.00,,6,1,text-template
7593178874054413630,线条小狗-贴贴,🐶线条小狗,0.00,,6,1,text-template
7602501096472415550,线条小狗求个小爱心,🐶线条小狗,0.00,,6,1,text-template
7599583913408941336,线条小狗开箱好物分享,🐶线条小狗,0.00,,6,1,text-template
7615252178751589657,线条小狗-春日-你好春天,🐶线条小狗,0.00,,6,1,text-template
7602178723986787646,线条小狗-Hello,🐶线条小狗,0.00,,6,1,text-template
7602496183470181694,线条小狗-向快乐出发,🐶线条小狗,0.00,,6,1,text-template
7615655282605313342,线条小狗-快乐存档,🐶线条小狗,0.00,,6,1,text-template
7688198528174279960,线条小狗 知识分享-最新热梗速递,🐶线条小狗,0.00,,6,1,text-template
7684637367545662745,线条小狗-吃月饼,🐶线条小狗,0.00,,6,1,text-template
7592615911043927358,线条小狗-新年快乐,🐶线条小狗,0.00,,6,1,text-template
7684532621354863897,线条小狗-贴秋膘了,🐶线条小狗,0.00,,6,1,text-template
7585962782504307993,线条小狗圣诞开箱惊喜,🐶线条小狗,0.00,,6,1,text-template
7593223006818700606,线条小狗-好漂亮啊,🐶线条小狗,0.00,,6,1,text-template
7602502343594085657,线条小狗-生日快乐,🐶线条小狗,0.00,,6,1,text-template
7585968748604083481,线条小狗圣诞快乐Merry Christmas,🐶线条小狗,0.00,,6,1,text-template
7615830170552913176,线条小狗-生活碎片,🐶线条小狗,0.00,,6,1,text-template
7586310625261948222,线条小狗-超推荐,🐶线条小狗,0.00,,6,1,text-template
7602179098550521113,线条小狗旅行探店打卡,🐶线条小狗,0.00,,6,1,text-template
7599154580739542334,线条小狗-yummy,🐶线条小狗,0.00,,6,1,text-template
7592971583426432318,线条小狗-你好呀,🐶线条小狗,0.00,,6,1,text-template
7684908651714333976,线条小狗-班味拜拜,🐶线条小狗,0.00,,6,1,text-template
7599158121717828889,线条小狗-不理你了,🐶线条小狗,0.00,,6,1,text-template
7585949386929245465,线条小狗元旦快乐,🐶线条小狗,0.00,,6,1,text-template
7602485595189054744,线条小狗-生活记录,🐶线条小狗,0.00,,6,1,text-template
7615468009599323416,线条小狗-春日-好春光,🐶线条小狗,0.00,,6,1,text-template
7685568059352059161,线条小狗假期我来了,🐶线条小狗,0.00,,6,1,text-template
7684951592919027006,线条小狗-电商-新品首发,🐶线条小狗,0.00,,6,1,text-template
7585923252493487422,线条小狗2026来财来财,🐶线条小狗,0.00,,6,1,text-template
7593380560282668350,线条小狗-超美味,🐶线条小狗,0.00,,6,1,text-template
7688189806123388222,线条小狗-假期出游 这里太美啦,🐶线条小狗,0.00,,6,1,text-template
7602505690061524286,线条小狗-怦然心动,🐶线条小狗,0.00,,6,1,text-template
7630859603382930713,线条小狗-元气满满,🐶线条小狗,0.00,,6,1,text-template
7615461006352911640,线条小狗被做局了,🐶线条小狗,0.00,,6,1,text-template
7685008862402956569,线条小狗 知识分享-最新热梗速递,🐶线条小狗,0.00,,6,1,text-template
7602170946165738776,线条小狗惊喜福利来啦,🐶线条小狗,0.00,,6,1,text-template
7688307153379216665,线条小狗-单曲循环,🐶线条小狗,0.00,,6,1,text-template
7685013705892990233,线条小狗 知识分享-干货分享,🐶线条小狗,0.00,,6,1,text-template
7685596934446271769,线条小狗我爱你中国,🐶线条小狗,0.00,,6,1,text-template
7615483181734628670,线条小狗春游记,🐶线条小狗,0.00,,6,1,text-template
7602512149184826649,线条小狗-高光时刻,🐶线条小狗,0.00,,6,1,text-template
7602187077299588377,线条小狗-超哇塞,🐶线条小狗,0.00,,6,1,text-template
7602510588266171672,线条小狗-快乐的一天,🐶线条小狗,0.00,,6,1,text-template
7592211281382346046,线条小狗-哈哈哈,🐶线条小狗,0.00,,6,1,text-template
7684966534246206744,线条小狗-种草啦,🐶线条小狗,0.00,,6,1,text-template
7593370397056257342,线条小狗-送你花花,🐶线条小狗,0.00,,6,1,text-template
7684624088735714585,线条小狗-中秋快乐,🐶线条小狗,0.00,,6,1,text-template
7602183673315708222,线条小狗-推荐,🐶线条小狗,0.00,,6,1,text-template
7616259732814482750,线条小狗 超推荐,🐶线条小狗,0.00,,6,1,text-template
7684492744408026430,线条小狗-去秋游啦,🐶线条小狗,0.00,,6,1,text-template
7599498887614713113,线条小狗-嗨,🐶线条小狗,0.00,,6,1,text-template
7589653962236824857,线条小狗-震惊,🐶线条小狗,0.00,,6,1,text-template
7615390155150626110,线条小狗-记得点赞哦,🐶线条小狗,0.00,,6,1,text-template
7602175489632963865,线条小狗旅行到达目的地,🐶线条小狗,0.00,,6,1,text-template
7592850049554763032,线条小狗-新年我要旺,🐶线条小狗,0.00,,6,1,text-template
7592797751277194520,线条小狗-福星高照,🐶线条小狗,0.00,,6,1,text-template
7602482141372583192,线条小狗-十分喜欢,🐶线条小狗,0.00,,6,1,text-template
7602500895045225752,线条小狗-年度好物分享,🐶线条小狗,0.00,,6,1,text-template
7602176092509785406,线条小狗-互动-划重点,🐶线条小狗,0.00,,6,1,text-template
7688988105684290840,线条小狗-秋日碎片,🐶线条小狗,0.00,,6,1,text-template
7685209061469637950,线条小狗 知识分享-要点汇总,🐶线条小狗,0.00,,6,1,text-template
7592434349761449240,线条小狗-你好,🐶线条小狗,0.00,,6,1,text-template
7593243533121916222,线条小狗-好可爱,🐶线条小狗,0.00,,6,1,text-template
7586252062917152062,线条小狗-划重点,🐶线条小狗,0.00,,6,1,text-template
7684552409569479960,线条小狗-秋日好运派送中,🐶线条小狗,0.00,,6,1,text-template
7599183490202029336,线条小狗-吃什么呢,🐶线条小狗,0.00,,6,1,text-template
7602180376827661593,线条小狗互动引导划重点,🐶线条小狗,0.00,,6,1,text-template
7615446428848196888,线条小狗-春日-SPRING,🐶线条小狗,0.00,,6,1,text-template
7615444379494452504,线条小狗爱了,🐶线条小狗,0.00,,6,1,text-template
7615306626249313598,线条小狗给你点个赞,🐶线条小狗,0.00,,6,1,text-template
7602497625690180926,线条小狗-好运来,🐶线条小狗,0.00,,6,1,text-template
7592870005474069785,线条小狗-来财,🐶线条小狗,0.00,,6,1,text-template
7602498374411111705,线条小狗-放假通知,🐶线条小狗,0.00,,6,1,text-template
7688211880577387838,线条小狗-月圆人团圆,🐶线条小狗,0.00,,6,1,text-template
7684996986927500606,线条小狗-电商-宝藏平替,🐶线条小狗,0.00,,6,1,text-template
7601448857230429464,线条小狗-给力,🐶线条小狗,0.00,,6,1,text-template
7602503930475482430,线条小狗-恋爱特辑,🐶线条小狗,0.00,,6,1,text-template
7685013740399529241,线条小狗 知识分享-生活小妙招,🐶线条小狗,0.00,,6,1,text-template
7602497724524596504,线条小狗-好开心呀,🐶线条小狗,0.00,,6,1,text-template
7686073739913481496,线条小狗欢度国庆,🐶线条小狗,0.00,,6,1,text-template
7602493854926884120,线条小狗-快来玩呀,🐶线条小狗,0.00,,6,1,text-template
7615457824377687320,线条小狗春天来了,🐶线条小狗,0.00,,6,1,text-template
7688214667616980286,线条小狗-福满中秋,🐶线条小狗,0.00,,6,1,text-template
7602496172162485529,线条小狗-哇哦,🐶线条小狗,0.00,,6,1,text-template
7684968989226782014,线条小狗-电商-强烈安利,🐶线条小狗,0.00,,6,1,text-template
7602187211454549273,线条小狗-太棒啦,🐶线条小狗,0.00,,6,1,text-template
7602179594623634750,线条小狗-好开心,🐶线条小狗,0.00,,6,1,text-template
7602175818277883198,线条小狗环球旅行地点标记,🐶线条小狗,0.00,,6,1,text-template
7598913990521097496,线条小狗-学习ing,🐶线条小狗,0.00,,6,1,text-template
7593276027833568536,线条小狗-热销款,🐶线条小狗,0.00,,6,1,text-template
7602187077299555609,线条小狗-互动-注意啦,🐶线条小狗,0.00,,6,1,text-template
7685380273445506366,线条小狗-追星（上）-因爱而聚,🐶线条小狗,0.00,,6,1,text-template
7602505953078054169,线条小狗-喜欢你,🐶线条小狗,0.00,,6,1,text-template
7685375989815479614,线条小狗-追星-请继续发光,🐶线条小狗,0.00,,6,1,text-template
7602510055727975742,线条小狗-要抱抱,🐶线条小狗,0.00,,6,1,text-template
7592397442876853529,线条小狗-放假咯,🐶线条小狗,0.00,,6,1,text-template
7599558494139829529,线条小狗感谢关注,🐶线条小狗,0.00,,6,1,text-template
7615174512954576190,线条小狗-感谢观看,🐶线条小狗,0.00,,6,1,text-template
7684921582510198078,线条小狗-这里太美啦,🐶线条小狗,0.00,,6,1,text-template
7615397654708849982,线条小狗发现春天,🐶线条小狗,0.00,,6,1,text-template
7684882469966892350,线条小狗-快乐出游,🐶线条小狗,0.00,,6,1,text-template
7599572227780087102,线条小狗旅行好物分享,🐶线条小狗,0.00,,6,1,text-template
7685350854190484798,线条小狗-追星（下）-为爱追光,🐶线条小狗,0.00,,6,1,text-template
7631178706320608536,线条小狗-更新啦,🐶线条小狗,0.00,,6,1,text-template
7586254648231890201,线条小狗-元气满满,🐶线条小狗,0.00,,6,1,text-template
7592234455755050265,线条小狗-早上好,🐶线条小狗,0.00,,6,1,text-template
7631170717979168062,线条小狗-心动不已,🐶线条小狗,0.00,,6,1,text-template
7684619440519925054,线条小狗-花好月圆,🐶线条小狗,0.00,,6,1,text-template
7602510239195303193,线条小狗-马年大吉,🐶线条小狗,0.00,,6,1,text-template
7602505249387040025,线条小狗-好好喝,🐶线条小狗,0.00,,6,1,text-template
7602494645188381976,线条小狗-震惊!,🐶线条小狗,0.00,,6,1,text-template
7685577735951076633,线条小狗国庆节快乐,🐶线条小狗,0.00,,6,1,text-template
7615449451666230590,线条小狗-春日-春日物语,🐶线条小狗,0.00,,6,1,text-template
7603688892780449086,线条小狗-情人节礼物,🐶线条小狗,0.00,,6,1,text-template
7602498201878318398,线条小狗-充满活力,🐶线条小狗,0.00,,6,1,text-template
7684896575599938841,线条小狗-向快乐出发,🐶线条小狗,0.00,,6,1,text-template
7615466941456878910,线条小狗-看这里,🐶线条小狗,0.00,,6,1,text-template
7615454529026411800,线条小狗踏春去,🐶线条小狗,0.00,,6,1,text-template
7631154711147646232,线条小狗-快乐加倍,🐶线条小狗,0.00,,6,1,text-template
7684893989694147864,线条小狗-好开心啊,🐶线条小狗,0.00,,6,1,text-template
7684998650392743193,线条小狗-电商-避雷！,🐶线条小狗,0.00,,6,1,text-template
7602173485208800536,线条小狗-互动-求点赞,🐶线条小狗,0.00,,6,1,text-template
7684554086586486078,线条小狗-秋日限定,🐶线条小狗,0.00,,6,1,text-template
7593375225149082904,线条小狗-特别推荐,🐶线条小狗,0.00,,6,1,text-template
7602488142498843966,线条小狗-DAILY LIFE,🐶线条小狗,0.00,,6,1,text-template
7545779364181363992,尖叫文字模版,综艺情绪,0.00,,6,1,text-template
7654043125811481918,别谈理想 谈钱最快,综艺情绪,0.00,,6,1,text-template
7576947247032618302,圣诞快乐MERRY CHRISTMAS,综艺情绪,0.00,,6,1,text-template
7602499085328993561,小蓝同学之轻松拿捏,综艺情绪,0.00,,6,1,text-template
7563306176876694846,Happy Halloween,综艺情绪,0.00,,6,1,text-template
7647503624456768793,情绪-好上头,综艺情绪,0.00,,6,1,text-template
7570591932892597528,芜湖,综艺情绪,0.00,,6,1,text-template
7592894228586499390,暹罗厘普-鹈鹕小河-欢迎收看,综艺情绪,0.00,,6,1,text-template
7642604584950713662,晕,综艺情绪,0.00,,6,1,text-template
7599918694155865369,搞事情,综艺情绪,0.00,,6,1,text-template
7582950510848642366,冬至,综艺情绪,0.00,,6,1,text-template
7602576793089903934,奶茶鼠-超生气,综艺情绪,0.00,,6,1,text-template
7662639522106248472,前方高能,综艺情绪,0.00,,6,1,text-template
7602512808655260990,暹罗厘普-小河哈哈哈哈哈,综艺情绪,0.00,,6,1,text-template
7541042168207510809,游戏加载中,综艺情绪,0.00,,6,1,text-template
7569085314103463192,下饭综艺,综艺情绪,0.00,,6,1,text-template
7645228284900363582,像素夏日,综艺情绪,0.00,,6,1,text-template
7586212681292762430,节日-hello 2026,综艺情绪,0.00,,6,1,text-template
7572894533025959192,划重点,综艺情绪,0.00,,6,1,text-template
7610530679327116569,地铁副本,综艺情绪,0.00,,6,1,text-template
7604097839098072382,马年大吉,综艺情绪,0.00,,6,1,text-template
7545013707823369497,享受快乐时光,综艺情绪,0.00,,6,1,text-template
7652741505538395416,无语住了,综艺情绪,0.00,,6,1,text-template
7531370366154100030,情绪表达-愤怒,综艺情绪,0.00,,6,1,text-template
7545882708107611454,诡异 ,综艺情绪,0.00,,6,1,text-template
7669707100548779288,盖章-超推荐,综艺情绪,0.00,,6,1,text-template
7532056140595612953,秋日时刻,综艺情绪,0.00,,6,1,text-template
7555709108205423897,惊喜预告,综艺情绪,0.00,,6,1,text-template
7548391436916509976,一见钟情-fall in love手写体,综艺情绪,0.00,,6,1,text-template
7537581092082306329,七夕-卖掉了,综艺情绪,0.00,,6,1,text-template
7578763532141874456,一口入魂,综艺情绪,0.00,,6,1,text-template
7565792135535086873,冬日-冬日物语,综艺情绪,0.00,,6,1,text-template
7550578873902239038,假期余额不足,综艺情绪,0.00,,6,1,text-template
7584750524373749054,新年快乐,综艺情绪,0.00,,6,1,text-template
7618792470633172249,谁懂啊,综艺情绪,0.00,,6,1,text-template
7604838982198873368,马上有乾坤,综艺情绪,0.00,,6,1,text-template
7572199530918366488,BANG,综艺情绪,0.00,,6,1,text-template
7645233259214818622,我的假期vlog,综艺情绪,0.00,,6,1,text-template
7587264754482367768,太敢了,综艺情绪,0.00,,6,1,text-template
7593397182229777689,粉红兔子-乐开花,综艺情绪,0.00,,6,1,text-template
7573834151724387608,炸裂,综艺情绪,0.00,,6,1,text-template
7600036941240896793,新年可爱马年祝福马到成功,综艺情绪,0.00,,6,1,text-template
7592204967881215294,粉红兔子-你真棒,综艺情绪,0.00,,6,1,text-template
7560593819494927641,综艺情绪-超哇塞,综艺情绪,0.00,,6,1,text-template
7600220755787549977,新年可爱马年祝福扫马进账,综艺情绪,0.00,,6,1,text-template
7570237497331141912,综艺词-爆炸消息,综艺情绪,0.00,,6,1,text-template
7534700002636221721,市井烟火味,综艺情绪,0.00,,6,1,text-template
7682174908817902873,向快乐出发,综艺情绪,0.00,,6,1,text-template
7657889184346049854,翻遍相册也要配上这首BGM,综艺情绪,0.00,,6,1,text-template
7672311234758200600,早八魂,综艺情绪,0.00,,6,1,text-template
7602495884294917400,暹罗厘普-节庆-过年啦,综艺情绪,0.00,,6,1,text-template
7603706734619954457,公主请发财,综艺情绪,0.00,,6,1,text-template
7565780606722870552,夺冠,综艺情绪,0.00,,6,1,text-template
7552168102398692670,气喘吁吁,综艺情绪,0.00,,6,1,text-template
7630831404624104729,慢慢急不要来,综艺情绪,0.00,,6,1,text-template
7576984353150946585,圣诞快乐Merry Christmas,综艺情绪,0.00,,6,1,text-template
7552758944360336665,情绪-快乐摇摆,综艺情绪,0.00,,6,1,text-template
7602181776257174846,暹罗离谱-过年好,综艺情绪,0.00,,6,1,text-template
7617745031004376344,综艺-懵圈,综艺情绪,0.00,,6,1,text-template
7612573558107049240,小蓝同学-买买买,综艺情绪,0.00,,6,1,text-template
7563205362229235006,万圣节快乐英文,综艺情绪,0.00,,6,1,text-template
7563575689832860952,奶凶奶凶,综艺情绪,0.00,,6,1,text-template
7593334442857549118,粉红兔子-向快乐出发,综艺情绪,0.00,,6,1,text-template
7550315482612682009,国庆旅行第一天,综艺情绪,0.00,,6,1,text-template
7557421302097661209,炸裂,综艺情绪,0.00,,6,1,text-template
7598119228901723417,春节-福,综艺情绪,0.00,,6,1,text-template
7576852427073309976,圣诞快乐,综艺情绪,0.00,,6,1,text-template
7646866866794728729,超好吃,综艺情绪,0.00,,6,1,text-template
7573504547361066302,注意事项,综艺情绪,0.00,,6,1,text-template
7583217469272100158,划重点,综艺情绪,0.00,,6,1,text-template
7579470681541496126,圣诞氛围up,综艺情绪,0.00,,6,1,text-template
7600288925349072153,新年可爱马年祝福马年吉祥,综艺情绪,0.00,,6,1,text-template
7580018035449253145,圣诞惊喜,综艺情绪,0.00,,6,1,text-template
7590659418019089688,太上头了,综艺情绪,0.00,,6,1,text-template
7533398360158424344,养生-药食同源,综艺情绪,0.00,,6,1,text-template
7626849009495428377,被硬控,综艺情绪,0.00,,6,1,text-template
7592663120838102297,奶茶鼠-放假啦,综艺情绪,0.00,,6,1,text-template
7604472070264638744,辞旧迎新,综艺情绪,0.00,,6,1,text-template
7532731377725394201,好物分享日常,综艺情绪,0.00,,6,1,text-template
7531439341650890046,热梗-美美桑内,综艺情绪,0.00,,6,1,text-template
7577460099208301886,圣诞快乐英文,综艺情绪,0.00,,6,1,text-template
7552271498858384702,好美味耶,综艺情绪,0.00,,6,1,text-template
7611372647481380120,小蓝同学已躺平,综艺情绪,0.00,,6,1,text-template
7644802644418104638,游戏风前途必然是光明的,综艺情绪,0.00,,6,1,text-template
7678323650348518681,吓死我了,综艺情绪,0.00,,6,1,text-template
7600314894461963582,LOVE,综艺情绪,0.00,,6,1,text-template
7618945213150711064,夯爆了,综艺情绪,0.00,,6,1,text-template
7618931213155192089,互动-更新啦,综艺情绪,0.00,,6,1,text-template
7550201382238719257,快乐计划,综艺情绪,0.00,,6,1,text-template
7681880713184202009,高能来袭,综艺情绪,0.00,,6,1,text-template
7616682570079603992,强得可怕,综艺情绪,0.00,,6,1,text-template
7572908602659360025,震惊,综艺情绪,0.00,,6,1,text-template
7593289259944283454,粉红兔子-超级推荐,综艺情绪,0.00,,6,1,text-template
7604314860968693054,春节-福马纳祥,综艺情绪,0.00,,6,1,text-template
7602499878865931582,暹罗厘普-快乐营业,综艺情绪,0.00,,6,1,text-template
7619166706220617022,愚你同乐,综艺情绪,0.00,,6,1,text-template
7604495474539744537,喜迎财神,综艺情绪,0.00,,6,1,text-template
7672302592050941209,烦恼出逃,综艺情绪,0.00,,6,1,text-template
7537108386899512601,靠谱,综艺情绪,0.00,,6,1,text-template
7598818922246180120,粉红兔子-好可爱哦,综艺情绪,0.00,,6,1,text-template
7616762573303598360,王者,综艺情绪,0.00,,6,1,text-template
7579160682969632062,圣诞快乐Merry Christmas,综艺情绪,0.00,,6,1,text-template
7576923403169467673,祝你圣诞快乐I wish you a Merry Christmas,综艺情绪,0.00,,6,1,text-template
7569903022134938942,冬日美食-本店招牌,综艺情绪,0.00,,6,1,text-template
7651622743527673112,必点,综艺情绪,0.00,,6,1,text-template
7579158805175356734,璀璨彩灯,综艺情绪,0.00,,6,1,text-template
7592218066566712601,粉红兔子-出发啦,综艺情绪,0.00,,6,1,text-template
7541197482219392318,黑猴,综艺情绪,0.00,,6,1,text-template
7592910394260245784,奶茶鼠-美好的一天Have a nice day,综艺情绪,0.00,,6,1,text-template
7579230217282030873,圣诞节-圣诞快乐,综艺情绪,0.00,,6,1,text-template
7602520893184642366,小蓝同学-洗白白,综艺情绪,0.00,,6,1,text-template
7573314113321979161,震惊,综艺情绪,0.00,,6,1,text-template
7656831390356507928,开启暑假模式,综艺情绪,0.00,,6,1,text-template
7541651498359360792,热梗-靠谱,综艺情绪,0.00,,6,1,text-template
7604756967344737560,好事发生,综艺情绪,0.00,,6,1,text-template
7579532156737981758,礼花绽放新年祝福,综艺情绪,0.00,,6,1,text-template
7598118984705133849,马年兴旺,综艺情绪,0.00,,6,1,text-template
7666680053584956697,千万别买,综艺情绪,0.00,,6,1,text-template
7583686750673980696,我酸了,综艺情绪,0.00,,6,1,text-template
7583146893916622142,新年快乐HAPPYNEWYEAR,综艺情绪,0.00,,6,1,text-template
7592447442105355544,2026,综艺情绪,0.00,,6,1,text-template
7588998294387592510,新年囤好货,综艺情绪,0.00,,6,1,text-template
7587424409644961048,综艺热词-高能金句,综艺情绪,0.00,,6,1,text-template
7535349988721904920,冲,综艺情绪,0.00,,6,1,text-template
7541017260144463166,碳水脑袋,综艺情绪,0.00,,6,1,text-template
7592434636018715966,小蓝和他的朋友IP-禁止加班,综艺情绪,0.00,,6,1,text-template
7534262071723183385,旅行-WOW,综艺情绪,0.00,,6,1,text-template
7625318391825354009,被圈粉,综艺情绪,0.00,,6,1,text-template
7645238235081231678,萌娃舞台秀,综艺情绪,0.00,,6,1,text-template
7602176501307477273,战力爆表,综艺情绪,0.00,,6,1,text-template
7657982067359386904,CityWalk,综艺情绪,0.00,,6,1,text-template
7589078167361555737,风云榜,综艺情绪,0.00,,6,1,text-template
7577705718808333630,12.12超级特惠,综艺情绪,0.00,,6,1,text-template
7528685785428692286,综艺情绪-绝了,综艺情绪,0.00,,6,1,text-template
7577249161653865753,圣诞节快乐英文,综艺情绪,0.00,,6,1,text-template
7619394410861710654,逗你玩,综艺情绪,0.00,,6,1,text-template
7682705476559113534,网络热梗-你的胆子真是肥嘟嘟的,综艺情绪,0.00,,6,1,text-template
7573147450479889688,穿搭-种草啦,综艺情绪,0.00,,6,1,text-template
7577249523224055102,圣诞许愿池,综艺情绪,0.00,,6,1,text-template
7577020284390214936,圣诞-愿你的圣诞闪耀着爱的光芒,综艺情绪,0.00,,6,1,text-template
7594130505780743448,开始游戏,综艺情绪,0.00,,6,1,text-template
7647169348288859416,超可爱,综艺情绪,0.00,,6,1,text-template
7603969722626870552,鸿运当头,综艺情绪,0.00,,6,1,text-template
7577743798579662142,爆单,综艺情绪,0.00,,6,1,text-template
7585084744166165785,暴击,综艺情绪,0.00,,6,1,text-template
7538306679167962430,炸裂,综艺情绪,0.00,,6,1,text-template
7589113509733076249,终极放价,综艺情绪,0.00,,6,1,text-template
7611872933614947608,奶茶鼠-太赞啦,综艺情绪,0.00,,6,1,text-template
7585460380508605758,夺金时刻,综艺情绪,0.00,,6,1,text-template
7591759212200430910,网络热梗-我让你挑,综艺情绪,0.00,,6,1,text-template
7611379762967121177,粉红兔子收到,综艺情绪,0.00,,6,1,text-template
7544261187500920126,互动-感谢关注,综艺情绪,0.00,,6,1,text-template
7590693478502272280,黄油小熊-新品,综艺情绪,0.00,,6,1,text-template
7572197090990951705,WTF,综艺情绪,0.00,,6,1,text-template
7594041319622855961,人物介绍-字幕条,综艺情绪,0.00,,6,1,text-template
7573233812713377048,直播画面,综艺情绪,0.00,,6,1,text-template
7682726377778646297,加更啦,综艺情绪,0.00,,6,1,text-template
7570941070914374936,小公举,综艺情绪,0.00,,6,1,text-template
7618855299209825560,互动-感谢观看,综艺情绪,0.00,,6,1,text-template
7604737323712040217,招财纳福,综艺情绪,0.00,,6,1,text-template
7530863048752450878,热暑了,综艺情绪,0.00,,6,1,text-template
7603761063120686361,高能来袭,综艺情绪,0.00,,6,1,text-template
7669047200265276734,萌宠-萌萌哒,综艺情绪,0.00,,6,1,text-template
7529456648734264601,好物测评-靠谱,综艺情绪,0.00,,6,1,text-template
7666019761079307544,嘎嘎香,综艺情绪,0.00,,6,1,text-template
7602493520003419454,暹罗厘普-放假啦,综艺情绪,0.00,,6,1,text-template
7599635359030381849,名场面,综艺情绪,0.00,,6,1,text-template
7668208040352681241,今日宜出门,综艺情绪,0.00,,6,1,text-template
7593180441390386456,黄油小熊之超棒的,综艺情绪,0.00,,6,1,text-template
7668236943330725182,好玩好玩,综艺情绪,0.00,,6,1,text-template
7611889552420080920,奶茶鼠-快乐日常,综艺情绪,0.00,,6,1,text-template
7672289270350105880,啊,综艺情绪,0.00,,6,1,text-template
7580742682193005886,闭嘴！！-情绪表达互动类文字模板,综艺情绪,0.00,,6,1,text-template
7570745065744747800,精彩时刻,综艺情绪,0.00,,6,1,text-template
7593568631485844761,粉红兔子-好厉害啊,综艺情绪,0.00,,6,1,text-template
7633469996588584217,速速围观,综艺情绪,0.00,,6,1,text-template
7592531881888091416,粉红兔子-红包拿来,综艺情绪,0.00,,6,1,text-template
7647907566793837848,灵感迸发,综艺情绪,0.00,,6,1,text-template
7690635960022814014,初秋妆容,综艺情绪,0.00,,6,1,text-template
7587459286863858969,综艺热词-震惊,综艺情绪,0.00,,6,1,text-template
7550201382238948633,不踩雷,综艺情绪,0.00,,6,1,text-template
7611379165350071577,粉红兔子好开心,综艺情绪,0.00,,6,1,text-template
7591054493438184729,前方高能,综艺情绪,0.00,,6,1,text-template
7557533373703572761,综艺情绪词-震惊,综艺情绪,0.00,,6,1,text-template
7586315087577648408,节日-元旦快乐,综艺情绪,0.00,,6,1,text-template
7572675730904075545,震撼,综艺情绪,0.00,,6,1,text-template
7669710286915554584,玩抽象,综艺情绪,0.00,,6,1,text-template
7593229643453435161,粉红兔子-新春播报,🐰粉红兔子,0.00,,6,1,text-template
7598572609273498904,粉红兔子-标题-快乐日常,🐰粉红兔子,0.00,,6,1,text-template
7593165966750797118,粉红兔子-真棒,🐰粉红兔子,0.00,,6,1,text-template
7599599326091824446,粉红兔子不知道我的身材很曼妙,🐰粉红兔子,0.00,,6,1,text-template
7598806501280582936,粉红兔子-片头-欢迎收看,🐰粉红兔子,0.00,,6,1,text-template
7611888767577836862,粉红兔子-互动-记得点赞哦,🐰粉红兔子,0.00,,6,1,text-template
7598691659118955800,粉红兔子-片尾-下期见,🐰粉红兔子,0.00,,6,1,text-template
7592601708480728382,粉红兔子-好喜欢,🐰粉红兔子,0.00,,6,1,text-template
7593651375355989310,粉红兔子-给你点赞,🐰粉红兔子,0.00,,6,1,text-template
7593255389433548056,粉红兔子-马上发财,🐰粉红兔子,0.00,,6,1,text-template
7599292116413582638,粉红兔子-上班哪有不疯的,🐰粉红兔子,0.00,,6,1,text-template
7593322833267346712,粉红兔子-疯狂心动,🐰粉红兔子,0.00,,6,1,text-template
7611897282837138712,粉红兔子-看这里,🐰粉红兔子,0.00,,6,1,text-template
7599202437777427737,粉红兔子-吃瓜群众,🐰粉红兔子,0.00,,6,1,text-template
7611369509122821400,粉红兔子略略略,🐰粉红兔子,0.00,,6,1,text-template
7593205582283427097,粉红兔子-放假啦,🐰粉红兔子,0.00,,6,1,text-template
7598717727972543768,粉红兔子-互动-划重点,🐰粉红兔子,0.00,,6,1,text-template
7598510452762774846,粉红兔子-标题-记录生活,🐰粉红兔子,0.00,,6,1,text-template
7599277643330227483,粉红兔子-好赞,🐰粉红兔子,0.00,,6,1,text-template
7611903920520318270,粉红兔子-互动-看这里,🐰粉红兔子,0.00,,6,1,text-template
7598924998576721203,粉红兔子-特别推荐,🐰粉红兔子,0.00,,6,1,text-template
7598600897865960729,粉红兔子-互动-关注我,🐰粉红兔子,0.00,,6,1,text-template
7598824446006234393,粉红兔子-不愧是我,🐰粉红兔子,0.00,,6,1,text-template
7599156061685353753,粉红兔子-打卡圣地,🐰粉红兔子,0.00,,6,1,text-template
7593185781540310296,粉红兔子之闪亮登场,🐰粉红兔子,0.00,,6,1,text-template
7598500523976920345,粉红兔子-更新啦,🐰粉红兔子,0.00,,6,1,text-template
7598630616007134489,粉红兔子-标题-VLOG,🐰粉红兔子,0.00,,6,1,text-template
7598827022655196478,粉红兔子-互动-感谢观看,🐰粉红兔子,0.00,,6,1,text-template
7599618863361346840,粉红兔子-尴尬,🐰粉红兔子,0.00,,6,1,text-template
7593284278071610686,粉红兔子-好开心耶,🐰粉红兔子,0.00,,6,1,text-template
7612583177852472601,粉红兔子尴尬,🐰粉红兔子,0.00,,6,1,text-template
7611911225051761982,粉红兔子-哈喽春日,🐰粉红兔子,0.00,,6,1,text-template
7611885337064901950,粉红兔子-互动-超推荐,🐰粉红兔子,0.00,,6,1,text-template
7599251321740397850,粉红兔子-我的天呐,🐰粉红兔子,0.00,,6,1,text-template
7611883188419431704,粉红兔子-互动-感谢观看,🐰粉红兔子,0.00,,6,1,text-template
7598556107879124248,粉红兔子-点赞哦,🐰粉红兔子,0.00,,6,1,text-template
7611915107383168281,粉红兔子-春日-春天快乐,🐰粉红兔子,0.00,,6,1,text-template
7599130260315311385,粉红兔子-天气好哇噻,🐰粉红兔子,0.00,,6,1,text-template
7593260367560822078,粉红兔子-冲冲冲,🐰粉红兔子,0.00,,6,1,text-template
7598892903712214281,粉红兔子-浪漫情人节,🐰粉红兔子,0.00,,6,1,text-template
7599576148833701182,粉红兔子今天只想和你浪漫,🐰粉红兔子,0.00,,6,1,text-template
7598745264291171609,粉红兔子-划重点,🐰粉红兔子,0.00,,6,1,text-template
7611884415844732222,粉红兔子-那咋啦,🐰粉红兔子,0.00,,6,1,text-template
7592872280611392830,粉红兔子-情人节快乐,🐰粉红兔子,0.00,,6,1,text-template
7593343205064723736,粉色兔子-好害羞,🐰粉红兔子,0.00,,6,1,text-template
7611884916724518169,粉红兔子-春日-在春天,🐰粉红兔子,0.00,,6,1,text-template
7611921798002838809,粉红兔子-互动-重点来了,🐰粉红兔子,0.00,,6,1,text-template
7593286641821764889,粉红兔子-放假啦,🐰粉红兔子,0.00,,6,1,text-template
7611876759000321342,粉红兔子-太美了吧,🐰粉红兔子,0.00,,6,1,text-template
7599102429673852185,粉红兔子-出来玩,🐰粉红兔子,0.00,,6,1,text-template
7598755639652830488,粉红兔子-哈哈哈,🐰粉红兔子,0.00,,6,1,text-template
7611861827303148824,粉红兔子-春日-你好春天,🐰粉红兔子,0.00,,6,1,text-template
7593399350835891518,粉红兔子-哇塞,🐰粉红兔子,0.00,,6,1,text-template
7599143634868587801,粉红兔子-开心极了,🐰粉红兔子,0.00,,6,1,text-template
7598898693567434008,粉红兔子-震惊,🐰粉红兔子,0.00,,6,1,text-template
7592194658449640729,粉红兔子-英文想你啦,🐰粉红兔子,0.00,,6,1,text-template
7612584262419762456,粉红兔子-去踏青,🐰粉红兔子,0.00,,6,1,text-template
7599535259121683750,粉红兔子-快乐假期Vlog,🐰粉红兔子,0.00,,6,1,text-template
7611387888156069182,粉红兔子假期结束已开工,🐰粉红兔子,0.00,,6,1,text-template
7611877078211956030,粉红兔子-放飞自我,🐰粉红兔子,0.00,,6,1,text-template
7599269604786965784,粉红兔子-日期条,🐰粉红兔子,0.00,,6,1,text-template
7598479159643622681,粉红兔子-好心动,🐰粉红兔子,0.00,,6,1,text-template
7611886952886996248,粉红兔子-我真服了,🐰粉红兔子,0.00,,6,1,text-template
7611898591040425278,粉红兔子-出发 记录春日好时光,🐰粉红兔子,0.00,,6,1,text-template
7592941271619128638,粉红兔子之嗨起来,🐰粉红兔子,0.00,,6,1,text-template
7611065916775894297,粉红兔子害羞羞,🐰粉红兔子,0.00,,6,1,text-template
7598860661195640089,粉红兔子-互动-点个赞,🐰粉红兔子,0.00,,6,1,text-template
7592246721917472025,粉红兔子-快乐加倍,🐰粉红兔子,0.00,,6,1,text-template
7599567210738142502,粉红兔子-尴尬,🐰粉红兔子,0.00,,6,1,text-template
7611880128309628184,粉红兔子-超上头,🐰粉红兔子,0.00,,6,1,text-template
7593400036575153470,粉红兔子-我最棒,🐰粉红兔子,0.00,,6,1,text-template
7599520368293891353,粉红兔子感谢关注,🐰粉红兔子,0.00,,6,1,text-template
7611858500246850840,粉红兔子-春日-春日物语,🐰粉红兔子,0.00,,6,1,text-template
7611861792838536472,粉红兔子-快乐起飞,🐰粉红兔子,0.00,,6,1,text-template
7612574683568917784,粉红兔子-好雨知时节,🐰粉红兔子,0.00,,6,1,text-template
7611873861872930073,粉红兔子-我最耀眼,🐰粉红兔子,0.00,,6,1,text-template
7599137687164947721,粉红兔子-快哉！快哉！,🐰粉红兔子,0.00,,6,1,text-template
7611928358300945726,粉红兔子-在春天见面吧,🐰粉红兔子,0.00,,6,1,text-template
7599583301594123529,粉红兔子-卷不动了,🐰粉红兔子,0.00,,6,1,text-template
7598571533015239961,粉红兔子-哇哦,🐰粉红兔子,0.00,,6,1,text-template
7593173260896963865,粉红兔子之寒假来啦,🐰粉红兔子,0.00,,6,1,text-template
7598621918257761598,粉红兔子-互动-一键三连,🐰粉红兔子,0.00,,6,1,text-template
7598550014486646078,粉红兔子-记得关注哦,🐰粉红兔子,0.00,,6,1,text-template
7599229362105290008,粉红兔子-旅行攻略,🐰粉红兔子,0.00,,6,1,text-template
7593240946364550425,粉红兔子-磕到了,🐰粉红兔子,0.00,,6,1,text-template
7592884489286700350,粉红兔子-买年货,🐰粉红兔子,0.00,,6,1,text-template
7592239825244278040,粉红兔子-休息勿扰,🐰粉红兔子,0.00,,6,1,text-template
7611870680002333976,粉红兔子-紧张,🐰粉红兔子,0.00,,6,1,text-template
7592996864103009561,粉红兔子之顶级精神状态,🐰粉红兔子,0.00,,6,1,text-template
7611884158159359294,粉红兔子-春日-SPRING,🐰粉红兔子,0.00,,6,1,text-template
7599192957056486718,粉红兔子-哇哦,🐰粉红兔子,0.00,,6,1,text-template
7611879057801628953,粉红兔子-这么抽象,🐰粉红兔子,0.00,,6,1,text-template
7599590167912942873,粉红兔子爱了,🐰粉红兔子,0.00,,6,1,text-template
7599104295245483288,粉红兔子-蚌埠住了,🐰粉红兔子,0.00,,6,1,text-template
7428197840347843855,边花边省双十一文字,🛍️电商,0.00,,6,1,text-template
7508228210300112153,好物节,🛍️电商,0.00,,6,1,text-template
7455243916330405145,年货必买,🛍️电商,0.00,,6,1,text-template
7511603102013885721,重磅推出,🛍️电商,0.00,,6,1,text-template
7478281614540213566,电商促销-惊喜开抢,🛍️电商,0.00,,6,1,text-template
7439724533759626546,预售开启,🛍️电商,0.00,,6,1,text-template
7552095640516922686,国庆电商促销-明星同款,🛍️电商,0.00,,6,1,text-template
7644970049836535064,电商-惊爆价,🛍️电商,0.00,,6,1,text-template
7508368813491113278,超划算,🛍️电商,0.00,,6,1,text-template
7634060138768502040,母亲节-母亲节快乐,🛍️电商,0.00,,6,1,text-template
7578527197179415833,超低价,🛍️电商,0.00,,6,1,text-template
7436009775768292635,好物安利,🛍️电商,0.00,,6,1,text-template
7481214087779781913,人气爆款,🛍️电商,0.00,,6,1,text-template
7583614329493163288,年会节目单,🛍️电商,0.00,,6,1,text-template
7506551464291093784,限时抢购,🛍️电商,0.00,,6,1,text-template
7442194722669563199,开抢啦,🛍️电商,0.00,,6,1,text-template
7631211586631339326,51狂欢购,🛍️电商,0.00,,6,1,text-template
7639732840959053080,LOOK,🛍️电商,0.00,,6,1,text-template
7537216824845339928,运动-坚持,🛍️电商,0.00,,6,1,text-template
7426770708178504997,双十一囤货攻略,🛍️电商,0.00,,6,1,text-template
7476803734110997785,电商卖货-人气新品,🛍️电商,0.00,,6,1,text-template
7498374161207790873,超划算,🛍️电商,0.00,,6,1,text-template
7645726299264257305,品质保障,🛍️电商,0.00,,6,1,text-template
7427402103586360617,锁定直播间,🛍️电商,0.00,,6,1,text-template
7569068109487770905,重点推荐,🛍️电商,0.00,,6,1,text-template
7498674360304176446,为爱放价,🛍️电商,0.00,,6,1,text-template
7642258796466900248,送福利,🛍️电商,0.00,,6,1,text-template
7472679394058915097,综艺情绪-强列推荐,🛍️电商,0.00,,6,1,text-template
7642250537437547838,618狂欢,🛍️电商,0.00,,6,1,text-template
7508402491403357464,必冲,🛍️电商,0.00,,6,1,text-template
7577461561002986814,热卖中,🛍️电商,0.00,,6,1,text-template
7612298310027726105,3.8妇女节-3.8抢先购,🛍️电商,0.00,,6,1,text-template
7439657698326629642,双十二品牌盛典,🛍️电商,0.00,,6,1,text-template
7506335236561784088,夏天夏日狂暑购标题文字,🛍️电商,0.00,,6,1,text-template
7617681910223097113,促销-超推荐,🛍️电商,0.00,,6,1,text-template
7552764190914727193,国庆中秋-惊喜钜惠,🛍️电商,0.00,,6,1,text-template
7552137648572386622,国庆电商促销-马上下单,🛍️电商,0.00,,6,1,text-template
7426579711783980315,双十一促销强烈推荐,🛍️电商,0.00,,6,1,text-template
7646976043659644185,整点开抢,🛍️电商,0.00,,6,1,text-template
7570719923731975449,玩转双十二,🛍️电商,0.00,,6,1,text-template
7634475331100871998,母亲节-超多福利,🛍️电商,0.00,,6,1,text-template
7600327116734942526,囤年货啦,🛍️电商,0.00,,6,1,text-template
7677605506546109720,秒杀,🛍️电商,0.00,,6,1,text-template
7672280182278999321,开学福利购,🛍️电商,0.00,,6,1,text-template
7541279566703398206,电商促销-早秋新品,🛍️电商,0.00,,6,1,text-template
7426359311464434985,点击链接,🛍️电商,0.00,,6,1,text-template
7438820710505647423,购物狂欢 限时半价,🛍️电商,0.00,,6,1,text-template
7437085558251343131,双十二/年度钜惠,🛍️电商,0.00,,6,1,text-template
7440032349565259027,电商带货推荐文字-好物种草,🛍️电商,0.00,,6,1,text-template
7641954897017031998,好物清单,🛍️电商,0.00,,6,1,text-template
7593947202477935897,喜迎新年,🛍️电商,0.00,,6,1,text-template
7426199115719118099,立即下单,🛍️电商,0.00,,6,1,text-template
7477028601175739673,电商卖货-立即抢购,🛍️电商,0.00,,6,1,text-template
7644100493265980734,超推荐,🛍️电商,0.00,,6,1,text-template
7426251784735165730,双十一隐藏攻略,🛍️电商,0.00,,6,1,text-template
7600345482006678808,闭眼冲,🛍️电商,0.00,,6,1,text-template
7426670274633911561,双十一-低至五折,🛍️电商,0.00,,6,1,text-template
7625915323149208856,重磅推出电商,🛍️电商,0.00,,6,1,text-template
7498681966221413656,钜惠来袭,🛍️电商,0.00,,6,1,text-template
7581931472718826777,热销爆款,🛍️电商,0.00,,6,1,text-template
7583612337937206552,喜报,🛍️电商,0.00,,6,1,text-template
7617824895996546328,促销-专属福利,🛍️电商,0.00,,6,1,text-template
7647411923406982424,库存紧张,🛍️电商,0.00,,6,1,text-template
7492760417815661849,五一狂欢大放价,🛍️电商,0.00,,6,1,text-template
7509357109042187582,限时秒,🛍️电商,0.00,,6,1,text-template
7535698457202396441,强烈推荐,🛍️电商,0.00,,6,1,text-template
7514507717810130201,电商-爆款直降,🛍️电商,0.00,,6,1,text-template
7602509942129495358,年货狂欢,🛍️电商,0.00,,6,1,text-template
7427400798943939851,求关注,🛍️电商,0.00,,6,1,text-template
7560536586887269657,人气TOP,🛍️电商,0.00,,6,1,text-template
7479700727590423870,爆款,🛍️电商,0.00,,6,1,text-template
7563132657920642366,今晚开卖,🛍️电商,0.00,,6,1,text-template
7428619341358320933,爆款,🛍️电商,0.00,,6,1,text-template
7538621162897558808,好物种草,🛍️电商,0.00,,6,1,text-template
7552757500735687998,国庆中秋-双节大促,🛍️电商,0.00,,6,1,text-template
7508042610712333592,火拼618,🛍️电商,0.00,,6,1,text-template
7669965600424201497,七夕礼遇季,🛍️电商,0.00,,6,1,text-template
7434106746089540901,购物人气爆款,🛍️电商,0.00,,6,1,text-template
7562446093238226201,红黑榜,🛍️电商,0.00,,6,1,text-template
7648333473408830744,营销-畅销爆款,🛍️电商,0.00,,6,1,text-template
7562449325293391166,大避雷,🛍️电商,0.00,,6,1,text-template
7426032434199792937,限时秒杀,🛍️电商,0.00,,6,1,text-template
7439661122409516326,双十二-抢疯了,🛍️电商,0.00,,6,1,text-template
7439331530809445641,爆款热卖,🛍️电商,0.00,,6,1,text-template
7601415765182401854,超省攻略,🛍️电商,0.00,,6,1,text-template
7509812699338018110,618-划重点,🛍️电商,0.00,,6,1,text-template
7511248154436816153,618活动-限量爆款,🛍️电商,0.00,,6,1,text-template
7426411854043401482,嗨爆全场,🛍️电商,0.00,,6,1,text-template
7507189440469716286,半价秒杀,🛍️电商,0.00,,6,1,text-template
7440527843127266597,强烈推荐,🛍️电商,0.00,,6,1,text-template
7569073240908516633,好开森,🛍️电商,0.00,,6,1,text-template
7511275760737373464,618活动-惊喜来袭,🛍️电商,0.00,,6,1,text-template
7428973811091000585,港风:加入购物车,🛍️电商,0.00,,6,1,text-template
7427068569130683685,双十一攻略 抄作业啦,🛍️电商,0.00,,6,1,text-template
7546121733212835096,新品,🛍️电商,0.00,,6,1,text-template
7512052433661480216,超人气,🛍️电商,0.00,,6,1,text-template
7504149255154650430,必囤清单,🛍️电商,0.00,,6,1,text-template
7436767270468062473,尖货开抢,🛍️电商,0.00,,6,1,text-template
7476642095902674238,推荐！,🛍️电商,0.00,,6,1,text-template
7569233507327806744,跨店满减,🛍️电商,0.00,,6,1,text-template
7591001164829707545,福利价,🛍️电商,0.00,,6,1,text-template
7478591418009816345,特惠促销,🛍️电商,0.00,,6,1,text-template
7440807677795552550,双12-买它买它,🛍️电商,0.00,,6,1,text-template
7578702684845329726,必抢,🛍️电商,0.00,,6,1,text-template
7671696174738591038,超级单品,🛍️电商,0.00,,6,1,text-template
7480101348235611417,春日电商超划算,🛍️电商,0.00,,6,1,text-template
7500916528548678937,520礼物开箱,🛍️电商,0.00,,6,1,text-template
7562202023668665662,电商直播间抢券,🛍️电商,0.00,,6,1,text-template
7507179863783214398,立即下单,🛍️电商,0.00,,6,1,text-template
7520832568451894553,巨显瘦,🛍️电商,0.00,,6,1,text-template
7517969966138772798,开箱VLOG-毛线艺术字,🛍️电商,0.00,,6,1,text-template
7572828489011793214,美妆-疯狂种草,🛍️电商,0.00,,6,1,text-template
7579497840829992254,带货王,🛍️电商,0.00,,6,1,text-template
7594100833743326526,年货盛宴,🛍️电商,0.00,,6,1,text-template
7426430970703662345,全款拿下,🛍️电商,0.00,,6,1,text-template
7548635914755591448,双节狂欢,🛍️电商,0.00,,6,1,text-template
7440755624603913506,好物安利,🛍️电商,0.00,,6,1,text-template
7507500864723193113,618狂欢,🛍️电商,0.00,,6,1,text-template
7582072156297825560,年终大促,🛍️电商,0.00,,6,1,text-template
7618540721339125017,新品推荐,🛍️电商,0.00,,6,1,text-template
7511712583024561433,618-限量爆款,🛍️电商,0.00,,6,1,text-template
7601430771567578430,马上抢,🛍️电商,0.00,,6,1,text-template
7542956948572966169,美妆-清透不脱妆,🛍️电商,0.00,,6,1,text-template
7439569063782796580,双十二爆款,🛍️电商,0.00,,6,1,text-template
7508078314473704766,拼手速啦,🛍️电商,0.00,,6,1,text-template
7599937627751632190,秒杀,🛍️电商,0.00,,6,1,text-template
7426680670824549683,双十一来了,🛍️电商,0.00,,6,1,text-template
7509039209517387033,618-狂欢大放价,🛍️电商,0.00,,6,1,text-template
7426040044168678690,加入购物车,🛍️电商,0.00,,6,1,text-template
7427911689833680139,购物节买买买买到爽情绪表达文字,🛍️电商,0.00,,6,1,text-template
7439726424166075685,双十二狂欢盛典,🛍️电商,0.00,,6,1,text-template
7508205015153216793,电商-惊爆价,🛍️电商,0.00,,6,1,text-template
7535285538169965849,电商-网红爆款,🛍️电商,0.00,,6,1,text-template
7520503258591481150,海岛穿搭来啦！,🛍️电商,0.00,,6,1,text-template
7519863120760950040,推荐,🛍️电商,0.00,,6,1,text-template
7667142460866333976,电商-新款上新,🛍️电商,0.00,,6,1,text-template
7667141238788754713,宠粉福利,🛍️电商,0.00,,6,1,text-template
7425606733826886931,划重点,🛍️电商,0.00,,6,1,text-template
7491340158193945880,五一促销-五一大放价,🛍️电商,0.00,,6,1,text-template
7426557303463185702,双十一开箱重点来了,🛍️电商,0.00,,6,1,text-template
7662298079864818969,清凉上市,🛍️电商,0.00,,6,1,text-template
7617631218515086654,促销-焕新大促,🛍️电商,0.00,,6,1,text-template
7520821234108730648,入夏全套穿搭,🛍️电商,0.00,,6,1,text-template
7426734723189312806,双十一狂欢大促直击底价,🛍️电商,0.00,,6,1,text-template
7426308624470805811,双11抢先购,🛍️电商,0.00,,6,1,text-template
7441481800565706022,买一送一,🛍️电商,0.00,,6,1,text-template
7427905913215847734,电商带货促销爆款标签文字,🛍️电商,0.00,,6,1,text-template
7473102706215767321,全场低至5折,🛍️电商,0.00,,6,1,text-template
7587322034439556376,超值让利,🛍️电商,0.00,,6,1,text-template
7472967462552735000,38焕新季,🛍️电商,0.00,,6,1,text-template
7516784704146754840,迷你空调扇,🛍️电商,0.00,,6,1,text-template
7509051506843307289,618-狂欢购,🛍️电商,0.00,,6,1,text-template
7582123799621995800,好评榜TOP1,🛍️电商,0.00,,6,1,text-template
7529830913455377726,旅行-超级推荐,🛍️电商,0.00,,6,1,text-template
7587298728856390936,抢福利,🛍️电商,0.00,,6,1,text-template
7593747852589927705,马上有礼,🛍️电商,0.00,,6,1,text-template
7436764252389543195,不止5折,🛍️电商,0.00,,6,1,text-template
7426930941622291738,带货 超值！,🛍️电商,0.00,,6,1,text-template
7442241298171497767,年末购物清单,🛍️电商,0.00,,6,1,text-template
7600384736581963032,精选好货,🛍️电商,0.00,,6,1,text-template
7479356677041556798,必冲,🛍️电商,0.00,,6,1,text-template
7552134282777546046,国庆电商促销-好礼抢先购,🛍️电商,0.00,,6,1,text-template
7564021384989625624,限定断货王,🛍️电商,0.00,,6,1,text-template
7660771534293896473,粉色电商-惊爆价,🛍️电商,0.00,,6,1,text-template
7481585237022117144,划重点,🛍️电商,0.00,,6,1,text-template
7637123671676456254,变妆后,🛍️电商,0.00,,6,1,text-template
7427398789620665612,注意啦！,🛍️电商,0.00,,6,1,text-template
7451567571385453848,新年焕新季,🛍️电商,0.00,,6,1,text-template
7568902138252954942,OOTD,🛍️电商,0.00,,6,1,text-template
7474553320846282046,电商-王炸福利,🛍️电商,0.00,,6,1,text-template
7440528282543574323,超划算,🛍️电商,0.00,,6,1,text-template
7426386668917165353,双十一攻略,🛍️电商,0.00,,6,1,text-template
7645300366480772414,好物封神,🛍️电商,0.00,,6,1,text-template
7426779082362260745,双十一攻略抢先剧透啦,🛍️电商,0.00,,6,1,text-template
7571429340794129726,年终狂欢,🛍️电商,0.00,,6,1,text-template
7507524796649901336,618-放肆购,🛍️电商,0.00,,6,1,text-template
7538702789523033368,穿搭-宝藏单品,🛍️电商,0.00,,6,1,text-template
7536795234752122136,电商-超级惊艳,🛍️电商,0.00,,6,1,text-template
7546397822749330713,沉浸式开箱,🛍️电商,0.00,,6,1,text-template
7427412648389627162,电商狂欢盛典,🛍️电商,0.00,,6,1,text-template
7511003333738679576,热卖,🛍️电商,0.00,,6,1,text-template
7427500127369153819,电商巨推荐,🛍️电商,0.00,,6,1,text-template
7575229985867255065,美妆-妆前护肤,🛍️电商,0.00,,6,1,text-template
7514487850398846232,好评,🛍️电商,0.00,,6,1,text-template
7451559029035289880,免单,🛍️电商,0.00,,6,1,text-template
7527912896555257150,七夕促销-甜蜜好物,🛍️电商,0.00,,6,1,text-template
7495655888611560728,互动引导-求关注,🛍️电商,0.00,,6,1,text-template
7601418813854305561,新年快乐,🛍️电商,0.00,,6,1,text-template
7425559365257579815,双十一-红包雨,🛍️电商,0.00,,6,1,text-template
7592218983219219774,奶茶鼠-新年标题栏,🐭奶茶鼠,0.00,,6,1,text-template
7602512451652832537,奶茶鼠-节庆-财神到,🐭奶茶鼠,0.00,,6,1,text-template
7593446156588354840,奶茶鼠-点个赞,🐭奶茶鼠,0.00,,6,1,text-template
7592612175076920638,奶茶鼠-超赞,🐭奶茶鼠,0.00,,6,1,text-template
7602499680991350041,奶茶鼠-哈哈哈,🐭奶茶鼠,0.00,,6,1,text-template
7602500785452141849,奶茶鼠-节庆-新年快乐,🐭奶茶鼠,0.00,,6,1,text-template
7592185977662360856,奶茶鼠-元气满满,🐭奶茶鼠,0.00,,6,1,text-template
7593302731431890201,奶茶鼠-冲鸭,🐭奶茶鼠,0.00,,6,1,text-template
7602482059751378200,奶茶鼠之肚肚打雷啦,🐭奶茶鼠,0.00,,6,1,text-template
7602521521059532056,奶茶鼠之擦香香,🐭奶茶鼠,0.00,,6,1,text-template
7602492632287399230,奶茶鼠-生日快乐,🐭奶茶鼠,0.00,,6,1,text-template
7602484810111651096,奶茶鼠-节庆-喜迎新春,🐭奶茶鼠,0.00,,6,1,text-template
7592519944991051070,奶茶鼠-新年快乐,🐭奶茶鼠,0.00,,6,1,text-template
7602518741875920152,奶茶鼠-下班啦,🐭奶茶鼠,0.00,,6,1,text-template
7612570445736316222,奶茶鼠好雨知时节,🐭奶茶鼠,0.00,,6,1,text-template
7602489199438368025,奶茶鼠-大无语,🐭奶茶鼠,0.00,,6,1,text-template
7592857543207079230,奶茶鼠-快哭了,🐭奶茶鼠,0.00,,6,1,text-template
7602510408754187545,奶茶鼠-泰酷辣,🐭奶茶鼠,0.00,,6,1,text-template
7602486114867301656,奶茶鼠-超元气,🐭奶茶鼠,0.00,,6,1,text-template
7612572907126000958,奶茶鼠一起去春游,🐭奶茶鼠,0.00,,6,1,text-template
7611048015029079320,奶茶鼠早春妆造分享,🐭奶茶鼠,0.00,,6,1,text-template
7602504868950969662,奶茶鼠之任务达标,🐭奶茶鼠,0.00,,6,1,text-template
7611069028836134206,奶茶鼠前方高能,🐭奶茶鼠,0.00,,6,1,text-template
7592248464629763352,奶茶鼠-情人节-爱你,🐭奶茶鼠,0.00,,6,1,text-template
7592996457754512664,奶茶鼠-蚌埠住了,🐭奶茶鼠,0.00,,6,1,text-template
7611050165054623000,奶茶鼠春困秋乏,🐭奶茶鼠,0.00,,6,1,text-template
7602502009576557886,奶茶鼠-加油,🐭奶茶鼠,0.00,,6,1,text-template
7602605948007451929,奶茶鼠-大哭,🐭奶茶鼠,0.00,,6,1,text-template
7593302743314386238,奶茶鼠-好气,🐭奶茶鼠,0.00,,6,1,text-template
7602509200236809534,奶茶鼠-点赞哦,🐭奶茶鼠,0.00,,6,1,text-template
7602503401146141976,奶茶鼠-烦鼠了,🐭奶茶鼠,0.00,,6,1,text-template
7592194187337043225,奶茶鼠-情人节-一生有你,🐭奶茶鼠,0.00,,6,1,text-template
7593025246622682430,奶茶鼠-敲重点,🐭奶茶鼠,0.00,,6,1,text-template
7602523980834180414,奶茶鼠之不可以哦,🐭奶茶鼠,0.00,,6,1,text-template
7611905628147060030,奶茶鼠-舞动春天,🐭奶茶鼠,0.00,,6,1,text-template
7611888386416102680,奶茶鼠-好开心呀,🐭奶茶鼠,0.00,,6,1,text-template
7612570047290232088,奶茶鼠去野餐,🐭奶茶鼠,0.00,,6,1,text-template
7602175405692554558,奶茶鼠-心动告白,🐭奶茶鼠,0.00,,6,1,text-template
7602509102937443646,奶茶鼠-开躺,🐭奶茶鼠,0.00,,6,1,text-template
7602482939410107672,奶茶鼠-记得点赞哦,🐭奶茶鼠,0.00,,6,1,text-template
7611925122206764313,奶茶鼠-踩大雷,🐭奶茶鼠,0.00,,6,1,text-template
7602506377688468798,奶茶鼠-前方高能,🐭奶茶鼠,0.00,,6,1,text-template
7593352049874504985,奶茶鼠-关注我,🐭奶茶鼠,0.00,,6,1,text-template
7592215796307397912,奶茶鼠-放假啦,🐭奶茶鼠,0.00,,6,1,text-template
7602491145674935576,奶茶鼠-节庆-新年好,🐭奶茶鼠,0.00,,6,1,text-template
7593206913240714520,奶茶鼠-来财,🐭奶茶鼠,0.00,,6,1,text-template
7611878697087339838,奶茶鼠-超级推荐,🐭奶茶鼠,0.00,,6,1,text-template
7592189635665775897,奶茶鼠-情人节快乐,🐭奶茶鼠,0.00,,6,1,text-template
7611062545570417945,奶茶鼠好可爱,🐭奶茶鼠,0.00,,6,1,text-template
7602507993531305278,奶茶鼠-关注不迷路,🐭奶茶鼠,0.00,,6,1,text-template
7591707184505834776,奶茶鼠-太好喝了吧,🐭奶茶鼠,0.00,,6,1,text-template
7611865485386403096,奶茶鼠-绝了,🐭奶茶鼠,0.00,,6,1,text-template
7602907353024826649,奶茶鼠-鼓励鼓励,🐭奶茶鼠,0.00,,6,1,text-template
7592844725988838680,奶茶鼠-喝奶茶啦,🐭奶茶鼠,0.00,,6,1,text-template
7602503772933279000,奶茶鼠-节庆-恭喜发财,🐭奶茶鼠,0.00,,6,1,text-template
7611049418975989054,奶茶鼠春天你好,🐭奶茶鼠,0.00,,6,1,text-template
7612568864291015960,奶茶鼠你好春天,🐭奶茶鼠,0.00,,6,1,text-template
7611876088800677144,奶茶鼠-笑鼠了,🐭奶茶鼠,0.00,,6,1,text-template
7602177096638713113,奶茶鼠-新年愿望,🐭奶茶鼠,0.00,,6,1,text-template
7602564542870244670,奶茶鼠-新年好,🐭奶茶鼠,0.00,,6,1,text-template
7611057145773215000,奶茶鼠春日赏花vlog记录,🐭奶茶鼠,0.00,,6,1,text-template
7592826191346912536,奶茶鼠-坏点子生成中,🐭奶茶鼠,0.00,,6,1,text-template
7592880011804413208,奶茶鼠-哇哦,🐭奶茶鼠,0.00,,6,1,text-template
7591731240697449790,奶茶鼠-呜呜,🐭奶茶鼠,0.00,,6,1,text-template
7592922012105084185,奶茶鼠-生日快乐,🐭奶茶鼠,0.00,,6,1,text-template
7602489276185742654,奶茶鼠-yummy,🐭奶茶鼠,0.00,,6,1,text-template
7592981323569073433,奶茶鼠-疯狂安利,🐭奶茶鼠,0.00,,6,1,text-template
7612087129463622937,奶茶鼠-冲冲冲,🐭奶茶鼠,0.00,,6,1,text-template
7602489859445542169,奶茶鼠-强烈推荐,🐭奶茶鼠,0.00,,6,1,text-template
7611054838360722712,奶茶鼠互动必出爆款,🐭奶茶鼠,0.00,,6,1,text-template
7592194042348309785,奶茶鼠-我爱音乐英文,🐭奶茶鼠,0.00,,6,1,text-template
7602173533174713624,奶茶鼠-快乐加马,🐭奶茶鼠,0.00,,6,1,text-template
7611981798523915545,奶茶鼠-冲鸭,🐭奶茶鼠,0.00,,6,1,text-template
7611040907043015960,奶茶鼠春暖花开,🐭奶茶鼠,0.00,,6,1,text-template
7611051064720231742,奶茶鼠喜欢记得点关注,🐭奶茶鼠,0.00,,6,1,text-template
7602486093862423833,奶茶鼠之满心都是你,🐭奶茶鼠,0.00,,6,1,text-template
7602170643420908824,奶茶鼠-恭喜发财,🐭奶茶鼠,0.00,,6,1,text-template
7593297388572298521,奶茶鼠-粗来玩,🐭奶茶鼠,0.00,,6,1,text-template
7612091831337159961,奶茶鼠-种草啦,🐭奶茶鼠,0.00,,6,1,text-template
7611919276177493310,奶茶鼠-美美哒,🐭奶茶鼠,0.00,,6,1,text-template
7592756776374766873,奶茶鼠-求关注,🐭奶茶鼠,0.00,,6,1,text-template
7592233848004545854,奶茶鼠-福气满满,🐭奶茶鼠,0.00,,6,1,text-template
7611893164676418841,奶茶鼠-啥情况,🐭奶茶鼠,0.00,,6,1,text-template
7593202566154947865,奶茶鼠-新年快乐,🐭奶茶鼠,0.00,,6,1,text-template
7602504486149557529,奶茶鼠-超开心,🐭奶茶鼠,0.00,,6,1,text-template
7593023361513590041,奶茶鼠-红包拿来,🐭奶茶鼠,0.00,,6,1,text-template
7593395262517923134,奶茶鼠-笑发财了,🐭奶茶鼠,0.00,,6,1,text-template
7593418274138983704,奶茶鼠-一键三连,🐭奶茶鼠,0.00,,6,1,text-template
7602182798522256702,奶茶鼠-过年啦,🐭奶茶鼠,0.00,,6,1,text-template
7611896658233969945,奶茶鼠-快乐起飞,🐭奶茶鼠,0.00,,6,1,text-template
7672842759941737752,叶落知秋,🍂秋日,0.00,,6,1,text-template
7672980861997976894,秋日限定,🍂秋日,0.00,,6,1,text-template
7677567129813716249,秋日絮语,🍂秋日,0.00,,6,1,text-template
7681589041548086552,夏已过 秋将至,🍂秋日,0.00,,6,1,text-template
7680175459451129107,在秋天相遇,🍂秋日,0.00,,6,1,text-template
7672981172263357758,秋天物语,🍂秋日,0.00,,6,1,text-template
7676539890724687166,秋日限定/好在秋天,🍂秋日,0.00,,6,1,text-template
7677917826845248793,正在播放秋天,🍂秋日,0.00,,6,1,text-template
7680140299909451070,超Chill,🍂秋日,0.00,,6,1,text-template
7679265017165794585,随手拾一片落叶,🍂秋日,0.00,,6,1,text-template
7678336044567366974,桂花味的季节,🍂秋日,0.00,,6,1,text-template
7672728709060660542,捡起一片落叶,🍂秋日,0.00,,6,1,text-template
7679450717274361112,秋日-在飘落中成为完整的秋,🍂秋日,0.00,,6,1,text-template
7675012019371838782,不想开学啊,🍂秋日,0.00,,6,1,text-template
7669752158723624217,立秋标签-秋天的第一杯奶茶,🍂秋日,0.00,,6,1,text-template
7690468182636793113,Let's Go,🍂秋日,0.00,,6,1,text-template
7672688530669276441,夏已过秋已至,🍂秋日,0.00,,6,1,text-template
7681530011723058456,英文Hello Autumn,🍂秋日,0.00,,6,1,text-template
7672275563721002265,金秋福利,🍂秋日,0.00,,6,1,text-template
7672273910192360728,共赴一场秋日邀约,🍂秋日,0.00,,6,1,text-template
7680404493556518196,淡淡喜 慢慢秋,🍂秋日,0.00,,6,1,text-template
7672282322066033944,都说秋天适合思念其实秋天更适合见面,🍂秋日,0.00,,6,1,text-template
7679443688619117848,秋日-秋天正在放映,🍂秋日,0.00,,6,1,text-template
7669708246416346392,立秋文字-秋天在悄悄靠近,🍂秋日,0.00,,6,1,text-template
7669729311007673625,叶落凉秋,🍂秋日,0.00,,6,1,text-template
7669826274616937753,落日出逃,🍂秋日,0.00,,6,1,text-template
7669732720045624601,拼贴标题字-秋天autumn,🍂秋日,0.00,,6,1,text-template
7672304615618088254,收藏秋天,🍂秋日,0.00,,6,1,text-template
7674600981098810658,秋天autumn,🍂秋日,0.00,,6,1,text-template
7673794654705405247,秋天-Autumn英文,🍂秋日,0.00,,6,1,text-template
7680392382852123966,赴一场秋天的约会,🍂秋日,0.00,,6,1,text-template
7672407693482839321,秋日来信,🍂秋日,0.00,,6,1,text-template
7669703169164971289,便利贴语录-接受落叶和降温的风,🍂秋日,0.00,,6,1,text-template
7669699441473146137,不期而遇的秋天,🍂秋日,0.00,,6,1,text-template
7672616960764513598,UI标签-秋日记录Autumn Vlog,🍂秋日,0.00,,6,1,text-template
7676105259068214553,秋季引号文字-希望夏天的遗憾是秋天惊喜的,🍂秋日,0.00,,6,1,text-template
7685220806997151001,手写秋日简约文字,🍂秋日,0.00,,6,1,text-template
7672280011721870654,秋日备忘录,🍂秋日,0.00,,6,1,text-template
7682689301788118297,秋日来信,🍂秋日,0.00,,6,1,text-template
7677565836411948313,秋日便利贴,🍂秋日,0.00,,6,1,text-template
7680950462148824344,秋日-我们如何感知秋天,🍂秋日,0.00,,6,1,text-template
7678355736023420222,秋意渐浓,🍂秋日,0.00,,6,1,text-template
7676063230317448472,秋日限定/新的约定,🍂秋日,0.00,,6,1,text-template
7679435252732824856,风里有了秋天的味道,🍂秋日,0.00,,6,1,text-template
7680055971741322558,秋日-低头捡个秋,🍂秋日,0.00,,6,1,text-template
7669762874671369497,复古便签文字-秋天的第一张照片,🍂秋日,0.00,,6,1,text-template
7677580625494248766,秋日正上映,🍂秋日,0.00,,6,1,text-template
7680137650623335742,秋日市集,🍂秋日,0.00,,6,1,text-template
7672314078932602136,秋日礼遇,🍂秋日,0.00,,6,1,text-template
7672671724923555134,盛夏的话我们秋天说,🍂秋日,0.00,,6,1,text-template
7679275755792190782,AUTUMN,🍂秋日,0.00,,6,1,text-template
7672269981844950296,你是我藏在秋风里的喜欢,🍂秋日,0.00,,6,1,text-template
7676141325187730712,日子过得可真快啊 这一年又过去了,🍂秋日,0.00,,6,1,text-template
7677954727908429080,收集秋天美好气息,🍂秋日,0.00,,6,1,text-template
7678301203163335961,秋风不燥,🍂秋日,0.00,,6,1,text-template
7683052660358024473,秋天正在加载中,🍂秋日,0.00,,6,1,text-template
7669696447717248280,立秋-未觉三夏尽 时序已新秋,🍂秋日,0.00,,6,1,text-template
7672287630452755736,借一缕云写半日闲,🍂秋日,0.00,,6,1,text-template
7678281609056914713,秋天的第一杯奶茶,🍂秋日,0.00,,6,1,text-template
7682672013705514265,秋日浪漫,🍂秋日,0.00,,6,1,text-template
7690465011763924248,国庆旅行vlog,🍂秋日,0.00,,6,1,text-template
7678983352195501337,秋的浪漫如期而至,🍂秋日,0.00,,6,1,text-template
7677927733791329560,采集秋天,🍂秋日,0.00,,6,1,text-template
7679711494291901758,秋日撞色穿搭,🍂秋日,0.00,,6,1,text-template
7679450036459080985,秋日备忘录,🍂秋日,0.00,,6,1,text-template
7669699382844968217,拼贴纸条文字-立秋语录,🍂秋日,0.00,,6,1,text-template
7672781115727400217,等待一个秋天的日子,🍂秋日,0.00,,6,1,text-template
7688644131949907224,国庆快乐,🍂秋日,0.00,,6,1,text-template
7677601560888724761,逐渐变浓的秋,🍂秋日,0.00,,6,1,text-template
7679293075499289898,我们终会爱上一个生锈的秋天,🍂秋日,0.00,,6,1,text-template
7678279552644156734,想被秋天卷进温柔的清风里,🍂秋日,0.00,,6,1,text-template
7681518954485108030,英文你好秋天,🍂秋日,0.00,,6,1,text-template
7679312283377438014,赴一场秋日的约,🍂秋日,0.00,,6,1,text-template
7680757268245417240,走进秋天的调色盘,🍂秋日,0.00,,6,1,text-template
7690362449622551832,省省省,🍂秋日,0.00,,6,1,text-template
7672988062963649816,旅行-秋日趣旅行,🍂秋日,0.00,,6,1,text-template
7677919481158733081,秋日loading加载中,🍂秋日,0.00,,6,1,text-template
7683899087057505561,见面的意义在于又是一个秋天了,🍂秋日,0.00,,6,1,text-template
7688641435251297598,家国同心,🍂秋日,0.00,,6,1,text-template
7646782529109839166,夏日日常记录-开心一夏,🍉夏日,0.00,,6,1,text-template
7660470673357327678,夏日薄荷绿-夏日播报,🍉夏日,0.00,,6,1,text-template
7659362498499579161,闪亮进行时,🍉夏日,0.00,,6,1,text-template
7652356515441151294,软fufu,🍉夏日,0.00,,6,1,text-template
7639729548526914840,小满,🍉夏日,0.00,,6,1,text-template
7632211801912003864,万物共秀,🍉夏日,0.00,,6,1,text-template
7632930613393181976,与夏天撞个满怀,🍉夏日,0.00,,6,1,text-template
7640714902029487384,小满胜万全,🍉夏日,0.00,,6,1,text-template
7633796443668663576,立夏,🍉夏日,0.00,,6,1,text-template
7663428056358341913,夏日养生秘籍,🍉夏日,0.00,,6,1,text-template
7663486551367912729,夏日瞬间,🍉夏日,0.00,,6,1,text-template
7640467287824158014,夏日-快乐碎片,🍉夏日,0.00,,6,1,text-template
7652681294647905561,仲夏叙流年,🍉夏日,0.00,,6,1,text-template
7644830200483597630,蓝色海湾,🍉夏日,0.00,,6,1,text-template
7637093741400526142,小满至 万物盈,🍉夏日,0.00,,6,1,text-template
7648268847627160894,海岛日记,🍉夏日,0.00,,6,1,text-template
7632505071514864958,你好夏天,🍉夏日,0.00,,6,1,text-template
7646831069236399385,夏天的风,🍉夏日,0.00,,6,1,text-template
7663124737618414910,爆汗,🍉夏日,0.00,,6,1,text-template
7659964975682751768,夏日薄荷绿-开心一夏,🍉夏日,0.00,,6,1,text-template
7659413440376917272,薄荷味夏天,🍉夏日,0.00,,6,1,text-template
7642562316567055641,夏日潮流环绕,🍉夏日,0.00,,6,1,text-template
7637871648636652862,Mini Vlog,🍉夏日,0.00,,6,1,text-template
7655348831575575832,热晕了,🍉夏日,0.00,,6,1,text-template
7659431032328080665,吹着小风过夏天,🍉夏日,0.00,,6,1,text-template
7640903067008765246,芒种至 盛夏始,🍉夏日,0.00,,6,1,text-template
7639167122513349912,夏日-微醺的夏天,🍉夏日,0.00,,6,1,text-template
7660000519351536958,下雨天,🍉夏日,0.00,,6,1,text-template
7660328661740178712,夏日有清风相伴,🍉夏日,0.00,,6,1,text-template
7661218111806393662,补番追剧,🍉夏日,0.00,,6,1,text-template
7639771100339260697,汽水撞夏天,🍉夏日,0.00,,6,1,text-template
7637101467513490713,小满,🍉夏日,0.00,,6,1,text-template
7652978309063527704,美味,🍉夏日,0.00,,6,1,text-template
7653117253432397081,宝藏甜品,🍉夏日,0.00,,6,1,text-template
7639605159328337177,人生小满胜万全,🍉夏日,0.00,,6,1,text-template
7640198126065749310,今日夏至,🍉夏日,0.00,,6,1,text-template
7653125642690563390,旅途中,🍉夏日,0.00,,6,1,text-template
7661914283348921624,暴雨来袭,🍉夏日,0.00,,6,1,text-template
7640475697282075928,夏日-夏日来信,🍉夏日,0.00,,6,1,text-template
7647391607695641881,夏日限定,🍉夏日,0.00,,6,1,text-template
7653134694829100350,招牌必吃,🍉夏日,0.00,,6,1,text-template
7663429999868824856,高温预警,🍉夏日,0.00,,6,1,text-template
7640333053491170585,夏至时节,🍉夏日,0.00,,6,1,text-template
7653702588851834136,清凉上头,🍉夏日,0.00,,6,1,text-template
7653723116278943001,2026年中回忆录,🍉夏日,0.00,,6,1,text-template
7661152361624227097,薄荷绿-Mint green,🍉夏日,0.00,,6,1,text-template
7632695090925817112,立夏至,🍉夏日,0.00,,6,1,text-template
7661755946158525721,电闪雷鸣,🍉夏日,0.00,,6,1,text-template
7660395117571902745,夏日加载完毕,🍉夏日,0.00,,6,1,text-template
7653117801695251736,暑假规划,🍉夏日,0.00,,6,1,text-template
7663894482097638680, *拾童年半分甜意*,🍉夏日,0.00,,6,1,text-template
7638264570641026328,夏日限定,🍉夏日,0.00,,6,1,text-template
7655342842608454937,夏日-清爽夏日,🍉夏日,0.00,,6,1,text-template
7660886624636800280,美妆-夏日薄荷曼波,🍉夏日,0.00,,6,1,text-template
7663390796913200409,雨落逢盛夏,🍉夏日,0.00,,6,1,text-template
7640831449612193086,忽而今夏,🍉夏日,0.00,,6,1,text-template
7640670988660886809,夏日-不期而遇的夏天,🍉夏日,0.00,,6,1,text-template
7639700537155456318,夏日-和夏天约会,🍉夏日,0.00,,6,1,text-template
7637092617926462744,建议收藏,🍉夏日,0.00,,6,1,text-template
7663775375373110552,避暑去,🍉夏日,0.00,,6,1,text-template
7633759624801389849,夏日物语,🍉夏日,0.00,,6,1,text-template
7670047442678631704,ins风-薄荷夏日标题,🍉夏日,0.00,,6,1,text-template
7652376906263923992,开心一夏,🍉夏日,0.00,,6,1,text-template
7661214369635814718,逃离课桌,🍉夏日,0.00,,6,1,text-template
7660431229665234200,薄荷绿,🍉夏日,0.00,,6,1,text-template
7643109406758030654,芒种至盛夏始,🍉夏日,0.00,,6,1,text-template
7644179181798100248,森系夏日出行计划,🍉夏日,0.00,,6,1,text-template
7637569773026413848,奔赴夏日,🍉夏日,0.00,,6,1,text-template
7637342878146284824,焦香Q弹,🍉夏日,0.00,,6,1,text-template
7639261889838583064,小满-小得盈满,🍉夏日,0.00,,6,1,text-template
7663388786864246040,夏日多巴胺,🍉夏日,0.00,,6,1,text-template
7640110677159447832,夏日-Summer,🍉夏日,0.00,,6,1,text-template
7663691301522656536,聆听晚风,🍉夏日,0.00,,6,1,text-template
7644790790794841406,夏天的风风铃,🍉夏日,0.00,,6,1,text-template
7659957555627756825,夏日薄荷绿-Summer,🍉夏日,0.00,,6,1,text-template
7660893300668468504,冰镇快乐上线,🍉夏日,0.00,,6,1,text-template
7650779312450211096,夏日Live,🍉夏日,0.00,,6,1,text-template
7660008635875020057,暑假重启,🍉夏日,0.00,,6,1,text-template
7633783449928682776,30°夏,🍉夏日,0.00,,6,1,text-template
7640186638660046104,夏日限定美好,🍉夏日,0.00,,6,1,text-template
7647897776575237401,夏日简约清新一夏,🍉夏日,0.00,,6,1,text-template
7647552952663723288,清凉一夏,🍉夏日,0.00,,6,1,text-template
7663411593136409918,你好，盛夏,🍉夏日,0.00,,6,1,text-template
7663681426986093848,想和你一起看海,🍉夏日,0.00,,6,1,text-template
7663398768129363224,大暑直接热化了,🍉夏日,0.00,,6,1,text-template
7639941176937794841,夏日-SUMMER,🍉夏日,0.00,,6,1,text-template
7663398125658279230,夏日旅行,🍉夏日,0.00,,6,1,text-template
7659773504845286681,夏日薄荷绿-Mint Summer,🍉夏日,0.00,,6,1,text-template
7648306232847273241,热,🍉夏日,0.00,,6,1,text-template
7659590838409907481,夏日限定,🍉夏日,0.00,,6,1,text-template
7665281712427142425,避暑胜地,🍉夏日,0.00,,6,1,text-template
7639380818548493592,夏日初长,🍉夏日,0.00,,6,1,text-template
7639767501487820056,夏日-奔向夏天,🍉夏日,0.00,,6,1,text-template
7652393989093641496,美食交响乐,🍉夏日,0.00,,6,1,text-template
7642577395626741017,夏日手写美好都会开始,🍉夏日,0.00,,6,1,text-template
7659394542935969048,薄荷味的夏天,🍉夏日,0.00,,6,1,text-template
7668210505437154585,可爱标题-夏天summer,🍉夏日,0.00,,6,1,text-template
7652257287909690648,香喷喷,🍉夏日,0.00,,6,1,text-template
7632349435699154238,春意藏·夏初长,🍉夏日,0.00,,6,1,text-template
7661925455859191102,日常-夏天正在播放,🍉夏日,0.00,,6,1,text-template
7663833900677958937,夏天的风,🍉夏日,0.00,,6,1,text-template
7660184962204847385,夏日薄荷绿-薄荷味的夏天,🍉夏日,0.00,,6,1,text-template
7653113329480895768,故事未完待续,🍉夏日,0.00,,6,1,text-template
7633994590550248729,这夏好了,🍉夏日,0.00,,6,1,text-template
7661159138973699390,放假plog,🍉夏日,0.00,,6,1,text-template
7661926793921875224,西瓜味的夏天,🍉夏日,0.00,,6,1,text-template
7660879905483263256,薄荷绿-薄荷曼波,🍉夏日,0.00,,6,1,text-template
7646453867319971096,绿野仙踪,🍉夏日,0.00,,6,1,text-template
7655693160655654206,夏日绵绵冰,🍉夏日,0.00,,6,1,text-template
7656007888883813657,出游小记,🍉夏日,0.00,,6,1,text-template
7653509730245020990,时间已半盛夏未满,🍉夏日,0.00,,6,1,text-template
7640033932846796056,夏日-你好夏天,🍉夏日,0.00,,6,1,text-template
7640372072752893208,夏日-拥抱无尽夏,🍉夏日,0.00,,6,1,text-template
7638664000703745342,夏日-西瓜味的夏天,🍉夏日,0.00,,6,1,text-template
7656604996913466649,超好喝,🍉夏日,0.00,,6,1,text-template
7663092031044062488,日常-剩下的盛夏,🍉夏日,0.00,,6,1,text-template
7663414695306513726,盛夏光年,🍉夏日,0.00,,6,1,text-template
7648064990661872958,阳光与海滩,🍉夏日,0.00,,6,1,text-template
7652737326644366617,美食推荐,🍉夏日,0.00,,6,1,text-template
7652669525636222270,鲜香美味,🍉夏日,0.00,,6,1,text-template
7637882326638382361,解锁慢生活,🍉夏日,0.00,,6,1,text-template
7664542496558435646,好期待夏天,🍉夏日,0.00,,6,1,text-template
7646662708162530585,夏日日常记录手写字-风遇清夏,🍉夏日,0.00,,6,1,text-template
7633112678889934104,立夏,🍉夏日,0.00,,6,1,text-template
7639395748144090392,夏日-清爽一夏,🍉夏日,0.00,,6,1,text-template
7664174640830369049,落日海岸,🍉夏日,0.00,,6,1,text-template
7637448869143399704,品尝一夏,🍉夏日,0.00,,6,1,text-template
7633786727596903705,立夏,🍉夏日,0.00,,6,1,text-template
7626019756319083800,summer,🍉夏日,0.00,,6,1,text-template
7640040818148920600,夏日手写字-夏日来信,🍉夏日,0.00,,6,1,text-template
7653827906677869886,年中回忆录,🍉夏日,0.00,,6,1,text-template
7645236282536283417,晒一夏,🍉夏日,0.00,,6,1,text-template
7639767436094426430,夏日-拥抱无尽夏,🍉夏日,0.00,,6,1,text-template
7639887409014082840,夏日手写字-夏日轨迹,🍉夏日,0.00,,6,1,text-template
7654530130840390937,夏日-高温预警,🍉夏日,0.00,,6,1,text-template
7653252159672208664,一口爆浆,🍉夏日,0.00,,6,1,text-template
7637421224288734488,旅行路线,🍉夏日,0.00,,6,1,text-template
7646349300292668734,自由和风,🍉夏日,0.00,,6,1,text-template
7639924504961174808,夏日-盛夏光年,🍉夏日,0.00,,6,1,text-template
7645241356872338750,出门遛遛,🍉夏日,0.00,,6,1,text-template
7663810149236264217,夏日音乐会,🍉夏日,0.00,,6,1,text-template
7660454191965539608,揣一口袋晚风,🍉夏日,0.00,,6,1,text-template
7638991165299133758,夏日好运派送中,🍉夏日,0.00,,6,1,text-template
7639430787275787582,夏日-夏日好时光,🍉夏日,0.00,,6,1,text-template
7655313961637842238,暑假计划,🍉夏日,0.00,,6,1,text-template
7654551935084973336,欢乐假期,🍉夏日,0.00,,6,1,text-template
7652199511883926809,迷你小蛋糕,🍉夏日,0.00,,6,1,text-template
7639973712128740632,夏日-奔向夏野,🍉夏日,0.00,,6,1,text-template
7650427364379659544,夏日氛围,🍉夏日,0.00,,6,1,text-template
7663503448771530009,暑假进度50%,🍉夏日,0.00,,6,1,text-template
7642553541126786329,简约夏天你好英文,🍉夏日,0.00,,6,1,text-template
7656075061333560600,酸爽暴击,🍉夏日,0.00,,6,1,text-template
7651924974227311897,山珍海味,🍉夏日,0.00,,6,1,text-template
7639730773385432344,夏日手写字-赴一场夏日约,🍉夏日,0.00,,6,1,text-template
7660598886037409049,夏日薄荷绿-自由的盛夏,🍉夏日,0.00,,6,1,text-template
7643838563972369688,夏日悠长,🍉夏日,0.00,,6,1,text-template
7660899467742170392,出发咯,🍉夏日,0.00,,6,1,text-template
7660821682671717657,特别推荐,🍉夏日,0.00,,6,1,text-template
7653707440218770713,夏日甜品,🍉夏日,0.00,,6,1,text-template
7639731404028349758,夏日-夏天的风,🍉夏日,0.00,,6,1,text-template
7639647906160643352,夏日手写字-Summer英文,🍉夏日,0.00,,6,1,text-template
7660212367741013273,夏日薄荷绿-享受当夏,🍉夏日,0.00,,6,1,text-template
7639015211755703576,小满胜万全,🍉夏日,0.00,,6,1,text-template
7652336674940210494,回顾我的上半年,🍉夏日,0.00,,6,1,text-template
7639736216438705433,花开半夏 小满即安,🍉夏日,0.00,,6,1,text-template
7639030759239617817,夏日限定,🍉夏日,0.00,,6,1,text-template
7644182689683115289,蝉鸣入夏荷风香,🍉夏日,0.00,,6,1,text-template
7658097792346361113,夏日雨夜,🍉夏日,0.00,,6,1,text-template
7663406619966868761,我收藏的夏天,🍉夏日,0.00,,6,1,text-template
7632962424622337342,夏日初长,🍉夏日,0.00,,6,1,text-template
7661900823781379353,避暑胜地,🍉夏日,0.00,,6,1,text-template
7637141138776001854,超好吃,🍉夏日,0.00,,6,1,text-template
7639632192305417497,夏日-仲夏夜之梦,🍉夏日,0.00,,6,1,text-template
7655604440250158360,清凉解暑,🍉夏日,0.00,,6,1,text-template
7658580379967802686,盛夏限定,🍉夏日,0.00,,6,1,text-template
7646440098434911550,夏天的标配,🍉夏日,0.00,,6,1,text-template
7637866816739740953,香,🍉夏日,0.00,,6,1,text-template
7633772092265188632,热,🍉夏日,0.00,,6,1,text-template
7659954708714589465,夏日日常,🍉夏日,0.00,,6,1,text-template
7637873376652102937,解暑甜品,🍉夏日,0.00,,6,1,text-template
7639649157229235481,夏日-夏日小美好,🍉夏日,0.00,,6,1,text-template
7645649052104920382,芒种-芒种夏至天,🍉夏日,0.00,,6,1,text-template
7633113388322884888,立夏,🍉夏日,0.00,,6,1,text-template
7665662050881899838,海边假日,🍉夏日,0.00,,6,1,text-template
7639782481297788184,小满迎夏,🍉夏日,0.00,,6,1,text-template
7652641916445756697,清爽一夏,🍉夏日,0.00,,6,1,text-template
7642692971346890009,夏日手写最好的夏天,🍉夏日,0.00,,6,1,text-template
7653366377579023678,夏日拾光,🍉夏日,0.00,,6,1,text-template
7663909289882586393,热爱生活,🍉夏日,0.00,,6,1,text-template
7662071286016871742,Watermelon summer,🍉夏日,0.00,,6,1,text-template
7642556999812746558,夏日旅行计划,🍉夏日,0.00,,6,1,text-template
7640509422887882009,润小满 夏渐浓,🍉夏日,0.00,,6,1,text-template
7594774880940264728,暹罗厘普-恭喜发财,🥕暹罗厘普,0.00,,6,1,text-template
7602501111781575960,暹罗离普-节庆-年年有余,🥕暹罗厘普,0.00,,6,1,text-template
7593302724905848126,暹罗厘普-对生活比个耶,🥕暹罗厘普,0.00,,6,1,text-template
7612579139522120985,暹罗厘普-美味,🥕暹罗厘普,0.00,,6,1,text-template
7593180441390320920,暹罗厘普节庆款-锦鲤附体,🥕暹罗厘普,0.00,,6,1,text-template
7602520880551431449,暹罗厘普-蚌埠住了,🥕暹罗厘普,0.00,,6,1,text-template
7594774468254469400,暹罗厘普-新年快乐,🥕暹罗厘普,0.00,,6,1,text-template
7612573086910565657,暹罗厘普去春游,🥕暹罗厘普,0.00,,6,1,text-template
7612583837452913982,暹罗厘普春天我来了,🥕暹罗厘普,0.00,,6,1,text-template
7611390484552142105,暹罗离谱求点赞,🥕暹罗厘普,0.00,,6,1,text-template
7602184672616926526,暹罗厘普欢迎来到我的vlog日常,🥕暹罗厘普,0.00,,6,1,text-template
7602490370601127192,暹罗厘普-好期待,🥕暹罗厘普,0.00,,6,1,text-template
7602490619105168702,暹罗厘普-福气满满,🥕暹罗厘普,0.00,,6,1,text-template
7611379152964406590,暹罗离谱记得一键三连,🥕暹罗厘普,0.00,,6,1,text-template
7612574789978328382,暹罗厘普-漫游春野,🥕暹罗厘普,0.00,,6,1,text-template
7602526574352764185,暹罗厘普-多栋夯爆了,🥕暹罗厘普,0.00,,6,1,text-template
7612579223743696190,暹罗厘普春游记,🥕暹罗厘普,0.00,,6,1,text-template
7593193497168039193,暹罗离谱-欢迎光临,🥕暹罗厘普,0.00,,6,1,text-template
7602496322423278872,暹罗厘普-节庆-贺新春,🥕暹罗厘普,0.00,,6,1,text-template
7602501910981004569,暹罗厘普-DailyVlog,🥕暹罗厘普,0.00,,6,1,text-template
7593213966004833598,暹罗离谱-蚌埠住了,🥕暹罗厘普,0.00,,6,1,text-template
7602177837663161625,暹罗离谱-招财进宝,🥕暹罗厘普,0.00,,6,1,text-template
7612570741351058713,暹罗厘普-记得点赞哦,🥕暹罗厘普,0.00,,6,1,text-template
7592921419558702398,暹罗厘普-加关注,🥕暹罗厘普,0.00,,6,1,text-template
7602495020255481150,暹罗厘普-元气满满,🥕暹罗厘普,0.00,,6,1,text-template
7602179328344083736,暹罗厘普-全家福拍照比耶,🥕暹罗厘普,0.00,,6,1,text-template
7602177513653013784,暹罗厘普-天下第一好,🥕暹罗厘普,0.00,,6,1,text-template
7612088734225370392,暹罗厘普-春日序曲,🥕暹罗厘普,0.00,,6,1,text-template
7593626563644493118,暹罗厘普-有梗家族,🥕暹罗厘普,0.00,,6,1,text-template
7592888216223976766,暹罗厘普-贺新春,🥕暹罗厘普,0.00,,6,1,text-template
7602509217072827672,暹罗厘普-离谱弹幕,🥕暹罗厘普,0.00,,6,1,text-template
7602554313235467545,暹罗厘普-互动关注我,🥕暹罗厘普,0.00,,6,1,text-template
7612571553502367001,暹罗厘普-出发吧,🥕暹罗厘普,0.00,,6,1,text-template
7593228657297100057,暹罗厘普-财源滚滚来,🥕暹罗厘普,0.00,,6,1,text-template
7594778162094116121,暹罗厘普-新年快乐,🥕暹罗厘普,0.00,,6,1,text-template
7593191957246135577,暹罗离谱-你好呀,🥕暹罗厘普,0.00,,6,1,text-template
7592908862974627134,暹罗厘普-张田中-啊啊,🥕暹罗厘普,0.00,,6,1,text-template
7593187317267877144,暹罗厘普-新春快乐,🥕暹罗厘普,0.00,,6,1,text-template
7602178930921016638,暹罗厘普嘎哈哈哈哈,🥕暹罗厘普,0.00,,6,1,text-template
7612570494386212121,暹罗厘普-只为花忙,🥕暹罗厘普,0.00,,6,1,text-template
7612575805377465625,暹罗厘普-紧张,🥕暹罗厘普,0.00,,6,1,text-template
7602184499442765081,暹罗离谱-年年有鱼,🥕暹罗厘普,0.00,,6,1,text-template
7602173781288766744,暹罗厘普离大谱,🥕暹罗厘普,0.00,,6,1,text-template
7612149709762727230,暹罗厘普-快乐的日常,🥕暹罗厘普,0.00,,6,1,text-template
7612569862975638808,暹罗厘普-过分优秀,🥕暹罗厘普,0.00,,6,1,text-template
7602539578469190936,暹罗厘普-上班返工摸鱼,🥕暹罗厘普,0.00,,6,1,text-template
7602177360678505752,暹罗离谱-恭贺新春,🥕暹罗厘普,0.00,,6,1,text-template
7593333336144383256,暹罗厘普-快乐时光,🥕暹罗厘普,0.00,,6,1,text-template
7592921085801221401,暹罗厘普节庆-吉祥如意,🥕暹罗厘普,0.00,,6,1,text-template
7612569146781502782,暹罗厘普-超实用,🥕暹罗厘普,0.00,,6,1,text-template
7611938177011698968,暹罗厘普-Hello,🥕暹罗厘普,0.00,,6,1,text-template
7592240276585106712,暹罗厘普-比格多栋-太牛了,🥕暹罗厘普,0.00,,6,1,text-template
7593342762825698585,暹罗厘普-爱的魔力转圈圈,🥕暹罗厘普,0.00,,6,1,text-template
7602494754709998873,暹罗厘普-哇哇哇,🥕暹罗厘普,0.00,,6,1,text-template
7593130478899776792,暹罗厘普-兔子秀珍-哇哦,🥕暹罗厘普,0.00,,6,1,text-template
7612579344388590872,暹罗厘普-趣春游,🥕暹罗厘普,0.00,,6,1,text-template
7612569636781034777,暹罗厘普春天的气息,🥕暹罗厘普,0.00,,6,1,text-template
7611406694907956542,暹罗离谱续火花,🥕暹罗厘普,0.00,,6,1,text-template
7612570275288190270,暹罗厘普-打卡春天,🥕暹罗厘普,0.00,,6,1,text-template
7602183122624711961,暹罗离谱-新年快乐,🥕暹罗厘普,0.00,,6,1,text-template
7602171330468793624,暹罗厘普-祝你生日快乐,🥕暹罗厘普,0.00,,6,1,text-template
7593619778363837720,暹罗厘普-全员期待,🥕暹罗厘普,0.00,,6,1,text-template
7594785594241191230,暹罗厘普-享受假期,🥕暹罗厘普,0.00,,6,1,text-template
7602172246509063448,暹罗厘普无语凝噎,🥕暹罗厘普,0.00,,6,1,text-template
7593268358242389273,暹罗离谱-哈哈哈,🥕暹罗厘普,0.00,,6,1,text-template
7612568851263294745,暹罗厘普好清新,🥕暹罗厘普,0.00,,6,1,text-template
7612580085001948441,暹罗厘普-好春光,🥕暹罗厘普,0.00,,6,1,text-template
7602495176216563006,暹罗厘普-节庆-恭喜发财,🥕暹罗厘普,0.00,,6,1,text-template
7593187317267975448,暹罗离谱-超级Nice!,🥕暹罗厘普,0.00,,6,1,text-template
7612570278371085593,暹罗厘普-紧张,🥕暹罗厘普,0.00,,6,1,text-template
7611864250407144728,暹罗厘普-关注不迷路,🥕暹罗厘普,0.00,,6,1,text-template
7611379762971446553,暹罗离谱感谢关注,🥕暹罗厘普,0.00,,6,1,text-template
7611377175811607833,暹罗离谱划重点,🥕暹罗厘普,0.00,,6,1,text-template
7611923021263211800,暹罗厘普-超开心,🥕暹罗厘普,0.00,,6,1,text-template
7602184118046067993,暹罗厘普健身时间到,🥕暹罗厘普,0.00,,6,1,text-template
7594781252377611544,暹罗厘普-过年啦,🥕暹罗厘普,0.00,,6,1,text-template
7680828312226319678,ins风-My Daily Vlog,片头标题,0.00,,6,1,text-template
7690265805317066009,万圣节-小恶魔翅膀标签,片头标题,0.00,,6,1,text-template
7680837007316307262,ins风-HAVE A GOOD TIME,片头标题,0.00,,6,1,text-template
7564883851063971097,LOOK,片头标题,0.00,,6,1,text-template
7579611272488947006,我的喵喵日记,片头标题,0.00,,6,1,text-template
7644040673229802814,游戏风新成就,片头标题,0.00,,6,1,text-template
7579917366209858840,英文手写体-无人能及你（no one but you),片头标题,0.00,,6,1,text-template
7668625649917152574,UI风日常-MINI VLOG,片头标题,0.00,,6,1,text-template
7680152513844219161,教师节快乐,片头标题,0.00,,6,1,text-template
7632158769471851838,vlog-青岛,片头标题,0.00,,6,1,text-template
7559804424751910206,猫猫我,片头标题,0.00,,6,1,text-template
7639970781639937342,去旅行,片头标题,0.00,,6,1,text-template
7669713472669633817,恋爱日,片头标题,0.00,,6,1,text-template
7688035263746100504,键盘按键-假期HOLIDAY,片头标题,0.00,,6,1,text-template
7591476739453357374,Daily life vlog,片头标题,0.00,,6,1,text-template
7668578328907074840,Day 02,片头标题,0.00,,6,1,text-template
7090496798049012992,新品上架气泡-拆后,片头标题,0.00,,6,1,text-template
7672325522952785176,知识载入中,片头标题,0.00,,6,1,text-template
7224367720618265914,出游穿搭,片头标题,0.00,,6,1,text-template
7572793661637791038,互动水印-我的用户名,片头标题,0.00,,6,1,text-template
7672348637695069464,生活碎片小记,片头标题,0.00,,6,1,text-template
7579176114543840537,2026新年祝福文字烟花,片头标题,0.00,,6,1,text-template
7643487816982465816,拼贴文字-这就是我呀一个蘑菇头,片头标题,0.00,,6,1,text-template
7672705629018180888,Daily Vlog,片头标题,0.00,,6,1,text-template
7566259027617975576,你好冬天,片头标题,0.00,,6,1,text-template
7545953595665992984,校园vlog,片头标题,0.00,,6,1,text-template
7090514631487278371,标题2,片头标题,0.00,,6,1,text-template
7629702809809702206,日常-快乐的一天,片头标题,0.00,,6,1,text-template
7658666537754299672,花字标题-我的电子手帐,片头标题,0.00,,6,1,text-template
7172100090729942304,赛事-02赛事资讯,片头标题,0.00,,6,1,text-template
7680461242539986212,趣味片头-Daily Vlog,片头标题,0.00,,6,1,text-template
7688169506539228440,秋日手记,片头标题,0.00,,6,1,text-template
7564342395731496217,万圣夜,片头标题,0.00,,6,1,text-template
7163505750227111181,国庆长歌行,片头标题,0.00,,6,1,text-template
7090495856809479459,沉浸式开箱,片头标题,0.00,,6,1,text-template
7646316331318660376,日常记录-下午茶时光,片头标题,0.00,,6,1,text-template
7572489539659287832,重要通知,片头标题,0.00,,6,1,text-template
7575186394071469374,热议事件,片头标题,0.00,,6,1,text-template
7586899773886795033,再见2025你好2026,片头标题,0.00,,6,1,text-template
7658912743919193406,旅行VLOG,片头标题,0.00,,6,1,text-template
7200992191391485243,潮流运动2-春日滑雪指南,片头标题,0.00,,6,1,text-template
7562379986406264088,高能预警,片头标题,0.00,,6,1,text-template
7677941282164985150,拥有此刻,片头标题,0.00,,6,1,text-template
7278213288687570236,国庆旅行 贪玩计划 森林大冒险,片头标题,0.00,,6,1,text-template
7629706198509587774,日常-我的周末日记,片头标题,0.00,,6,1,text-template
7688187786213756185,手绘片头-MINI VLOG,片头标题,0.00,,6,1,text-template
7163517555661983013,1元发5斤,片头标题,0.00,,6,1,text-template
7559043042758446361,捣蛋时间到,片头标题,0.00,,6,1,text-template
7576576581607492888,年度回顾,片头标题,0.00,,6,1,text-template
7632678888266763545,旅行标题-vlog,片头标题,0.00,,6,1,text-template
7670010591280401688,心动至上,片头标题,0.00,,6,1,text-template
7668294755696233753,UI风日常-更新一则日常,片头标题,0.00,,6,1,text-template
7556523377369042201,vlog,片头标题,0.00,,6,1,text-template
7659744624231189785,今日分享,片头标题,0.00,,6,1,text-template
7632685210848693529,标题-vlog,片头标题,0.00,,6,1,text-template
7566318964020890942,下雪啦,片头标题,0.00,,6,1,text-template
7659680908454219032,产品营销,片头标题,0.00,,6,1,text-template
7687961425951870233,假期记录-Holiday Vlog,片头标题,0.00,,6,1,text-template
7564342567295552830,不眠夜,片头标题,0.00,,6,1,text-template
7585409584219655448,拉开新篇章,片头标题,0.00,,6,1,text-template
7572619147021110590,我的水印,片头标题,0.00,,6,1,text-template
7579164195116305689,2026发大财,片头标题,0.00,,6,1,text-template
7646330355141676350,日常记录vlog-咖啡馆探店,片头标题,0.00,,6,1,text-template
7586343131759545624,你好2026,片头标题,0.00,,6,1,text-template
7570713104980446489,放假啦,片头标题,0.00,,6,1,text-template
7571716010223340862,日常生活标题-vlog,片头标题,0.00,,6,1,text-template
7570712795294223678,快乐冒泡,片头标题,0.00,,6,1,text-template
7572478246076288318,我的日常生活,片头标题,0.00,,6,1,text-template
7163508484816833823,中秋佳节,片头标题,0.00,,6,1,text-template
7563228877439487257,秋日时光,片头标题,0.00,,6,1,text-template
7674590899963235627,开学季-你好新学期,片头标题,0.00,,6,1,text-template
7585484569638456638,圣诞氛围组,片头标题,0.00,,6,1,text-template
7557929755711163673,万圣节,片头标题,0.00,,6,1,text-template
7280468931528232255,假期来了相机笑脸镂空文字,片头标题,0.00,,6,1,text-template
7659256346826591550,嗷呜！,片头标题,0.00,,6,1,text-template
7564368714674490649,hellooo,片头标题,0.00,,6,1,text-template
7681796569686871321,焦糖布丁,片头标题,0.00,,6,1,text-template
7582243177936112958,冬至,片头标题,0.00,,6,1,text-template
7541065004980849945,巅峰对决,片头标题,0.00,,6,1,text-template
7626747204509863230,周末美食,片头标题,0.00,,6,1,text-template
7634177215365680446,bits&pieces,片头标题,0.00,,6,1,text-template
7683108065134185752,预览我的日记,片头标题,0.00,,6,1,text-template
7163526876638563598,30MIN暴汗有氧,片头标题,0.00,,6,1,text-template
7677937238377794841,耀眼一点，你有资格,片头标题,0.00,,6,1,text-template
7571358643753618713,感恩-漂浮弹幕,片头标题,0.00,,6,1,text-template
7575056858625379609,直击现场,片头标题,0.00,,6,1,text-template
7630025432762453272,周末犒劳｜甜品、打卡咖啡馆、甜蜜时刻,片头标题,0.00,,6,1,text-template
7618889754939264280,一定要大量记录,片头标题,0.00,,6,1,text-template
7163519089497984264,潮流运动-户外玩家集合,片头标题,0.00,,6,1,text-template
7688215380040371518,东京/假期随手记,片头标题,0.00,,6,1,text-template
7687328383427988760,旅行-美好启程,片头标题,0.00,,6,1,text-template
7673030086664342846,记录出游第1天,片头标题,0.00,,6,1,text-template
7644178189232688408,游戏风生活物语,片头标题,0.00,,6,1,text-template
7571441620822936856,期待下一次见面,片头标题,0.00,,6,1,text-template
7654949494295121177,游戏像素风我的拼豆日常,片头标题,0.00,,6,1,text-template
7629722170679332158,日常-快乐碎片,片头标题,0.00,,6,1,text-template
7575876801982123289,圣诞快乐,片头标题,0.00,,6,1,text-template
7637783687144459582,花漾年华,片头标题,0.00,,6,1,text-template
7550204236521360702,vlog,片头标题,0.00,,6,1,text-template
7188776598819081527,春节-奇怪兔-Happy兔Year,片头标题,0.00,,6,1,text-template
7637980811832216856,旅游Vlog,片头标题,0.00,,6,1,text-template
7630387382738799934,A day in my life,片头标题,0.00,,6,1,text-template
7163565817911659814,美妆-妈生伪素颜肌,片头标题,0.00,,6,1,text-template
7569448543946116376,MVP结算画面,片头标题,0.00,,6,1,text-template
7682654800881847577,秋意渐浓,片头标题,0.00,,6,1,text-template
7296265837713853735,双十一带货引导，优选爆款氛围营造,片头标题,0.00,,6,1,text-template
7672265807220591897,山海自有归期,片头标题,0.00,,6,1,text-template
7090569393838607616,科技019,片头标题,0.00,,6,1,text-template
7644784426823503128,夏日终曲,片头标题,0.00,,6,1,text-template
7667551103541710104,ins风-vlog日记,片头标题,0.00,,6,1,text-template
7686378106990660889,假日的一天,片头标题,0.00,,6,1,text-template
7563211658814852376,尖叫之夜,片头标题,0.00,,6,1,text-template
7684534898165583166,我的甜蜜日记,片头标题,0.00,,6,1,text-template
7576597179591265598,2025圆满杀青,片头标题,0.00,,6,1,text-template
7624899839221845273,不知道要怎么长大,片头标题,0.00,,6,1,text-template
7644784832832097560,限定记忆,片头标题,0.00,,6,1,text-template
7690388658838408510,超级秒杀,片头标题,0.00,,6,1,text-template
7163508645945199909,户外-度假就要什么都不做,片头标题,0.00,,6,1,text-template
7673541049146445081,今日分享,片头标题,0.00,,6,1,text-template
7689391269268950297,国庆节国庆狂欢购标题,片头标题,0.00,,6,1,text-template
7586106392784751897,我的2025年终总结,片头标题,0.00,,6,1,text-template
7163511867476856071,健身前后,片头标题,0.00,,6,1,text-template
7678949675428269312,教师节-三尺讲台育桃李,片头标题,0.00,,6,1,text-template
7659617886817996056,photo dump,片头标题,0.00,,6,1,text-template
7329870130828168498,综艺logo 热点-雪乡之旅,片头标题,0.00,,6,1,text-template
7571370995844386110,休闲时光,片头标题,0.00,,6,1,text-template
7560005197137825086,宅家日记,片头标题,0.00,,6,1,text-template
7553103760323759384,户外撒野,片头标题,0.00,,6,1,text-template
7655330061310037272,vlog,片头标题,0.00,,6,1,text-template
7585260040207093016,旅行日记,片头标题,0.00,,6,1,text-template
7181690416796945702,元旦-2023,片头标题,0.00,,6,1,text-template
7163512605259123998,穿搭-新手必看,片头标题,0.00,,6,1,text-template
7585479063385541912,搓搓小手开始过冬,片头标题,0.00,,6,1,text-template
7655355473243163929,韩系妆容分享,片头标题,0.00,,6,1,text-template
7619255639516351768,养宠日记,片头标题,0.00,,6,1,text-template
7668229686081637657,日常标题-生活日记,片头标题,0.00,,6,1,text-template
7571464708562341182,小厨房烘焙日记,片头标题,0.00,,6,1,text-template
7558354465011682622,万圣节,片头标题,0.00,,6,1,text-template
7631852953590304024,Daily vlog log 每日vlog,片头标题,0.00,,6,1,text-template
7679337330737712409,Mini Vlog,片头标题,0.00,,6,1,text-template
7686347963899235608,九月/短暂出逃,片头标题,0.00,,6,1,text-template
7672267113482194201,知识加载中,片头标题,0.00,,6,1,text-template
7559995781734993176,晚间日记,片头标题,0.00,,6,1,text-template
7674471896313810226,英文标题-Wednesday,片头标题,0.00,,6,1,text-template
7163550280116702468,美妆-黑曜石小方瓶,片头标题,0.00,,6,1,text-template
7574795003638172953,生活慢慢来总会有答案,片头标题,0.00,,6,1,text-template
7570919178387983640,萌宠日记,片头标题,0.00,,6,1,text-template
7579912976602385726,节日-圣诞节快乐英文手写体,片头标题,0.00,,6,1,text-template
7667810381963791641,国防科技-国之重器,片头标题,0.00,,6,1,text-template
7559855430781127998,拼拼凑凑的日常,片头标题,0.00,,6,1,text-template
7600710427911343385,可爱日常,片头标题,0.00,,6,1,text-template
7682133602976566552,我的生活碎片,片头标题,0.00,,6,1,text-template
7563252211774541080,万圣节快乐英文,片头标题,0.00,,6,1,text-template
7579894494808640793,2026新年快乐,片头标题,0.00,,6,1,text-template
7631184772450094360,网感片头-开启假期模式,片头标题,0.00,,6,1,text-template
7690463307437870361,日常标签-天使翅膀angel,片头标题,0.00,,6,1,text-template
7677938807756328244,万事顺意,片头标题,0.00,,6,1,text-template
7163530541059345677,国庆中国青年,片头标题,0.00,,6,1,text-template
7654578859970432280,夏日SUMMER VLOG,片头标题,0.00,,6,1,text-template
7579990180010921240,马年暴富,片头标题,0.00,,6,1,text-template
7629987235051408665,welcome to my volg,片头标题,0.00,,6,1,text-template
7571290824714276120,周末溜娃日常,片头标题,0.00,,6,1,text-template
7672638000811199768,room makeover,片头标题,0.00,,6,1,text-template
7090508564116163855,025全系列,片头标题,0.00,,6,1,text-template
7523807442719870232,互动引导-划重点,片头标题,0.00,,6,1,text-template
7672270449862167833,时光记事录,片头标题,0.00,,6,1,text-template
7620387622078123289,枕星河,片头标题,0.00,,6,1,text-template
7637415844473195801,重温港风,时间地点,0.00,,6,1,text-template
7598126194529373465,白色简约-地点路线,时间地点,0.00,,6,1,text-template
7593180066432044313,时间,时间地点,0.00,,6,1,text-template
7593296248984112408,简约风-时间地点,时间地点,0.00,,6,1,text-template
7639555203116649753,逃离城市指南,时间地点,0.00,,6,1,text-template
7224357163895000380,灵隐寺,时间地点,0.00,,6,1,text-template
7548842921852964121,假期旅行-目的地像素标签,时间地点,0.00,,6,1,text-template
7575837956863266072,古风地点,时间地点,0.00,,6,1,text-template
7594778310232640793,涂鸦地点标记文字,时间地点,0.00,,6,1,text-template
7593264181835484478,地点日期,时间地点,0.00,,6,1,text-template
7595788437744274750,黑色简约时间,时间地点,0.00,,6,1,text-template
7592630426657934654,时间地点,时间地点,0.00,,6,1,text-template
7631786103992995097,旅行目的地-青岛,时间地点,0.00,,6,1,text-template
7440842127317290249,自由安稳的一生,时间地点,0.00,,6,1,text-template
7625639086186859838,目的地/坐标/地点,时间地点,0.00,,6,1,text-template
7570072249815043352,中央大街,时间地点,0.00,,6,1,text-template
7598238949269720382,白色简约-时间地点,时间地点,0.00,,6,1,text-template
7090501153732955432,科技020,时间地点,0.00,,6,1,text-template
7054078610818223400,时间综艺09:30,时间地点,0.00,,6,1,text-template
7593210674940005694,日期地点,时间地点,0.00,,6,1,text-template
7598133018246679833,简约路线,时间地点,0.00,,6,1,text-template
7595454241444007193,地点旅游路线图,时间地点,0.00,,6,1,text-template
7439372211196120346,今日事今日毕,时间地点,0.00,,6,1,text-template
7594784661788970302,环球旅行地点标记,时间地点,0.00,,6,1,text-template
7439368609832406281,永远为生活心动,时间地点,0.00,,6,1,text-template
7591691549403155737,日期,时间地点,0.00,,6,1,text-template
7163534732280597774,10秒倒计时,时间地点,0.00,,6,1,text-template
7632927511877258521,目的地/坐标/地点,时间地点,0.00,,6,1,text-template
7584705966071909657,目的地,时间地点,0.00,,6,1,text-template
7593304191104240958,时间,时间地点,0.00,,6,1,text-template
7280476609667173644,旅行第一站定位文字模板,时间地点,0.00,,6,1,text-template
7090510757804248355,探店店铺地址,时间地点,0.00,,6,1,text-template
7637860895082876185,地标-香港,时间地点,0.00,,6,1,text-template
7631606488284450072,目的地,时间地点,0.00,,6,1,text-template
7575801900004805913,游玩地点,时间地点,0.00,,6,1,text-template
7627083198689873214,路线图,时间地点,0.00,,6,1,text-template
7594790507600104766,地点坐标标注,时间地点,0.00,,6,1,text-template
7538068097081740569,和秋天约个会吧,时间地点,0.00,,6,1,text-template
7629743842954218776,私藏路线,时间地点,0.00,,6,1,text-template
7567209420799692094,冬日-旅行目的地,时间地点,0.00,,6,1,text-template
7641534673570630937,目的地,时间地点,0.00,,6,1,text-template
7668667997770255678,UI风日常-抵达目的地,时间地点,0.00,,6,1,text-template
7598124796337229080,功能-起点终点,时间地点,0.00,,6,1,text-template
7668514721045269822,UI风日常-时间,时间地点,0.00,,6,1,text-template
7572400713561672985,地点-目的地,时间地点,0.00,,6,1,text-template
7592902879535648062,日期地点,时间地点,0.00,,6,1,text-template
7567755400678870296,阿勒泰,时间地点,0.00,,6,1,text-template
7439366808932486451,快乐真的会传染,时间地点,0.00,,6,1,text-template
7283030721524944147,旅行-时间,时间地点,0.00,,6,1,text-template
7563837372555791678,到达目的地,时间地点,0.00,,6,1,text-template
7592221533939027224,晚上时间,时间地点,0.00,,6,1,text-template
7640322843712015641,宝藏地,时间地点,0.00,,6,1,text-template
7571110275101756734,冬日-零下15度,时间地点,0.00,,6,1,text-template
7571366221694766360,店铺位置,时间地点,0.00,,6,1,text-template
7592190917717708094,旅游路线地图,时间地点,0.00,,6,1,text-template
7592190497989463321,日期,时间地点,0.00,,6,1,text-template
7557646466622459198,探店-地点,时间地点,0.00,,6,1,text-template
7163530564622912804,综艺时间4,时间地点,0.00,,6,1,text-template
7439371268316679451,随拍分享,时间地点,0.00,,6,1,text-template
7591525254732959000,地址,时间地点,0.00,,6,1,text-template
7592881056861408537,翻牌时间,时间地点,0.00,,6,1,text-template
7540562565919722777,目的地-喀纳斯,时间地点,0.00,,6,1,text-template
7573378395741146393,24小时,时间地点,0.00,,6,1,text-template
7667944029866347800,地标-北京,时间地点,0.00,,6,1,text-template
7581313044563873048,旅游路线,时间地点,0.00,,6,1,text-template
7573990460805614872,许昌胖东来 位置,时间地点,0.00,,6,1,text-template
7163509103778696484,综艺时间3,时间地点,0.00,,6,1,text-template
7546241931899243800,店铺地址,时间地点,0.00,,6,1,text-template
7548724312245570841,旅游-目的地,时间地点,0.00,,6,1,text-template
7626428046941310232,抵达目的地,时间地点,0.00,,6,1,text-template
7572820191479008574,时间标记文字,时间地点,0.00,,6,1,text-template
7439375461458660618,日子是单曲循环,时间地点,0.00,,6,1,text-template
7593327246379715864,简约风-时间地点,时间地点,0.00,,6,1,text-template
7598877993125186878,时间标记,时间地点,0.00,,6,1,text-template
7543861416219069720,美食探店-店铺地址,时间地点,0.00,,6,1,text-template
7575435949660835096,卧室,时间地点,0.00,,6,1,text-template
7595794215842352408,简约风时间地点文字,时间地点,0.00,,6,1,text-template
7439364187026951475,快乐是免费的,时间地点,0.00,,6,1,text-template
7619347747438857496,拍摄-地点时间,时间地点,0.00,,6,1,text-template
7550204760746478910,神仙遛娃地,时间地点,0.00,,6,1,text-template
7631961504937692478,五一出发地目的地,时间地点,0.00,,6,1,text-template
7592206658592509208,简约风时间文字,时间地点,0.00,,6,1,text-template
7572824495237385534,第一站哈尔滨,时间地点,0.00,,6,1,text-template
7592206369802194238,时间地点,时间地点,0.00,,6,1,text-template
7592240242569022745,可爱猫爪涂鸦时间文字,时间地点,0.00,,6,1,text-template
7593262787753741630,简约风-时间地点,时间地点,0.00,,6,1,text-template
7647376735335648574,成都春熙路太古里打卡比去-旅行文字模板,时间地点,0.00,,6,1,text-template
7549755085384060222,目的地,时间地点,0.00,,6,1,text-template
7594863997107784984,旅游出行地点标记路线,时间地点,0.00,,6,1,text-template
7592217176384245016,简约风时间记录文字,时间地点,0.00,,6,1,text-template
7588933728970394942,目的地,时间地点,0.00,,6,1,text-template
7593722895067614489,简约飞行轨迹文字,时间地点,0.00,,6,1,text-template
7381133956718021897,美食-青岛美食记,时间地点,0.00,,6,1,text-template
7163545580210326814,综艺地点坐标短,时间地点,0.00,,6,1,text-template
7593447548455734553,简约旅游地标手写字体,时间地点,0.00,,6,1,text-template
7643365715575311678,蝴蝶谷,时间地点,0.00,,6,1,text-template
7595786229795458328,简约风时间文字,时间地点,0.00,,6,1,text-template
7573028421950033177,时间文字,时间地点,0.00,,6,1,text-template
7637125293806865688,时代记忆,时间地点,0.00,,6,1,text-template
7593294419000970520,简约风-时间地点,时间地点,0.00,,6,1,text-template
7550305930240363838,国庆-热门景点,时间地点,0.00,,6,1,text-template
7637397199357480217,年代风物志,时间地点,0.00,,6,1,text-template
7625923630010223896,打卡成功,时间地点,0.00,,6,1,text-template
7592197250877558040,时间,时间地点,0.00,,6,1,text-template
7593295175967984958,最后倒计时,时间地点,0.00,,6,1,text-template
7283101053304737063,旅行-地点,时间地点,0.00,,6,1,text-template
7593541570163658009,简约风-时间地点,时间地点,0.00,,6,1,text-template
7537970727601999166,探店-店铺地址,时间地点,0.00,,6,1,text-template
7163505176723148040,户外-目的地,时间地点,0.00,,6,1,text-template
7572746061870042393,时间标签-日期2025.12.20,时间地点,0.00,,6,1,text-template
7593664126363422014,简约风-时间地点,时间地点,0.00,,6,1,text-template
7638078028756651288,港式茶餐厅,时间地点,0.00,,6,1,text-template
7569901265413557566,坐标-雪乡,时间地点,0.00,,6,1,text-template
7593573250693745944,翻牌日期,时间地点,0.00,,6,1,text-template
7090517880491593000,粤海街道某某路,时间地点,0.00,,6,1,text-template
7659446142526229785,暑假-避暑城市,时间地点,0.00,,6,1,text-template
7572825379325398296,地点标记文字,时间地点,0.00,,6,1,text-template
7283030241013026102,旅行-两地,时间地点,0.00,,6,1,text-template
7593227964112768281,地点日期,时间地点,0.00,,6,1,text-template
7439373781220527370,元气日常,时间地点,0.00,,6,1,text-template
7594793156638559513,可爱卡通时间地点标记,时间地点,0.00,,6,1,text-template
7575610169908841753,地点-冰雪大世界,时间地点,0.00,,6,1,text-template
7054078599061605647,手机-纪念日,时间地点,0.00,,6,1,text-template
7054078656414518528,时间3,时间地点,0.00,,6,1,text-template
7054078616430284047,手机-ios锁屏,时间地点,0.00,,6,1,text-template
7054078656414567680,白色日历12.25,时间地点,0.00,,6,1,text-template
7227416929743555899,欧美文字 社交媒体 日期时间,时间地点,0.00,,6,1,text-template
7163530600723270919,时间日期,时间地点,0.00,,6,1,text-template
7163524131558886669,综艺时间,时间地点,0.00,,6,1,text-template
7054078618749750568,白色方形时间25,时间地点,0.00,,6,1,text-template
7230794761806810423,欧美文字 创意UI 天气,时间地点,0.00,,6,1,text-template
7054078651628817704,时间-像素,时间地点,0.00,,6,1,text-template
7250068250837486904,美食地图,时间地点,0.00,,6,1,text-template
7090501153573719336,角标,时间地点,0.00,,6,1,text-template
7163511867422346504,打卡地,时间地点,0.00,,6,1,text-template
7054078652559953187,202时间牌,时间地点,0.00,,6,1,text-template
7163519829930986783,法式-改造新居标题,时间地点,0.00,,6,1,text-template
7054078656414584064,粉底日综时间地点0756,时间地点,0.00,,6,1,text-template
7223389945069636924,欧美文字 细节说明 时间,时间地点,0.00,,6,1,text-template
7090543557689314560,通用地址,时间地点,0.00,,6,1,text-template
7054078639129824546,手机-锁屏时钟,时间地点,0.00,,6,1,text-template
7054078646067203363,时间-多行2,时间地点,0.00,,6,1,text-template
7054078637095603496,红色荧光时间1855,时间地点,0.00,,6,1,text-template
7054078615666887936,红色圣诞日历,时间地点,0.00,,6,1,text-template
7054078594347306281,黑色日历19,时间地点,0.00,,6,1,text-template
7307462326695791926,到达目的地,时间地点,0.00,,6,1,text-template
7054078599061703951,时间-像素黄,时间地点,0.00,,6,1,text-template
7054078614760869154,emoji时间11/12,时间地点,0.00,,6,1,text-template
7054078619437534479,时间-多行1,时间地点,0.00,,6,1,text-template
7054078600059866403,时间-橘色,时间地点,0.00,,6,1,text-template
7054078620402289935,时间2,时间地点,0.00,,6,1,text-template
7163511977048886541,综艺时间1,时间地点,0.00,,6,1,text-template
7227458272150687037,欧美文字 社交媒体 满意度,时间地点,0.00,,6,1,text-template
7090496798049045760,时间,时间地点,0.00,,6,1,text-template
7538105034479799576,目的地,时间地点,0.00,,6,1,text-template
7054078609857793295,黄白色游戏id西南二区,时间地点,0.00,,6,1,text-template
7090524260053028136,通用时间,时间地点,0.00,,6,1,text-template
7278494980975480104,国庆 出游vlog 第一站 第一part 标题字幕,时间地点,0.00,,6,1,text-template
7278301984199871778,国庆 出游天气预报 vlog字幕,时间地点,0.00,,6,1,text-template
7054078651628899624,时间1,时间地点,0.00,,6,1,text-template
7054078618749685032,白色地标在远方,时间地点,0.00,,6,1,text-template
7591331541108886809,我的水印,📄水印,0.00,,6,1,text-template
7593291145011088665,禁止转载,📄水印,0.00,,6,1,text-template
7593198110541696281,请勿搬运,📄水印,0.00,,6,1,text-template
7592189854574726462,水印禁止转载,📄水印,0.00,,6,1,text-template
7615253848667589950,小狗涂鸦我的水印防盗标记,📄水印,0.00,,6,1,text-template
7592191906885668121,我的水印,📄水印,0.00,,6,1,text-template
7592191499077733694,我的水印,📄水印,0.00,,6,1,text-template
7592186534791531800,私人稿件,📄水印,0.00,,6,1,text-template
7593191106305740056,盗版必究,📄水印,0.00,,6,1,text-template
7590823951417314622,我的用户名,📄水印,0.00,,6,1,text-template
7593260330969648409,盗版必究,📄水印,0.00,,6,1,text-template
7592246921843035454,水印-禁止转载,📄水印,0.00,,6,1,text-template
7592198322480303422,禁止盗用,📄水印,0.00,,6,1,text-template
7591316396534140222,请勿盗用,📄水印,0.00,,6,1,text-template
7595800335055195454,盗图必究,📄水印,0.00,,6,1,text-template
7591310623036984601,简约签名水印,📄水印,0.00,,6,1,text-template
7591302927604813080,这是一个水印,📄水印,0.00,,6,1,text-template
7592190022795939097,可爱水印id名字牌,📄水印,0.00,,6,1,text-template
7591099014330944830,盗图必究,📄水印,0.00,,6,1,text-template
7592214234348473625,我的水印,📄水印,0.00,,6,1,text-template
7592192224721423641,我的水印,📄水印,0.00,,6,1,text-template
7591456850588142873,禁止转载,📄水印,0.00,,6,1,text-template
7592188502981512472,盗版必究,📄水印,0.00,,6,1,text-template
7591419398779358488,带星星水印,📄水印,0.00,,6,1,text-template
7592505165479955737,摄影水印,📄水印,0.00,,6,1,text-template
7595444462478970174,水印-私人稿件,📄水印,0.00,,6,1,text-template
7591427401012251928,我的水印框,📄水印,0.00,,6,1,text-template
7592548867812609304,不可使用,📄水印,0.00,,6,1,text-template
7591429723050364222,我的水印,📄水印,0.00,,6,1,text-template
7592190876185808153,我的水印,📄水印,0.00,,6,1,text-template
7594806015481318681,我的水印（原创）,📄水印,0.00,,6,1,text-template
7591413262688718104,水印,📄水印,0.00,,6,1,text-template
7593369532278770968,请勿转载,📄水印,0.00,,6,1,text-template
7591385071903558974,我的水印,📄水印,0.00,,6,1,text-template
7591501766835899710,水印,📄水印,0.00,,6,1,text-template
7591300526168657177,环绕动态水印,📄水印,0.00,,6,1,text-template
7591409439832411416,我的水印防盗用水印,📄水印,0.00,,6,1,text-template
7591466355048615230,我的水印,📄水印,0.00,,6,1,text-template
7592198889504247102,我的水印-盗版必究,📄水印,0.00,,6,1,text-template
7595461459799330110,可爱涂鸦小狗防盗水印,📄水印,0.00,,6,1,text-template
7592208994861665560,我的水印,📄水印,0.00,,6,1,text-template
7592190194493852953,禁止转载,📄水印,0.00,,6,1,text-template
7592921726086909246,可爱蝴蝶结防盗水印,📄水印,0.00,,6,1,text-template
7591312326188485913,我的用户名,📄水印,0.00,,6,1,text-template
7592261919801625880,禁止盗用 禁止转载,📄水印,0.00,,6,1,text-template
7591367441532521752,半透明水印,📄水印,0.00,,6,1,text-template
7591400150745009470,我的水印,📄水印,0.00,,6,1,text-template
7591270325174783294,英文水印-关于名字,📄水印,0.00,,6,1,text-template
7592252576242978073,名字水印,📄水印,0.00,,6,1,text-template
7617718101316160793,我的水印,📄水印,0.00,,6,1,text-template
7592206936431660313,我的水印,📄水印,0.00,,6,1,text-template
7591432400052194622,迎新年,📄水印,0.00,,6,1,text-template
7613574723879947544,黑色线条小狗我的水印防盗水印标记,📄水印,0.00,,6,1,text-template
7592209747840093465,简约水印,📄水印,0.00,,6,1,text-template
7635279404788174105,我的水印,📄水印,0.00,,6,1,text-template
7592419385910906137,盗图必究,📄水印,0.00,,6,1,text-template
7592190038377565464,可爱猫咪防盗水印,📄水印,0.00,,6,1,text-template
7630100328033176894,watermark英文水印,📄水印,0.00,,6,1,text-template
7592226750273178942,卡通可爱水印禁止盗图,📄水印,0.00,,6,1,text-template
7591138268595571992,禁止使用,📄水印,0.00,,6,1,text-template
7596336445137358142,我的水印,📄水印,0.00,,6,1,text-template
7591407896592895294,禁止使用防盗水印,📄水印,0.00,,6,1,text-template
7630095088928099609,我的水印,📄水印,0.00,,6,1,text-template
7591387148725832984,我的水印,📄水印,0.00,,6,1,text-template
7592931580469890328,请勿使用,📄水印,0.00,,6,1,text-template
7591334506947382590,私稿禁盗,📄水印,0.00,,6,1,text-template
7593244219913801022,我的水印,📄水印,0.00,,6,1,text-template
7592824187627277630,浅灰色蝴蝶防盗水印,📄水印,0.00,,6,1,text-template
7629998376754433304,英文水印发光蝴蝶浪漫线条文字,📄水印,0.00,,6,1,text-template
7592501961954659609,我的水印,📄水印,0.00,,6,1,text-template
7592498681899912510,摄影水印,📄水印,0.00,,6,1,text-template
7592194641789766974,圆形我的水印,📄水印,0.00,,6,1,text-template
7592195108003630398,我的水印,📄水印,0.00,,6,1,text-template
7637878653988146456,我的水印,📄水印,0.00,,6,1,text-template
7592201665617415486,未经允许不得使用防盗水印,📄水印,0.00,,6,1,text-template
7592445733941447961,我的水印,📄水印,0.00,,6,1,text-template
7676287347276713241,我的水印,📄水印,0.00,,6,1,text-template
7591308561305587006,禁止盗图,📄水印,0.00,,6,1,text-template
7637763785448770878,我的水印,📄水印,0.00,,6,1,text-template
7594003408877554969,禁止转载我的水印防盗水印,📄水印,0.00,,6,1,text-template
7593703228077002008,可爱皇冠我的防盗水印,📄水印,0.00,,6,1,text-template
7676077457820388633,我的水印,📄水印,0.00,,6,1,text-template
7595781178578488600,私人稿件/水印,📄水印,0.00,,6,1,text-template
7592191022646660414,可爱少女感id水印,📄水印,0.00,,6,1,text-template
7590959724053712153,这是水印,📄水印,0.00,,6,1,text-template
7592196213278051608,禁止转载防盗水印,📄水印,0.00,,6,1,text-template
7592211469048073497,我的水印,📄水印,0.00,,6,1,text-template
7592216079544405310,我的水印-原创作品,📄水印,0.00,,6,1,text-template
7595424630496840984,禁止转载防盗水印,📄水印,0.00,,6,1,text-template
7592556466515725593,禁止盗图,📄水印,0.00,,6,1,text-template
7597399694402161945,水印 禁止搬运,📄水印,0.00,,6,1,text-template
7595802373138730265,小猫水印,📄水印,0.00,,6,1,text-template
7591328694128381209,禁止转载邮戳防盗水印,📄水印,0.00,,6,1,text-template
7591349620832210238,654321,📄水印,0.00,,6,1,text-template
7592227911957122366,原创作品,📄水印,0.00,,6,1,text-template
7593722945051266328,我的水印防盗水印署名标记,📄水印,0.00,,6,1,text-template
7591409636025142552,禁止盗用,📄水印,0.00,,6,1,text-template
7591476269133417790,@一条小鱼干,📄水印,0.00,,6,1,text-template
7592254314069085465,水印,📄水印,0.00,,6,1,text-template
7591330040797777214,仅供观赏,📄水印,0.00,,6,1,text-template
7592504255555095870,我的水印,📄水印,0.00,,6,1,text-template
7592209111832595774,我的水印,📄水印,0.00,,6,1,text-template
7592454045537783065,我的水印,📄水印,0.00,,6,1,text-template
7592533636822519102,水印-盗图必究,📄水印,0.00,,6,1,text-template
7592196955636452633,我的水印,📄水印,0.00,,6,1,text-template
7592515847760039230,PASSED,📄水印,0.00,,6,1,text-template
7594929687848078617,我的水印（禁止搬运）,📄水印,0.00,,6,1,text-template
7592883234200128792,不准偷图哦可爱防盗水印,📄水印,0.00,,6,1,text-template
7592468984050617662,私人稿件,📄水印,0.00,,6,1,text-template
7591431903190748478,My watermark,📄水印,0.00,,6,1,text-template
7592954506254617918,禁止抄袭,📄水印,0.00,,6,1,text-template
7592206317947882777,小猫可爱边框水印,📄水印,0.00,,6,1,text-template
7591112342797258009,禁止转载,📄水印,0.00,,6,1,text-template
7595789942081686846,小狗水印,📄水印,0.00,,6,1,text-template
7591760430444383550,我的水印,📄水印,0.00,,6,1,text-template
7593301426445536537,我的水印,📄水印,0.00,,6,1,text-template
7592250605478137112,水印,📄水印,0.00,,6,1,text-template
7591176878774488345,禁止转载,📄水印,0.00,,6,1,text-template
7593017367169453336,我的水印-禁止盗用,📄水印,0.00,,6,1,text-template
7591145701711858969,我的水印,📄水印,0.00,,6,1,text-template
7598130656891129113,我的水印,📄水印,0.00,,6,1,text-template
7591433029738908952,私人稿件,📄水印,0.00,,6,1,text-template
7591421796071509272,我的水印,📄水印,0.00,,6,1,text-template
7592286329380326680,不许偷图,📄水印,0.00,,6,1,text-template
7591078332566080830,我的水印,📄水印,0.00,,6,1,text-template
7595851583980653849,请勿搬运,📄水印,0.00,,6,1,text-template
7592888965540400446,我的水印-请勿搬运,📄水印,0.00,,6,1,text-template
7592553804600544536,我的水印,📄水印,0.00,,6,1,text-template
7591499359976508734,@id名称,📄水印,0.00,,6,1,text-template
7592434983168544025,简约白色水印,📄水印,0.00,,6,1,text-template
7592191968269323582,飘动水印,📄水印,0.00,,6,1,text-template
7593748209605020953,禁止二创,📄水印,0.00,,6,1,text-template
7592871930085149976,花边框小清新水印,📄水印,0.00,,6,1,text-template
7591329886938172697,禁止私用防盗水印,📄水印,0.00,,6,1,text-template
7592210116674555160,水印,📄水印,0.00,,6,1,text-template
7592210533517053246,我的水印（禁止抄袭）,📄水印,0.00,,6,1,text-template
7592190222155402558,我的水印,📄水印,0.00,,6,1,text-template
7592189456069823769,水印禁止盗用,📄水印,0.00,,6,1,text-template
7592210209150537022,我的水印（盗版必究）,📄水印,0.00,,6,1,text-template
7592194462252797208,简约水印,📄水印,0.00,,6,1,text-template
7592195752248691992,禁止二创禁止搬运,📄水印,0.00,,6,1,text-template
7592206597485808920,我的水印（禁止搬运）,📄水印,0.00,,6,1,text-template
7592191832608640318,我的水印,📄水印,0.00,,6,1,text-template
7592235865150115134,麦穗-我的水印,📄水印,0.00,,6,1,text-template
7592196477980757310,我的水印（原创作品）,📄水印,0.00,,6,1,text-template
7651832375197928728,我的水印,📄水印,0.00,,6,1,text-template
7651838342966906174,我的水印,📄水印,0.00,,6,1,text-template
7442244666046614819,每组30次,运动,0.00,,6,1,text-template
7337127464017087796,运动-新手练习,运动,0.00,,6,1,text-template
7408112462555385138,火力全开,运动,0.00,,6,1,text-template
7435182411069148467,自律日常夕阳无限好运动要趁早,运动,0.00,,6,1,text-template
7390712732695153931,体育赛事-体育项目,运动,0.00,,6,1,text-template
7390396019722194210,勇夺金牌 红色 简约 体育赛事 片头 标题,运动,0.00,,6,1,text-template
7481283935448796440,运动教学,运动,0.00,,6,1,text-template
7624894824843578686,巨暴汗,运动,0.00,,6,1,text-template
7647384764273413400,体育赛事-对抗双方VS,运动,0.00,,6,1,text-template
7381388095284874507,运动健身 步骤动作说明,运动,0.00,,6,1,text-template
7646357786732858649,世界杯-现场直播,运动,0.00,,6,1,text-template
7308757006691700018,运动教程 滑雪跟练视频动作说明 手绘涂鸦,运动,0.00,,6,1,text-template
7389168380294597925,体育赛事中国第一,运动,0.00,,6,1,text-template
7405496143703969061,好身材练出来,运动,0.00,,6,1,text-template
7645231075563818264,荣耀时刻,运动,0.00,,6,1,text-template
7173597388320427296,赛事-11最后巅峰,运动,0.00,,6,1,text-template
7435181698763050277,自律日常暴走团上线,运动,0.00,,6,1,text-template
7163530542191856927,第一节 热身激活,运动,0.00,,6,1,text-template
7646373724618411289,啤酒就位,运动,0.00,,6,1,text-template
7390390302839704847,为梦想而战 红色 简约 体育赛事 片头 标题,运动,0.00,,6,1,text-template
7648013788934950168,端午佳节,运动,0.00,,6,1,text-template
7315027544695115045,运动教程 错误示范,运动,0.00,,6,1,text-template
7163526163241995550,3组 每组8个,运动,0.00,,6,1,text-template
7646335252620725566,体育赛事-精彩回顾,运动,0.00,,6,1,text-template
7173597778793205024,赛事-16绝杀,运动,0.00,,6,1,text-template
7391030809978834215,为中国队喝彩体育赛事喊话文字,运动,0.00,,6,1,text-template
7644804595490803006,今晚狂欢,运动,0.00,,6,1,text-template
7172100341389970727,赛事-10比分,运动,0.00,,6,1,text-template
7389162943029447963,体育赛事决胜时刻,运动,0.00,,6,1,text-template
7408109500047133979,运动健身第一步热身运动,运动,0.00,,6,1,text-template
7163511893146062116,运动-潮流运动-快来入坑,运动,0.00,,6,1,text-template
7646334058284403993,体育赛事-冲冲冲！,运动,0.00,,6,1,text-template
7647040271531838782,好球,运动,0.00,,6,1,text-template
7647459150276087065,win,运动,0.00,,6,1,text-template
7435179859099405577,自律日常运动打卡,运动,0.00,,6,1,text-template
7309670437225549093,运动教程 健身操正确动作 有氧挑战跟练,运动,0.00,,6,1,text-template
7391025725135981835,体育赛事开幕盛典开幕式标题片头文字,运动,0.00,,6,1,text-template
7391397657543003426,第三金,运动,0.00,,6,1,text-template
7391827216511831332,体育赛事：中国必胜,运动,0.00,,6,1,text-template
7579474523783728409,太牛了,运动,0.00,,6,1,text-template
7440029064066288905,健身-一起来打卡,运动,0.00,,6,1,text-template
7337170106964872483,运动-滑板仔,运动,0.00,,6,1,text-template
7647919335142395198,冲冲冲,运动,0.00,,6,1,text-template
7274437151352212748,潮流运动-全程耗时5小时,运动,0.00,,6,1,text-template
7647819646111878424,粽享美好,运动,0.00,,6,1,text-template
7441198569845001522,4min跟练,运动,0.00,,6,1,text-template
7391459117153504552,圆梦巴黎,运动,0.00,,6,1,text-template
7314574173513256229,运动教程 标题 滑雪新手教学,运动,0.00,,6,1,text-template
7391486619930496290,半决赛 蓝色 简约 体育赛事 片头 标题,运动,0.00,,6,1,text-template
7579397088463703321,破局,运动,0.00,,6,1,text-template
7537221632310431000,互动-上热门,运动,0.00,,6,1,text-template
7381398810884443446,运动健身 主副标题细节,运动,0.00,,6,1,text-template
7647563967120067864,体育赛事-荣耀之战,运动,0.00,,6,1,text-template
7391017589146701091,夺冠,运动,0.00,,6,1,text-template
7624892684339186968,正确示范,运动,0.00,,6,1,text-template
7309636229010672923,运动教程 章节动作 有氧挑战热身激活跟练,运动,0.00,,6,1,text-template
7645235327149362494,为世界杯喝彩,运动,0.00,,6,1,text-template
7390643971975843107,回顾夺金时刻,运动,0.00,,6,1,text-template
7533175087185464601,坚持,运动,0.00,,6,1,text-template
7389184672875449609,体育赛事中国选手申请出战,运动,0.00,,6,1,text-template
7434196155157843210,运动-加强核心力量,运动,0.00,,6,1,text-template
7381385154528464191,运动健身 标题说明,运动,0.00,,6,1,text-template
7646329536128339224,世界杯-铁杆球迷,运动,0.00,,6,1,text-template
7645225001666432280,观赛指南,运动,0.00,,6,1,text-template
7440016972462558490,健身-错误示范,运动,0.00,,6,1,text-template
7315003422724476169,运动教程 标题 滑行前热身,运动,0.00,,6,1,text-template
7646363153923607832,体育赛事-燃梦赛场,运动,0.00,,6,1,text-template
7391023410651942207,体育赛事为中国队加油呐喊文字,运动,0.00,,6,1,text-template
7515866120172145944,运动-为梦想而战,运动,0.00,,6,1,text-template
7646328019656887576,体育赛事-赛点,运动,0.00,,6,1,text-template
7391825113114611007,体育赛事：首金,运动,0.00,,6,1,text-template
7646726994859724094,体育赛事-竞技精神,运动,0.00,,6,1,text-template
7537242653335866648,运动-冲冲冲,运动,0.00,,6,1,text-template
7405506511872593178,恭喜你完成训练,运动,0.00,,6,1,text-template
7391752703774395663,焦点赛,运动,0.00,,6,1,text-template
7390316023716629786,体育赛事-征战巴黎 中国加油,运动,0.00,,6,1,text-template
7645224144610692414,王者之战,运动,0.00,,6,1,text-template
7625095850963815705,新手友好,运动,0.00,,6,1,text-template
7390633140760431872,中国队加油,运动,0.00,,6,1,text-template
7480463468383128894,零基础健身操-运动-热点,运动,0.00,,6,1,text-template
7543179657953234201,运动-错误示范,运动,0.00,,6,1,text-template
7646371582952082750,绝杀,运动,0.00,,6,1,text-template
7390614918900305162,体育赛事-好样的,运动,0.00,,6,1,text-template
7645255234276576574,超强阵容,运动,0.00,,6,1,text-template
7645256678761499928,绝杀时刻,运动,0.00,,6,1,text-template
7390381875715427619,中国队必胜 红色 简约 体育赛事 情绪表达,运动,0.00,,6,1,text-template
7646766788507897113,任意球绝杀,运动,0.00,,6,1,text-template
7645255498559769881,燃爆了,运动,0.00,,6,1,text-template
7539111240019348760,全力以赴,运动,0.00,,6,1,text-template
7390313224228457765,体育赛事-荣耀时刻,运动,0.00,,6,1,text-template
7625304128285101336,健身训练计划,运动,0.00,,6,1,text-template
7315305369440439567,运动教程 装备TIPS 字幕 标注说明,运动,0.00,,6,1,text-template
7579420264384105752,冲刺,运动,0.00,,6,1,text-template
7389155727866187035,体育赛事夺冠,运动,0.00,,6,1,text-template
7379253350564449574,运动-向上发力,运动,0.00,,6,1,text-template
7391480803831581992,赛程回顾 蓝色 简约 体育赛事 片头 标题 ,运动,0.00,,6,1,text-template
7645289313680330046,名场面盘点,运动,0.00,,6,1,text-template
7379260635210681626,运动-高抬腿30次,运动,0.00,,6,1,text-template
7163508489690631460,FOLLOW US,运动,0.00,,6,1,text-template
7645316870643666201,捍卫荣耀,运动,0.00,,6,1,text-template
7494495867899071769,夏日瘦身-力量训练,运动,0.00,,6,1,text-template
7647779361805847832,世界杯-好球,运动,0.00,,6,1,text-template
7408116149713489162,运动健身燃脂+1,运动,0.00,,6,1,text-template
7337166305159580943,运动-正确,运动,0.00,,6,1,text-template
7515760364169055550,运动-超越极限,运动,0.00,,6,1,text-template
7381387670762556735,运动健身 跟练视频标题,运动,0.00,,6,1,text-template
7337873355292413224,运动-标题,运动,0.00,,6,1,text-template
7337170230310980899,运动-错误,运动,0.00,,6,1,text-template
7390383471593606435,夺金时刻 红色 简约 体育赛事 片头 标题,运动,0.00,,6,1,text-template
7163529817453874468,运动-潮流运动-暴汗,运动,0.00,,6,1,text-template
7315038640755772710,运动教程 标题 正确示范,运动,0.00,,6,1,text-template
7648514199399861528,热血开赛,运动,0.00,,6,1,text-template
7391763622374034688,太稳了,运动,0.00,,6,1,text-template
7645231386055593240,精彩回顾,运动,0.00,,6,1,text-template
7624886772778159384,喊你运动啦,运动,0.00,,6,1,text-template
7308748890151374089,运动教程 滑雪跟练视频错误动作 手绘涂鸦,运动,0.00,,6,1,text-template
7381382717465726271,运动健身字幕 ,运动,0.00,,6,1,text-template
7645226432267963673,全力以赴 不负青春,运动,0.00,,6,1,text-template
7201010709776436536,潮流运动2-登山鞋,运动,0.00,,6,1,text-template
7337122985188281634,运动-高燃集结,运动,0.00,,6,1,text-template
7646319991549300030,体育赛事-绝杀,运动,0.00,,6,1,text-template
7391016622716177703,巴黎舞台燃烧梦想体育精神字幕文字,运动,0.00,,6,1,text-template
7647770060601462041,见证荣光,运动,0.00,,6,1,text-template
7274446637768985897,潮流运动-上行程安排,运动,0.00,,6,1,text-template
7163508488264551693,再坚持一下,运动,0.00,,6,1,text-template
7163511197315190030,02开合跳跃,运动,0.00,,6,1,text-template
7442244058778504448,运动前热身,运动,0.00,,6,1,text-template
7172106286690028811,赛事-01VS球员,运动,0.00,,6,1,text-template
7441202561962478885,错误示范,运动,0.00,,6,1,text-template
7444467174296587530,时髦舒适,运动,0.00,,6,1,text-template
7311654568553614646,运动教程-还有10秒,运动,0.00,,6,1,text-template
7408122640256355593,运动健身-再来一次,运动,0.00,,6,1,text-template
7200988372008029496,潮流运动2-虫仔的冲浪日记,运动,0.00,,6,1,text-template
7391013636921249060,相约巴黎浪漫体育比赛标题文字,运动,0.00,,6,1,text-template
7381417033897905471,运动健身 标题新手入门,运动,0.00,,6,1,text-template
7200993766361009464,潮流运动2-风和自由在我脚下,运动,0.00,,6,1,text-template
7645331410324213016,美加墨世界杯,运动,0.00,,6,1,text-template
7647460677954571582,2026世界杯,运动,0.00,,6,1,text-template
7306894834722196787,运动教程 章节动作名称 后仰试跳投,运动,0.00,,6,1,text-template
7163510245711465736,动作步骤,运动,0.00,,6,1,text-template
7516778587211615550,夏日刷脂,运动,0.00,,6,1,text-template
7440015682651032870,健身-注意呼吸,运动,0.00,,6,1,text-template
7647041178508201240,体育赛事-名场面盘点,运动,0.00,,6,1,text-template
7312404403963628841,运动教程-注意发力部位,运动,0.00,,6,1,text-template
7647720234132163902,体育赛事-比分,运动,0.00,,6,1,text-template
7442247345196027188,瘦背美背,运动,0.00,,6,1,text-template
7390393736133496079,中国速度 红色 简约 体育赛事 细节说明,运动,0.00,,6,1,text-template
7390682232098245951,体育赛事-冠军，我来啦,运动,0.00,,6,1,text-template
7392200622482672911,体育赛事：赛点,运动,0.00,,6,1,text-template
7173597973971094816,赛事-费城2021,运动,0.00,,6,1,text-template
7645298684158020926,精彩瞬间合集,运动,0.00,,6,1,text-template
7645243157994655001,加冕时刻,运动,0.00,,6,1,text-template
7473859047557598489,运动-正确示范,运动,0.00,,6,1,text-template
7480467289993858366,燃烧卡路里-运动-热点,运动,0.00,,6,1,text-template
7390312665849023781,体育赛事-为梦想而战,运动,0.00,,6,1,text-template
7391406226095082787,超燃对决,运动,0.00,,6,1,text-template
7579456801637453118,暴击,运动,0.00,,6,1,text-template
7647023611047398681,赛事回顾,运动,0.00,,6,1,text-template
7315050973620194598,运动教程 动作名称 犁式刹车,运动,0.00,,6,1,text-template
7647552670512909592,足球之夜,运动,0.00,,6,1,text-template
7163529793013615885,运动-潮流运动-情绪表达,运动,0.00,,6,1,text-template
7274436303184284991,潮流运动-徒步必备,运动,0.00,,6,1,text-template
7389166167983672603,体育赛事直播中,运动,0.00,,6,1,text-template
7391021191131188492,赛事解说精彩回顾体育直播文字,运动,0.00,,6,1,text-template
7391029122996161844,赛事直播,运动,0.00,,6,1,text-template
7391018125694618934,夺金时刻夺冠体育赛事解说文字,运动,0.00,,6,1,text-template
7440011156082691337,健身-充分热身,运动,0.00,,6,1,text-template
7391780147122244904,第六金,运动,0.00,,6,1,text-template
7648135218326654270,一起看球,运动,0.00,,6,1,text-template
7645218747598425368,赛点,运动,0.00,,6,1,text-template
7391490738632002816,决战巴黎 蓝色 简约 体育赛事 片头 标题,运动,0.00,,6,1,text-template
7315315973127638306,运动教程 得分规则RULES 标题字幕,运动,0.00,,6,1,text-template
7644189313005260056,2026世界杯激情来袭,运动,0.00,,6,1,text-template
7444462117593287962,Athflow办公室运动风穿搭,运动,0.00,,6,1,text-template
7391828742462639401,体育赛事：好样的,运动,0.00,,6,1,text-template
7644805328239889689,观看指南,运动,0.00,,6,1,text-template
7315072789440990464,运动教程 侧弓步动作指导 字幕标题,运动,0.00,,6,1,text-template
7579514124388879641,夺冠,运动,0.00,,6,1,text-template
7646695019159538969,体育赛事-巅峰对决,运动,0.00,,6,1,text-template
7645220678458936600,决战,运动,0.00,,6,1,text-template
7390758663524273419,体育赛事-女排精神，洪荒之力,运动,0.00,,6,1,text-template
7644791912100154649,进球集锦,运动,0.00,,6,1,text-template
7618535601909894425,运动-全力冲刺,运动,0.00,,6,1,text-template
7618538655858265368,运动-健身入门教程,运动,0.00,,6,1,text-template
7435181936429092147,自律日常运动女孩,运动,0.00,,6,1,text-template
7379251880678935835,运动-新手必学基本功,运动,0.00,,6,1,text-template
7381408127389863222,运动健身 类目列表,运动,0.00,,6,1,text-template
7565783323272957208,赛点,运动,0.00,,6,1,text-template
7477964149885291800,地标打卡,✈️旅行,0.00,,6,1,text-template
7521644189063433534,假期旅行-旅游第一站,✈️旅行,0.00,,6,1,text-template
7515970303290248472,旅行-打卡留念,✈️旅行,0.00,,6,1,text-template
7415645156134653236,慢下来去旅行,✈️旅行,0.00,,6,1,text-template
7625468682084470040,我想没那么糟,✈️旅行,0.00,,6,1,text-template
7552377509401349438,国庆旅行-松弛时刻,✈️旅行,0.00,,6,1,text-template
7384709000631225635,骑行-请戴好头盔,✈️旅行,0.00,,6,1,text-template
7492330650520014105,五一放肆游,✈️旅行,0.00,,6,1,text-template
7494947326759374105,旅行-时间DAY 01,✈️旅行,0.00,,6,1,text-template
7163529808498969863,户外-山林日记,✈️旅行,0.00,,6,1,text-template
7163510843555024164,生活万岁,✈️旅行,0.00,,6,1,text-template
7572252794728566078,today日常记录便签贴文字,✈️旅行,0.00,,6,1,text-template
7359491387756154175,五一假期旅行简约vlog 向快乐出发,✈️旅行,0.00,,6,1,text-template
7329396177428892963,露营-必备清单,✈️旅行,0.00,,6,1,text-template
7663839400794524953,旅行日记 ,✈️旅行,0.00,,6,1,text-template
7415425587109580083,十一国庆出游-第一站,✈️旅行,0.00,,6,1,text-template
7397035636970114345,秋日拼贴：秋天出游攻略,✈️旅行,0.00,,6,1,text-template
7436388309842103602,仙境,✈️旅行,0.00,,6,1,text-template
7550552857951620414,人从众𠈌,✈️旅行,0.00,,6,1,text-template
7345311809210961203,春日小清新spring,✈️旅行,0.00,,6,1,text-template
7394816964453141811,暑期假期快乐,✈️旅行,0.00,,6,1,text-template
7480091597338643774,隐藏玩法,✈️旅行,0.00,,6,1,text-template
7413715268075097354,放假啦,✈️旅行,0.00,,6,1,text-template
7337205472631573798,撒野秘籍集合时间,✈️旅行,0.00,,6,1,text-template
7413417149382839590,旅行-假期碎片PLOG,✈️旅行,0.00,,6,1,text-template
7477615232429509912,春游露营-出来玩儿,✈️旅行,0.00,,6,1,text-template
7471646619797081406,美好启程,✈️旅行,0.00,,6,1,text-template
7364321304117382415,夏日/溯溪/徒步,✈️旅行,0.00,,6,1,text-template
7416583416071638335,休假记录中国庆假期打卡文字,✈️旅行,0.00,,6,1,text-template
7411540272263351561,国庆出游-出游日记,✈️旅行,0.00,,6,1,text-template
7417092674357923099,国庆旅行：国庆时间表,✈️旅行,0.00,,6,1,text-template
7571426432413437246,冬日出游指南,✈️旅行,0.00,,6,1,text-template
7436324566475099401,说走就走的旅行  去有风的地方,✈️旅行,0.00,,6,1,text-template
7572788586727279897,雪野撒欢,✈️旅行,0.00,,6,1,text-template
7281577060542336295,国庆-别计划了要出发啦,✈️旅行,0.00,,6,1,text-template
7533637175662087486,充值卡路里,✈️旅行,0.00,,6,1,text-template
7416891063698230555,国庆出门踏秋去-开启快乐,✈️旅行,0.00,,6,1,text-template
7364343489229802767,夏日/时间/拼贴,✈️旅行,0.00,,6,1,text-template
7416586714430328105,国庆假期去撒欢出游片头文字,✈️旅行,0.00,,6,1,text-template
7478645680467332376,游戏像素风-任务一打卡目的地,✈️旅行,0.00,,6,1,text-template
7411009979295010087,冷门宝藏地点,✈️旅行,0.00,,6,1,text-template
7498634146508459289,穿搭-今天超好看,✈️旅行,0.00,,6,1,text-template
7282737187874032915,旅行-温度,✈️旅行,0.00,,6,1,text-template
7329153357463964965,拼贴类打卡,✈️旅行,0.00,,6,1,text-template
7501260223286414616,旅行-旅行碎片,✈️旅行,0.00,,6,1,text-template
7550618713469259070,旅行情绪弹幕-人山人海,✈️旅行,0.00,,6,1,text-template
7414386762501360936,AIGC_回归自然,✈️旅行,0.00,,6,1,text-template
7415424274145611046,十一国庆出游-咔嚓咔嚓,✈️旅行,0.00,,6,1,text-template
7520191977313324313,无语,✈️旅行,0.00,,6,1,text-template
7336215095657188644,春天-一起亲近大自然,✈️旅行,0.00,,6,1,text-template
7414525573155867914,国庆-特别推荐,✈️旅行,0.00,,6,1,text-template
7652311049730985240,夏天的味道,✈️旅行,0.00,,6,1,text-template
7350678962571316519,春日-春日漫游,✈️旅行,0.00,,6,1,text-template
7580576648924351769,旅行-立即出发,✈️旅行,0.00,,6,1,text-template
7572385267622006078,花样玩雪,✈️旅行,0.00,,6,1,text-template
7625846555710328126,五一出游计划,✈️旅行,0.00,,6,1,text-template
7328635759206911284,露营-重点,✈️旅行,0.00,,6,1,text-template
7377035102624288034,一起去吹吹夏日的晚风,✈️旅行,0.00,,6,1,text-template
7493465349355080984,燥起来,✈️旅行,0.00,,6,1,text-template
7493477303846980926,尽情嗨,✈️旅行,0.00,,6,1,text-template
7446464511294590233,冬季海岛旅行/清甜椰子水,✈️旅行,0.00,,6,1,text-template
7280470389057146131,旅行攻略tips搜索文字,✈️旅行,0.00,,6,1,text-template
7555768931177336088,旅行穿搭不重样,✈️旅行,0.00,,6,1,text-template
7550605339922795838,旅行目的地-网红打卡点,✈️旅行,0.00,,6,1,text-template
7494601057591479614,城市逃离计划,✈️旅行,0.00,,6,1,text-template
7329148209828302090,拼贴类标题,✈️旅行,0.00,,6,1,text-template
7535313588756450622,切换至开学频道,✈️旅行,0.00,,6,1,text-template
7446451249534225726,冬季海岛旅行/细沙如浪,✈️旅行,0.00,,6,1,text-template
7582551588317728024,冰雪之旅,✈️旅行,0.00,,6,1,text-template
7337936090109578534,可爱手绘-踏青出游-享受生活亲近自然,✈️旅行,0.00,,6,1,text-template
7400407534110117171,旅行-拼贴说走就走的旅行,✈️旅行,0.00,,6,1,text-template
7684499115211885848,打卡,✈️旅行,0.00,,6,1,text-template
7396649077728906505,快乐暑假 粗发吧,✈️旅行,0.00,,6,1,text-template
7519346889574206782,出发！！,✈️旅行,0.00,,6,1,text-template
7533427019372088638,养生-招牌养生烫,✈️旅行,0.00,,6,1,text-template
7370897765431364875,手绘出游去海边撒欢儿,✈️旅行,0.00,,6,1,text-template
7413379055946386739,在浪漫的十月,✈️旅行,0.00,,6,1,text-template
7414516565942537481,国庆-地点,✈️旅行,0.00,,6,1,text-template
7492430525370469657,放假啦,✈️旅行,0.00,,6,1,text-template
7350306487262072074,可爱涂鸦旅行-Travel,✈️旅行,0.00,,6,1,text-template
7413399903881202994,旅行-放假啦,✈️旅行,0.00,,6,1,text-template
7394664544624266534,假期余额不足啦,✈️旅行,0.00,,6,1,text-template
7538783408009530648,秋日琥珀色穿搭,✈️旅行,0.00,,6,1,text-template
7686731564079779097,假期旅行长文本-去世界转转,✈️旅行,0.00,,6,1,text-template
7552156223077027097,旅行-逃离城市,✈️旅行,0.00,,6,1,text-template
7625986692771482942,旅行-玩转五一,✈️旅行,0.00,,6,1,text-template
7416570581719567652,国庆出游目的地打卡旅行定位文字,✈️旅行,0.00,,6,1,text-template
7629267296770641214,热门NPC,✈️旅行,0.00,,6,1,text-template
7479507572102548798,春日-特别推荐,✈️旅行,0.00,,6,1,text-template
7551389730458619160,国庆出游-人生海海不如先看云海,✈️旅行,0.00,,6,1,text-template
7584713908615662910,零下21°C,✈️旅行,0.00,,6,1,text-template
7491537396073303321,野餐露营地,✈️旅行,0.00,,6,1,text-template
7282747162612583692,旅行-用户名,✈️旅行,0.00,,6,1,text-template
7631750629362437401,五一旅行-假期环游记,✈️旅行,0.00,,6,1,text-template
7532053261000494398,互动引导-上热门,✈️旅行,0.00,,6,1,text-template
7384702084148399394,骑行-自行车上的风景,✈️旅行,0.00,,6,1,text-template
7345738123722165514,旅行 这也太美了吧,✈️旅行,0.00,,6,1,text-template
7530892315704200472,这是神马情况,✈️旅行,0.00,,6,1,text-template
7477624981346831678,春游踏青-旅行很哇哦,✈️旅行,0.00,,6,1,text-template
7531285895572557081,运动健身-记得点赞哦,✈️旅行,0.00,,6,1,text-template
7529000851822660926,哎呀,✈️旅行,0.00,,6,1,text-template
7544992864883871000,秋日限定,✈️旅行,0.00,,6,1,text-template
7163507116265770276,minivlog,✈️旅行,0.00,,6,1,text-template
7533632978920951065,武侠,✈️旅行,0.00,,6,1,text-template
7283170111471635731,国庆旅行-定格美好,✈️旅行,0.00,,6,1,text-template
7514997437061188889,高级感拉满,✈️旅行,0.00,,6,1,text-template
7163515527686589732,方框装饰,✈️旅行,0.00,,6,1,text-template
7543479855934098712,日常-我的生活碎片,✈️旅行,0.00,,6,1,text-template
7361249162077277459,旅行-五一精选碎片,✈️旅行,0.00,,6,1,text-template
7370890903243836735,手绘出游去山野,✈️旅行,0.00,,6,1,text-template
7397039340733484327,秋日拼贴：在路上,✈️旅行,0.00,,6,1,text-template
7415649691867581748,去有风的地方,✈️旅行,0.00,,6,1,text-template
7552382586539199806,国庆旅行-心情超棒,✈️旅行,0.00,,6,1,text-template
7522679064336059672,咖啡-人生无解来杯拿铁,✈️旅行,0.00,,6,1,text-template
7337210680480746762,撒野秘籍字幕,✈️旅行,0.00,,6,1,text-template
7569903861951941913,美食-真香,✈️旅行,0.00,,6,1,text-template
7400591801641389321,快乐暑假 趣享暑假主题字,✈️旅行,0.00,,6,1,text-template
7510895736247192857,旅行-出发啦！,✈️旅行,0.00,,6,1,text-template
7329950140515568936,露营-出发,✈️旅行,0.00,,6,1,text-template
7493476390906432793,夏日出游,✈️旅行,0.00,,6,1,text-template
7630367877253631256,逃离城市计划,✈️旅行,0.00,,6,1,text-template
7361344674482621735,记录旅行拍照笑脸出游简约文字,✈️旅行,0.00,,6,1,text-template
7493084072168738110,五一节躺平才叫休息,✈️旅行,0.00,,6,1,text-template
7535119730781490456,穿搭-OOTD,✈️旅行,0.00,,6,1,text-template
7491984891672972568,快乐存档,✈️旅行,0.00,,6,1,text-template
7554297875027709208,旅行-享受假期Vlog,✈️旅行,0.00,,6,1,text-template
7570880030453042457,美好假期,✈️旅行,0.00,,6,1,text-template
7495288006123998526,夏日：到此一游,✈️旅行,0.00,,6,1,text-template
7525352366648855870,旅行-心情换电站,✈️旅行,0.00,,6,1,text-template
7415635080254590208,旅行小记.,✈️旅行,0.00,,6,1,text-template
7361263109362814259,拼贴手绘风网红饮料奶茶打卡,✈️旅行,0.00,,6,1,text-template
7415965794946878732,趁年轻，出发吧,✈️旅行,0.00,,6,1,text-template
7201792149719944504,步履不停户外vlog文字模板,✈️旅行,0.00,,6,1,text-template
7528801863517392190,日常-快乐+1弹幕,✈️旅行,0.00,,6,1,text-template
7613342524735999256,到达目的地,✈️旅行,0.00,,6,1,text-template
7689293763096710424,国庆节爆款抢不停标题,✈️旅行,0.00,,6,1,text-template
7631545655424568638,今天很OK,✈️旅行,0.00,,6,1,text-template
7336561592579919115,春天-放风筝,✈️旅行,0.00,,6,1,text-template
7411536832774671626,国庆出游-抵达目的地,✈️旅行,0.00,,6,1,text-template
7624902132675759385,旅行-下一站,✈️旅行,0.00,,6,1,text-template
7414297425814228250,国庆假期-人在旅途,✈️旅行,0.00,,6,1,text-template
7414760443035651378, 国庆vlog系列 海岛日记 ,✈️旅行,0.00,,6,1,text-template
7397039553040616743,秋日拼贴：出行必备,✈️旅行,0.00,,6,1,text-template
7493180009503542553,51出游-太好玩啦,✈️旅行,0.00,,6,1,text-template
7531045958545673496,LOOK,✈️旅行,0.00,,6,1,text-template
7415139636198100250,旅行攻略,✈️旅行,0.00,,6,1,text-template
7361318410136898851,坐标/地理位置/地址,✈️旅行,0.00,,6,1,text-template
7552427537071328536,国庆旅行-旅行碎片,✈️旅行,0.00,,6,1,text-template
7631835065651285273,welcome to my vlog,✈️旅行,0.00,,6,1,text-template
7517648049871834392,溯溪-快乐撒野,✈️旅行,0.00,,6,1,text-template
7540251496710130968,保持热爱，奔赴山海,✈️旅行,0.00,,6,1,text-template
7631606151402048793,旅行-记录此刻,✈️旅行,0.00,,6,1,text-template
7478008839716228377,好出片,✈️旅行,0.00,,6,1,text-template
7224370798092455229,DAY3,✈️旅行,0.00,,6,1,text-template
7533924462631095614,一起去赏枫,✈️旅行,0.00,,6,1,text-template
7550536237460000062,太想念放假第一天,✈️旅行,0.00,,6,1,text-template
7345309619016781094,春日小清新去野餐吧,✈️旅行,0.00,,6,1,text-template
7550722394881674520,旅行-班味拜拜,✈️旅行,0.00,,6,1,text-template
7552068845457034558,旅行目的地-闪现北京,✈️旅行,0.00,,6,1,text-template
7535026606503382296,吃货认证,✈️旅行,0.00,,6,1,text-template
7542356952261856574,手写字-秋日物语,✈️旅行,0.00,,6,1,text-template
7570632465510010137,看电影,✈️旅行,0.00,,6,1,text-template
7411535151974436123,国庆出游-橘子洲头,✈️旅行,0.00,,6,1,text-template
7496538070985051454,玩心爆棚,✈️旅行,0.00,,6,1,text-template
7632322297289805081,高级感英文-Welcome to my daily vlog,✈️旅行,0.00,,6,1,text-template
7627147411840011545,奔赴美好,✈️旅行,0.00,,6,1,text-template
7472582196432260414,旅行-奇妙春游记,✈️旅行,0.00,,6,1,text-template
7529444864367430936,日常记录-解锁vlog,✈️旅行,0.00,,6,1,text-template
7632125361580608793,Welcome to my travel diary,✈️旅行,0.00,,6,1,text-template
7523613652352732440,性价比超高,✈️旅行,0.00,,6,1,text-template
7494880487983287614,今日打卡,✈️旅行,0.00,,6,1,text-template
7554286325898399038,旅行-旅行小记,✈️旅行,0.00,,6,1,text-template
7494610853002595609,假日环游记,✈️旅行,0.00,,6,1,text-template
7530533546478341438,萌娃-亲子时光,✈️旅行,0.00,,6,1,text-template
7360534505796422931,五一-假期攻略,✈️旅行,0.00,,6,1,text-template
7521305494942666009,夏日海岛,✈️旅行,0.00,,6,1,text-template
7264367665643408651,国庆游玩，旅行VLOG标题，出行指南,✈️旅行,0.00,,6,1,text-template
7412911987388173580,川西,✈️旅行,0.00,,6,1,text-template
7522156658387143961,中式美学,手写字,0.00,,6,1,text-template
7532382670446382360,手写字-定格秋天,手写字,0.00,,6,1,text-template
7197680111833959738,情人节-手写线条,手写字,0.00,,6,1,text-template
7566184007612845374,文艺手写-记录冬日,手写字,0.00,,6,1,text-template
7305831486756818195,圣诞-手绘标签1,手写字,0.00,,6,1,text-template
7571041531319045438,冬季故事,手写字,0.00,,6,1,text-template
7335369638332697908,钢笔质感 墨水晕染 复古书法 vlog字幕,手写字,0.00,,6,1,text-template
7448827496000261417,冬日手写 冬日序曲标题文字,手写字,0.00,,6,1,text-template
7620410612560121113,便签文字-关于明天的事你后天就知道了,手写字,0.00,,6,1,text-template
7667593576465042713,拼贴语录-不要忽略幸福,手写字,0.00,,6,1,text-template
7586568349983739198,竖版贺新年,手写字,0.00,,6,1,text-template
7544767948750097726,中元节中秋节-河灯祈福,手写字,0.00,,6,1,text-template
7582865114949373208,恭喜发财繁体字标题,手写字,0.00,,6,1,text-template
7531324905707588889,手写字-一起去旅行,手写字,0.00,,6,1,text-template
7544707295310302488,中元节-让记忆有处安放,手写字,0.00,,6,1,text-template
7568393458541661502,冬日浪漫,手写字,0.00,,6,1,text-template
7648958146970471742,我们的少女时代,手写字,0.00,,6,1,text-template
7575921368223599897,古风标题,手写字,0.00,,6,1,text-template
7531622657570147609,建军节-红色记忆,手写字,0.00,,6,1,text-template
7632144710533942552,拍下幸福瞬间,手写字,0.00,,6,1,text-template
7625299288440114456,简约手写字-随机掉落记忆碎片,手写字,0.00,,6,1,text-template
7672333729020398872,恋爱——祝我们永远热爱,手写字,0.00,,6,1,text-template
7337598926356253971,钢笔质感 手写便签,手写字,0.00,,6,1,text-template
7538809751556312344,日常五老哥,手写字,0.00,,6,1,text-template
7163509176868637966,国庆十一快乐,手写字,0.00,,6,1,text-template
7544607127713631550,感恩教师节,手写字,0.00,,6,1,text-template
7547633442385792280,夏日的遗憾,手写字,0.00,,6,1,text-template
7522300339807161625,破,手写字,0.00,,6,1,text-template
7582848876827430206,新年快乐标题极简复古华恒,手写字,0.00,,6,1,text-template
7547507262319840537,记录美好,手写字,0.00,,6,1,text-template
7434500834207042842,初雪,手写字,0.00,,6,1,text-template
7582858396844526872,福马迎新,手写字,0.00,,6,1,text-template
7585584890486377752,新年愿望,手写字,0.00,,6,1,text-template
7337645067634625803,钢笔质感 手写情感表达,手写字,0.00,,6,1,text-template
7442257420312677669,港风/命运相遇,手写字,0.00,,6,1,text-template
7668240032234360089,手写字-出门感受秋天,手写字,0.00,,6,1,text-template
7544608945827024152,教师节-三尺讲台育桃李,手写字,0.00,,6,1,text-template
7599276797376597273,向新而生,手写字,0.00,,6,1,text-template
7568795350035778878,瑞雪兆丰年,手写字,0.00,,6,1,text-template
7493581793879215385,母亲节快乐,手写字,0.00,,6,1,text-template
7583023915371449624,元旦快乐,手写字,0.00,,6,1,text-template
7337666805038665023,钢笔质感 手写日常情感,手写字,0.00,,6,1,text-template
7604104887659433240,花开为信,手写字,0.00,,6,1,text-template
7315049230652034367,2024元旦-万事顺意,手写字,0.00,,6,1,text-template
7448836008767917324,冬日手写 踏雪日记,手写字,0.00,,6,1,text-template
7585720024598613310,跨年夜快乐,手写字,0.00,,6,1,text-template
7683719602169236761,一颗小树,手写字,0.00,,6,1,text-template
7365012672116460826,到此一游,手写字,0.00,,6,1,text-template
7611893364086263102,简约手写春日来信,手写字,0.00,,6,1,text-template
7442729468591983881,港风/我好挂住你,手写字,0.00,,6,1,text-template
7620392452247178558,你错过我的花期不要错过我的更年期哦手写字,手写字,0.00,,6,1,text-template
7581456104715177278,英文手写字-Heart’s Desire心之所向,手写字,0.00,,6,1,text-template
7659068415440669976,撕纸块文字-夏天夏天悄悄过去留下小秘密,手写字,0.00,,6,1,text-template
7625207846472371518,简约手写字-请靠近我和我的心,手写字,0.00,,6,1,text-template
7650717256732888345,欢迎收看我的假期vlog,手写字,0.00,,6,1,text-template
7568283267955428632,下雪了,手写字,0.00,,6,1,text-template
7201025693147303226,潮流运动2-气泡2,手写字,0.00,,6,1,text-template
7442724775488752931,手写字-去有风的地方,手写字,0.00,,6,1,text-template
7368327978104786185,简约文艺手写字幕,手写字,0.00,,6,1,text-template
7582062425814355225,元旦快乐,手写字,0.00,,6,1,text-template
7582910007595994392,马到成功新年祝福,手写字,0.00,,6,1,text-template
7570753728886639897,冬日物语,手写字,0.00,,6,1,text-template
7573649944599563545,Before the first snow falls.,手写字,0.00,,6,1,text-template
7585604656450276670,一起看烟花,手写字,0.00,,6,1,text-template
7585618893264293144,2026一起跨年吧,手写字,0.00,,6,1,text-template
7686824537685511486,长文本-旅行治愈文案,手写字,0.00,,6,1,text-template
7163507196884536613,文字模版-国庆山海之赴,手写字,0.00,,6,1,text-template
7590962634695052606,今日大寒,手写字,0.00,,6,1,text-template
7658886916737158425,其实都是骗你的，照片我没删掉,手写字,0.00,,6,1,text-template
7581914360079977790,恭喜发财,手写字,0.00,,6,1,text-template
7362366541200985353,夏日出游,手写字,0.00,,6,1,text-template
7581679172154592536,新年主题字幕,手写字,0.00,,6,1,text-template
7492389579694132504,第一天,手写字,0.00,,6,1,text-template
7448833616748072255,冬日手写 冬日恋歌标题文字,手写字,0.00,,6,1,text-template
7536102543244496190,谢谢你来爱我,手写字,0.00,,6,1,text-template
7531321285356342553,手写字-记录此刻,手写字,0.00,,6,1,text-template
7544078571690790206,千里共婵娟,手写字,0.00,,6,1,text-template
7654539043434384665,手账黄色便签文字,手写字,0.00,,6,1,text-template
7579863465968373017,手写简约愿望,手写字,0.00,,6,1,text-template
7197680504609475898,情人节-日系手写,手写字,0.00,,6,1,text-template
7581957993852357912,一起跨年吧,手写字,0.00,,6,1,text-template
7583570499578465560,冬至,手写字,0.00,,6,1,text-template
7583637872851602712,请你参与我的冬天,手写字,0.00,,6,1,text-template
7599191583862574360,立春,手写字,0.00,,6,1,text-template
7620400963647753534,便签文案-没事的轻舟己经后空翻,手写字,0.00,,6,1,text-template
7522308824385244441,恰同学少年,手写字,0.00,,6,1,text-template
7448825924407070006,冬日手写 奔向冬天,手写字,0.00,,6,1,text-template
7305664092700822838,圣诞-手写字幕,手写字,0.00,,6,1,text-template
7448839210951265555,冬日手写 情书,手写字,0.00,,6,1,text-template
7163530596860382478,户外-情绪长文案2,手写字,0.00,,6,1,text-template
7455852619890904345,手写新年-烟火起，照人间,手写字,0.00,,6,1,text-template
7576153522455006526,古风文字,手写字,0.00,,6,1,text-template
7582052665174084889,新年快乐,手写字,0.00,,6,1,text-template
7570675863763619096,小雪轻舞岁月静淌,手写字,0.00,,6,1,text-template
7624468069687020862,春日的诗撕纸拼贴文字,手写字,0.00,,6,1,text-template
7625304817384344857,简约手写字-寻找逆转时间的公式,手写字,0.00,,6,1,text-template
7315035615752490259,2024元旦-跨年,手写字,0.00,,6,1,text-template
7568465094020189502,Winter Vlog,手写字,0.00,,6,1,text-template
7365007047731039498,后陡门的夏,手写字,0.00,,6,1,text-template
7683065424581233945,秋日治愈撕边文字,手写字,0.00,,6,1,text-template
7517221570797096217,愿友谊天长地久,手写字,0.00,,6,1,text-template
7591098936807673150,逐雪而行,手写字,0.00,,6,1,text-template
7442728624693710095,手写字-世界很大 我要去看看,手写字,0.00,,6,1,text-template
7337633145736531219,钢笔质感  手写日常碎片,手写字,0.00,,6,1,text-template
7364972367493238026,简约文艺风手写字夏日限定记忆,手写字,0.00,,6,1,text-template
7582866977962806590,新年好运标题字,手写字,0.00,,6,1,text-template
7576153486404947225,标记,手写字,0.00,,6,1,text-template
7583618774230764824,万物添冬韵,手写字,0.00,,6,1,text-template
7544032477086584088,中秋快乐,手写字,0.00,,6,1,text-template
7163509426194844935,国庆庆华诞,手写字,0.00,,6,1,text-template
7590943155076418878,大寒,手写字,0.00,,6,1,text-template
7571828385714883902,忽而已冬氛围雪花标题字,手写字,0.00,,6,1,text-template
7646643584749587737,拼贴文字-记录夏天的无数个瞬间,手写字,0.00,,6,1,text-template
7492369742976781592,五一出游说走就走,手写字,0.00,,6,1,text-template
7658958922472279320,都是不想上班的一天,手写字,0.00,,6,1,text-template
7535014507807182142,手写字-AUTUMN,手写字,0.00,,6,1,text-template
7573659083203693849,陪我过冬天,手写字,0.00,,6,1,text-template
7442726267532610850,手写字-感受慢生活,手写字,0.00,,6,1,text-template
7522339353180294424,人生好戏 即将开场,手写字,0.00,,6,1,text-template
7573286910437674302,你好，请积极过冬,手写字,0.00,,6,1,text-template
7582873484485922072,新年春联横屏,手写字,0.00,,6,1,text-template
7668952054802599230,原来我们是上班的大人，生活的小孩,手写字,0.00,,6,1,text-template
7581395159489744152,英文手写体永恒之爱Eternal Love,手写字,0.00,,6,1,text-template
7590588151110962457,定格冬日美好,手写字,0.00,,6,1,text-template
7538625892336045337,be like,手写字,0.00,,6,1,text-template
7574710211454422334,山有木兮木有枝,手写字,0.00,,6,1,text-template
7582893280623611198,新年春联左联,手写字,0.00,,6,1,text-template
7531597184417172798,建军节-扬我军威,手写字,0.00,,6,1,text-template
7442727281304374562,手写字-人生是场旅途,手写字,0.00,,6,1,text-template
7573339921272868158,你来时，冬至,手写字,0.00,,6,1,text-template
7682979640671145278,秋光絮语,手写字,0.00,,6,1,text-template
7598849597850832152,Hello Spring,手写字,0.00,,6,1,text-template
7568483432444202265,手写风-大约在冬季,手写字,0.00,,6,1,text-template
7495665129611332888,与你有关 皆是浪漫,手写字,0.00,,6,1,text-template
7575225834496101657,plog,手写字,0.00,,6,1,text-template
7565768064382291224,手写字-你好冬天,手写字,0.00,,6,1,text-template
7442734989646646580,手写字-填我十万八千梦,手写字,0.00,,6,1,text-template
7337595560486047039,钢笔质感 手写字,手写字,0.00,,6,1,text-template
7591029828737076505,在雪里漫步,手写字,0.00,,6,1,text-template
7531650236163296537,建军节-致敬英雄风采,手写字,0.00,,6,1,text-template
7663461054802005273,我在中国工作的天,手写字,0.00,,6,1,text-template
7572088382151609625,Daily Vlog,手写字,0.00,,6,1,text-template
7544771554702560574,中元思故,手写字,0.00,,6,1,text-template
7305834310777457932,圣诞-手绘标签2,手写字,0.00,,6,1,text-template
7566267287775350041,定格美好,手写字,0.00,,6,1,text-template
7599229123420228889,立春,手写字,0.00,,6,1,text-template
7665295906312391960,快乐是人生最大的意义,手写字,0.00,,6,1,text-template
7163516892743798029,放假宅在家,手写字,0.00,,6,1,text-template
7647005986535951640,手写字生活语录-等风来等雨停等天晴,手写字,0.00,,6,1,text-template
7579490173499772184,再见2025 你好2026,手写字,0.00,,6,1,text-template
7632197754307267864,在中国我们不说应援,手写字,0.00,,6,1,text-template
7625226510256868670,简约手写字-相识相知又归零,手写字,0.00,,6,1,text-template
7573692665158749502,喜欢冬天雪和你,手写字,0.00,,6,1,text-template
7364971997048114459,简约文艺风旅行手记标题,手写字,0.00,,6,1,text-template
7581889689204870424,福到万家,手写字,0.00,,6,1,text-template
7688531974255873305,梦幻英文发光签名,手写字,0.00,,6,1,text-template
7571099546936151358,捕捉美好瞬间,手写字,0.00,,6,1,text-template
7581543865245715736,平安喜乐,手写字,0.00,,6,1,text-template
7572104173777472830,mini vlog,手写字,0.00,,6,1,text-template
7434875479829597467,雪之序曲,手写字,0.00,,6,1,text-template
7547532679647055128,共赴美好之秋,手写字,0.00,,6,1,text-template
7547628958389619992,人就应该呆在没有天花板的地方,手写字,0.00,,6,1,text-template
7582855879322520856,新年福字,手写字,0.00,,6,1,text-template
7537137067449421081,处暑正当时,手写字,0.00,,6,1,text-template
7535038096740568344,手写字-秋日物语,手写字,0.00,,6,1,text-template
7571086246328683801,落日与晚风,手写字,0.00,,6,1,text-template
7573147118962232601,请勿使用,手写字,0.00,,6,1,text-template
7672331672184081689,甜蜜定格,手写字,0.00,,6,1,text-template
7441507383244770587,港风情绪文字,手写字,0.00,,6,1,text-template
7611879833081154878,你好春天,手写字,0.00,,6,1,text-template
7598121263776976153,立春,手写字,0.00,,6,1,text-template
7659056438907751704,愿你所遇皆是温柔英文,手写字,0.00,,6,1,text-template
7565720704067390782,手写字英文-Winter time,手写字,0.00,,6,1,text-template
7667913862615682328,颜文字气泡框-我爱你i love you,手写字,0.00,,6,1,text-template
7582106851668692249,春风十里不如你,手写字,0.00,,6,1,text-template
7585682034559831358,喜迎元旦,手写字,0.00,,6,1,text-template
7582133264610053438,新年快乐,手写字,0.00,,6,1,text-template
7599222889111375128,春风会吹散一切烦恼,手写字,0.00,,6,1,text-template
7581439705359633726,新年-闪光的新年,手写字,0.00,,6,1,text-template
7573619567130332441,标题-砥砺前行,手写字,0.00,,6,1,text-template
7512110476453563672,毕业季-咔嚓青春已存档,手写字,0.00,,6,1,text-template
7558475606766308633,年年逢重阳 岁岁皆平安,手写字,0.00,,6,1,text-template
7624885954339245336,简约手写字-播放我的碎片,手写字,0.00,,6,1,text-template
7364971597301632293,简约文艺风手写字日常记录,手写字,0.00,,6,1,text-template
7637894927375994174,人生不求太满，小满即是圆满,手写字,0.00,,6,1,text-template
7632527589181033790,全程高能,互动引导,0.00,,6,1,text-template
7441790589496036634,互动-这是重点,互动引导,0.00,,6,1,text-template
7441792322485931290,互动-点个赞吧,互动引导,0.00,,6,1,text-template
7504924559984987416,赞赞,互动引导,0.00,,6,1,text-template
7584449629266332953,2026新年愿望加载,互动引导,0.00,,6,1,text-template
7532729969085254937,互动引导-上热门,互动引导,0.00,,6,1,text-template
7578746954604219673,爆款预售,互动引导,0.00,,6,1,text-template
7568389795077147966,互动引导-敲黑板,互动引导,0.00,,6,1,text-template
7585970765544099096,2025再见,互动引导,0.00,,6,1,text-template
7542612972707892504,徒步-人生清单+1,互动引导,0.00,,6,1,text-template
7578745185207651646,今日穿搭-互动引导类文字模板,互动引导,0.00,,6,1,text-template
7494195590763482430,重点来啦,互动引导,0.00,,6,1,text-template
7578816105968536894,merry christmas,互动引导,0.00,,6,1,text-template
7685564409216797976,加载中,互动引导,0.00,,6,1,text-template
7519442290465819929,毛线风-关注我,互动引导,0.00,,6,1,text-template
7583185273840897342,好用单品,互动引导,0.00,,6,1,text-template
7505764853542784280,比个耶就毕业啦,互动引导,0.00,,6,1,text-template
7573015519935384894,警惕,互动引导,0.00,,6,1,text-template
7663808636015103256,喵,互动引导,0.00,,6,1,text-template
7664624642820181273,超美+1,互动引导,0.00,,6,1,text-template
7648949827283258648,精彩回放,互动引导,0.00,,6,1,text-template
7534557363169185048,高光时刻,互动引导,0.00,,6,1,text-template
7579955476046171454,游戏结束,互动引导,0.00,,6,1,text-template
7560523169166314776,综艺情绪-高能预警,互动引导,0.00,,6,1,text-template
7543137244958461208,互动引导-私信我,互动引导,0.00,,6,1,text-template
7410023157786037542,进主页了解更多,互动引导,0.00,,6,1,text-template
7410245035456875795,一键三连点赞关注收藏互动引导文字,互动引导,0.00,,6,1,text-template
7578809221957897496,降价啦,互动引导,0.00,,6,1,text-template
7514250643964529944,互动-一键三连,互动引导,0.00,,6,1,text-template
7521773637704191294,热爆炸,互动引导,0.00,,6,1,text-template
7552404123744767256,与自己约会,互动引导,0.00,,6,1,text-template
7572923550273899800,全场最佳,互动引导,0.00,,6,1,text-template
7595803388206501144,人气推荐,互动引导,0.00,,6,1,text-template
7163508488071679240,本期看点,互动引导,0.00,,6,1,text-template
7408594788095724840,点个关注吧,互动引导,0.00,,6,1,text-template
7549457144521772313,点关注不迷路,互动引导,0.00,,6,1,text-template
7438967482838175002,互动引导-点关注,互动引导,0.00,,6,1,text-template
7649771984825437464,体育赛事-赛点,互动引导,0.00,,6,1,text-template
7590968759704325400,生活日常-谢谢关注头像框,互动引导,0.00,,6,1,text-template
7591135744119295257,生活体长-评论,互动引导,0.00,,6,1,text-template
7547758181636672793,搞笑呢,互动引导,0.00,,6,1,text-template
7665740881156295961,萌宠日记,互动引导,0.00,,6,1,text-template
7408770182379883802,互动引导你的用户名,互动引导,0.00,,6,1,text-template
7572476389840915736,震惊,互动引导,0.00,,6,1,text-template
7663624608930630937,新闻互动-直击现场,互动引导,0.00,,6,1,text-template
7540869697483312409,互动引导-上热门,互动引导,0.00,,6,1,text-template
7518803574642494782,像素风小游戏-解锁新玩法,互动引导,0.00,,6,1,text-template
7525838857699478846,音乐公主-超爱,互动引导,0.00,,6,1,text-template
7561698546337221950,综艺感字幕条,互动引导,0.00,,6,1,text-template
7573166704482766142,私人作品请勿盗用,互动引导,0.00,,6,1,text-template
7580372553466875161,新年主题字幕,互动引导,0.00,,6,1,text-template
7568387437311970622,每日计划,互动引导,0.00,,6,1,text-template
7648949415041912089,必胜,互动引导,0.00,,6,1,text-template
7408065548384242979,点个赞互动引导卡通文字,互动引导,0.00,,6,1,text-template
7572498915061419289,感恩节-爱在感恩节,互动引导,0.00,,6,1,text-template
7580270364090142014,发财祝福文字金元宝,互动引导,0.00,,6,1,text-template
7408769590492220723,互动引导点赞,互动引导,0.00,,6,1,text-template
7438974170605718810,互动引导-进主页了解更多,互动引导,0.00,,6,1,text-template
7440838039661858074,互动-关注我,互动引导,0.00,,6,1,text-template
7559107230021422398,互动小游戏,互动引导,0.00,,6,1,text-template
7558207748425534744,南瓜派对,互动引导,0.00,,6,1,text-template
7441559384041327907,直播预约互动引导拼贴文字,互动引导,0.00,,6,1,text-template
7502382125371952409,互动引导-感谢关注,互动引导,0.00,,6,1,text-template
7163524431766162718,点赞-关注-分享,互动引导,0.00,,6,1,text-template
7407717737537015075,哇偶,互动引导,0.00,,6,1,text-template
7163508464772336909,关注主播,互动引导,0.00,,6,1,text-template
7406972749006130441,功能引导 快来参与话题讨论,互动引导,0.00,,6,1,text-template
7648946644204981528,赛事-赛点,互动引导,0.00,,6,1,text-template
7648947787039608126,体育赛事-全力以赴,互动引导,0.00,,6,1,text-template
7582833405792963902,抱抱,互动引导,0.00,,6,1,text-template
7408969437446966537,功能引导 感谢观看 ,互动引导,0.00,,6,1,text-template
7649027157632798014,义无反顾,互动引导,0.00,,6,1,text-template
7532744428772101438,互动引导-点赞,互动引导,0.00,,6,1,text-template
7663426546254023960,吐槽-我是谁,互动引导,0.00,,6,1,text-template
7565394781904489790,主播自留,互动引导,0.00,,6,1,text-template
7582949384669859097,旅行打卡点,互动引导,0.00,,6,1,text-template
7521654775998631230,假期旅行-放假啦,互动引导,0.00,,6,1,text-template
7518585913325210905,推荐,互动引导,0.00,,6,1,text-template
7495665658466684185,互动引导-@你的用户名,互动引导,0.00,,6,1,text-template
7450505924973825342,互动-Hello你好,互动引导,0.00,,6,1,text-template
7163506662723095839,喜欢LIKE,互动引导,0.00,,6,1,text-template
7479671962441190681,划重点,互动引导,0.00,,6,1,text-template
7437510184328744229,感谢观看,互动引导,0.00,,6,1,text-template
7562750237115403544,独家爆料,互动引导,0.00,,6,1,text-template
7407693536403000612,转发参与抽奖,互动引导,0.00,,6,1,text-template
7559031758046645529,奇妙万圣夜,互动引导,0.00,,6,1,text-template
7577829418325019966,圣诞节祝福语,互动引导,0.00,,6,1,text-template
7557820413187984664,吨吨收藏,互动引导,0.00,,6,1,text-template
7578343190256815422,跨年大促,互动引导,0.00,,6,1,text-template
7592421115557842201,happy new year,互动引导,0.00,,6,1,text-template
7566526958809566489,疯狂输出,互动引导,0.00,,6,1,text-template
7498542431781063961,更多精彩,互动引导,0.00,,6,1,text-template
7577779386653592894,平安喜乐,互动引导,0.00,,6,1,text-template
7504904445436841241,高考季-一举高中,互动引导,0.00,,6,1,text-template
7565019956786695449,划重点,互动引导,0.00,,6,1,text-template
7648954220011343166,夺冠时刻,互动引导,0.00,,6,1,text-template
7163521831465438478,记得一键三连,互动引导,0.00,,6,1,text-template
7608588317260533054,下期见,互动引导,0.00,,6,1,text-template
7657437304511843608,重点来啦,互动引导,0.00,,6,1,text-template
7546498598058495256,警惕,互动引导,0.00,,6,1,text-template
7305062590500162856,个人账号介绍 @你的用户名 科技解说 字幕,互动引导,0.00,,6,1,text-template
7546063671022357785,萌宠成长记,互动引导,0.00,,6,1,text-template
7407292281230773554,功能引导 满屏弹幕 哈哈哈,互动引导,0.00,,6,1,text-template
7163506170873826591,直播预告,互动引导,0.00,,6,1,text-template
7562679071138860350,双11好评,互动引导,0.00,,6,1,text-template
7441217906056187136,下期再见结束拼贴涂鸦文字,互动引导,0.00,,6,1,text-template
7518063026143005977,互动引导-评论留言,互动引导,0.00,,6,1,text-template
7559830121713077528,吸猫日常,互动引导,0.00,,6,1,text-template
7300951573776092454,个人账号介绍 关注用户名,互动引导,0.00,,6,1,text-template
7568390640216739097,互动引导-点赞,互动引导,0.00,,6,1,text-template
7408533092169796918,评论留言,互动引导,0.00,,6,1,text-template
7575067714218233113,今天喝什么,互动引导,0.00,,6,1,text-template
7644375560319143192,像素游戏开始挑战,互动引导,0.00,,6,1,text-template
7436752769811352847,冲它就对啦,互动引导,0.00,,6,1,text-template
7582957415356812568,定位,互动引导,0.00,,6,1,text-template
7408769905429892361,互动引导划重点,互动引导,0.00,,6,1,text-template
7436763098410765620,前方高能！,互动引导,0.00,,6,1,text-template
7532442125661637950,猫猫-喵言喵语,互动引导,0.00,,6,1,text-template
7582434187047832856,好气哦,互动引导,0.00,,6,1,text-template
7406960427776757030,功能引导 一键三连,互动引导,0.00,,6,1,text-template
7644800626433609022,快乐加载中,互动引导,0.00,,6,1,text-template
7407396123658292543,点关注 不迷路,互动引导,0.00,,6,1,text-template
7559847644269661464,猫咪的一天,互动引导,0.00,,6,1,text-template
7559828338236312894,萌化了,互动引导,0.00,,6,1,text-template
7690564038325013784,万圣节标题,互动引导,0.00,,6,1,text-template
7576870652049902873,抽象企鹅,互动引导,0.00,,6,1,text-template
7579188199323405630,又是一年金钩拜,互动引导,0.00,,6,1,text-template
7649797477385751832,世界杯-逆风翻盘,互动引导,0.00,,6,1,text-template
7163516501322960164,点击评论,互动引导,0.00,,6,1,text-template
7408837760427085095,收藏加购,互动引导,0.00,,6,1,text-template
7611378121010367768,小蓝同学加载中,互动引导,0.00,,6,1,text-template
7584111819061759256,新年快乐,互动引导,0.00,,6,1,text-template
7545765674858155289,互动引导-欢迎观看,互动引导,0.00,,6,1,text-template
7521646628676209945,夏日序章,互动引导,0.00,,6,1,text-template
7665177471012211993,闪闪发光的你,互动引导,0.00,,6,1,text-template
7676041323991993662,限定寿星,互动引导,0.00,,6,1,text-template
7519444503946759448,全场最佳,互动引导,0.00,,6,1,text-template
7662013154880376089,PLAY,互动引导,0.00,,6,1,text-template
7650014038960835902,世界杯赛程,互动引导,0.00,,6,1,text-template
7302360285115895092,个人账号介绍 @你的用户名 署名功能字幕,互动引导,0.00,,6,1,text-template
7573132179031756094,今日新闻,互动引导,0.00,,6,1,text-template
7407352754450058505,互动引导-上热门,互动引导,0.00,,6,1,text-template
7570918421550959934,可爱营业,互动引导,0.00,,6,1,text-template
7436420827853147426,点关注不迷路,互动引导,0.00,,6,1,text-template
7565551305851227416,点解嘅,互动引导,0.00,,6,1,text-template
7479631665397255448,转发有礼,互动引导,0.00,,6,1,text-template
7579230837640678718,礼物派送中,互动引导,0.00,,6,1,text-template
7408769642187033882,互动引导一键三连,互动引导,0.00,,6,1,text-template
7408769317078060298,互动引导求关注,互动引导,0.00,,6,1,text-template
7595811602025418009,看这里,互动引导,0.00,,6,1,text-template
7595783764870204696,留言互动,互动引导,0.00,,6,1,text-template
7407995934887382307,评论区取互动引导卡通文字,互动引导,0.00,,6,1,text-template
7572108699330956569,栓Q,互动引导,0.00,,6,1,text-template
7572623486942907672,OUT,互动引导,0.00,,6,1,text-template
7593549738981575998,小蓝同学-强烈推荐,互动引导,0.00,,6,1,text-template
7584346642258595096,过小年,互动引导,0.00,,6,1,text-template
7568774906402508094,互动引导-本期看点,互动引导,0.00,,6,1,text-template
7640919205415669017,划重点,互动引导,0.00,,6,1,text-template
7584446668121279806,跨年倒计时,互动引导,0.00,,6,1,text-template
7586857764501277977,带娃日常,互动引导,0.00,,6,1,text-template
7608783510014315800,特别推荐,互动引导,0.00,,6,1,text-template
7555004364918639897,萌宠-握爪爪,互动引导,0.00,,6,1,text-template
7611382221806603545,小蓝同学记得分享哦,互动引导,0.00,,6,1,text-template
7632136406827109694,评论区见,互动引导,0.00,,6,1,text-template
7407677153397017919,求关注,互动引导,0.00,,6,1,text-template
7553159032761044286,综艺-娱乐速递,互动引导,0.00,,6,1,text-template
7664442268522122520,是心动啊,互动引导,0.00,,6,1,text-template
7579542964003769624,可爱苹果文案,互动引导,0.00,,6,1,text-template
7583599821936823577,颁奖盛典,互动引导,0.00,,6,1,text-template
7594276957345418520,互动引导-mini vlog,互动引导,0.00,,6,1,text-template
7582474742809201945,天呐,互动引导,0.00,,6,1,text-template
7612569077332331801,黄油小熊-超美der,🐻黄油小熊,0.00,,6,1,text-template
7612567781405576472,黄油小熊春日游园会,🐻黄油小熊,0.00,,6,1,text-template
7599922251538009368,黄油小熊之一起过节,🐻黄油小熊,0.00,,6,1,text-template
7611868515246705944,黄油小熊-播种春天,🐻黄油小熊,0.00,,6,1,text-template
7586156045119098174,黄油小熊2026新年快乐,🐻黄油小熊,0.00,,6,1,text-template
7602486624030657854,黄油小熊-爱你哦,🐻黄油小熊,0.00,,6,1,text-template
7592937621387496729,黄油小熊-许愿时刻,🐻黄油小熊,0.00,,6,1,text-template
7612578430437199166,黄油小熊春日OOTD,🐻黄油小熊,0.00,,6,1,text-template
7602170684613217560,黄油小熊马年吉祥,🐻黄油小熊,0.00,,6,1,text-template
7589804015643282712,黄油小熊-记得关注我哟,🐻黄油小熊,0.00,,6,1,text-template
7611901304918773054,黄油小熊-加关注哦,🐻黄油小熊,0.00,,6,1,text-template
7593248346157108542,黄油小熊-平安喜乐,🐻黄油小熊,0.00,,6,1,text-template
7602548981964590361,黄油小熊-春游出来玩,🐻黄油小熊,0.00,,6,1,text-template
7593162822943542590,黄油小熊-马年行大运,🐻黄油小熊,0.00,,6,1,text-template
7611881189481368857,黄油小熊-超赞,🐻黄油小熊,0.00,,6,1,text-template
7612095940639329560,黄油小熊-评论区等你,🐻黄油小熊,0.00,,6,1,text-template
7611932024458480921,黄油小熊-樱花公园,🐻黄油小熊,0.00,,6,1,text-template
7592893151774461209,黄油小熊-出来玩,🐻黄油小熊,0.00,,6,1,text-template
7602171882523315480,黄油小熊我的厨房日记,🐻黄油小熊,0.00,,6,1,text-template
7593204460483300633,黄油小熊-万事胜意,🐻黄油小熊,0.00,,6,1,text-template
7602176348983151896,黄油小熊-福星高照,🐻黄油小熊,0.00,,6,1,text-template
7585996997614816574,黄油小熊圣诞美食教程,🐻黄油小熊,0.00,,6,1,text-template
7593200798948183358,黄油小熊-法式甜梦,🐻黄油小熊,0.00,,6,1,text-template
7599974338263158041,黄油小熊之休息一下,🐻黄油小熊,0.00,,6,1,text-template
7611895478988541246,黄油小熊-可爱营业,🐻黄油小熊,0.00,,6,1,text-template
7612573622611332376,黄油小熊春光正好,🐻黄油小熊,0.00,,6,1,text-template
7593395649006193982,黄油小熊-情人节快乐,🐻黄油小熊,0.00,,6,1,text-template
7612571162509430078,黄油小熊-向春天出发,🐻黄油小熊,0.00,,6,1,text-template
7589693636649045272,黄油小熊-好可爱,🐻黄油小熊,0.00,,6,1,text-template
7602171488736644376,黄油小熊假期溜娃vlog记录,🐻黄油小熊,0.00,,6,1,text-template
7612576738672921880,黄油小熊-春日漫游,🐻黄油小熊,0.00,,6,1,text-template
7585964030985096510,黄油小熊圣诞快乐,🐻黄油小熊,0.00,,6,1,text-template
7611948231827737918,黄油小熊-下期再见,🐻黄油小熊,0.00,,6,1,text-template
7612573744284011801,黄油小熊-更新啦,🐻黄油小熊,0.00,,6,1,text-template
7602176833194609944,黄油小熊度假中勿扰,🐻黄油小熊,0.00,,6,1,text-template
7602534289653304601,黄油小熊-超好吃,🐻黄油小熊,0.00,,6,1,text-template
7592887294927949080,黄油小熊-怦然心动,🐻黄油小熊,0.00,,6,1,text-template
7602182732420173118,黄油小熊恭喜发财红包拿来,🐻黄油小熊,0.00,,6,1,text-template
7602175249748299032,黄油小熊-浪漫情人节,🐻黄油小熊,0.00,,6,1,text-template
7593400555897130302,黄油小熊-大吉大利,🐻黄油小熊,0.00,,6,1,text-template
7611889760709266750,黄油小熊-春游记,🐻黄油小熊,0.00,,6,1,text-template
7611864783851375896,黄油小熊-特别推荐,🐻黄油小熊,0.00,,6,1,text-template
7593438731999300889,黄油小熊-美食派对,🐻黄油小熊,0.00,,6,1,text-template
7593191999742807321,黄油小熊-新年快乐,🐻黄油小熊,0.00,,6,1,text-template
7600249076365593918,黄油小熊之爱你老己,🐻黄油小熊,0.00,,6,1,text-template
7602509002060221721,黄油小熊-春日记录春天,🐻黄油小熊,0.00,,6,1,text-template
7611876310000045337,黄油小熊-快乐周末,🐻黄油小熊,0.00,,6,1,text-template
7611895165812460824,黄油小熊-好开心,🐻黄油小熊,0.00,,6,1,text-template
7611874096560753944,黄油小熊-萌萌哒,🐻黄油小熊,0.00,,6,1,text-template
7612607525405609278,黄油小熊-出去玩,🐻黄油小熊,0.00,,6,1,text-template
7612076521972370713,黄油小熊-划重点,🐻黄油小熊,0.00,,6,1,text-template
7602515914612886808,黄油小熊-宅家日记,🐻黄油小熊,0.00,,6,1,text-template
7611892595211619608,黄油小熊-春日好时光,🐻黄油小熊,0.00,,6,1,text-template
7602501262994689304,黄油小熊-可爱营业,🐻黄油小熊,0.00,,6,1,text-template
7612573436543782169,黄油小熊-今日美食,🐻黄油小熊,0.00,,6,1,text-template
7602503817791311166,黄油小熊粗去玩,🐻黄油小熊,0.00,,6,1,text-template
7602198820826385726,黄油小熊-新年好,🐻黄油小熊,0.00,,6,1,text-template
7602492917885914392,黄油小熊-寒假假期模式,🐻黄油小熊,0.00,,6,1,text-template
7602181587773623577,黄油小熊-恭喜发财,🐻黄油小熊,0.00,,6,1,text-template
7600229113059921176,黄油小熊之热销榜单,🐻黄油小熊,0.00,,6,1,text-template
7602177267636325656,黄油小熊好吃弹幕,🐻黄油小熊,0.00,,6,1,text-template
7611866943041277208,黄油小熊-春日穿搭,🐻黄油小熊,0.00,,6,1,text-template
7592878458196512024,黄油小熊-怦然心动,🐻黄油小熊,0.00,,6,1,text-template
7602511862370045209,黄油小熊-亲子游园,🐻黄油小熊,0.00,,6,1,text-template
7602177755786464536,黄油小熊红红火火过大年,🐻黄油小熊,0.00,,6,1,text-template
7602182529726254398,黄油小熊新年愿望加载中,🐻黄油小熊,0.00,,6,1,text-template
7593354417907289368,黄油小熊-晚安,🐻黄油小熊,0.00,,6,1,text-template
7611887936572820761,黄油小熊-快乐日常,🐻黄油小熊,0.00,,6,1,text-template
7586006742740372760,黄油小熊money钱多多,🐻黄油小熊,0.00,,6,1,text-template
7592905258129607960,黄油小熊-好可爱,🐻黄油小熊,0.00,,6,1,text-template
7602178198797012286,黄油小熊抢年货,🐻黄油小熊,0.00,,6,1,text-template
7611923309957090585,黄油小熊-约会春天,🐻黄油小熊,0.00,,6,1,text-template
7602504399189052697,黄油小熊-玩雪喽,🐻黄油小熊,0.00,,6,1,text-template
7592949624311401752,黄油小熊-财源滚滚,🐻黄油小熊,0.00,,6,1,text-template
7602173029573233944,黄油小熊-新年焕新,🐻黄油小熊,0.00,,6,1,text-template
7612172936539016472,黄油小熊-好期待,🐻黄油小熊,0.00,,6,1,text-template
7593408018105060633,黄油小熊-张灯结彩,🐻黄油小熊,0.00,,6,1,text-template
7611892475250281790,黄油小熊-踏春去,🐻黄油小熊,0.00,,6,1,text-template
7589672200102317336,黄油小熊-太好吃了,🐻黄油小熊,0.00,,6,1,text-template
7593258661116398872,黄油小熊-恭喜发财,🐻黄油小熊,0.00,,6,1,text-template
7592825319086820633,黄油小熊-快乐无忧,🐻黄油小熊,0.00,,6,1,text-template
7611880981401865497,黄油小熊-厨房日记,🐻黄油小熊,0.00,,6,1,text-template
7590640735829970238,黄油小熊-太美了,🐻黄油小熊,0.00,,6,1,text-template
7602509717327465753,黄油小熊-赏花日记,🐻黄油小熊,0.00,,6,1,text-template
7433601313646087460,粉色手账甜酷少女,好物种草,0.00,,6,1,text-template
7568859135308090686,美食-宝藏店铺,好物种草,0.00,,6,1,text-template
7346172319972298023,薄荷曼波穿搭-春天就是要薄荷曼波,好物种草,0.00,,6,1,text-template
7648956289942293822,带货-超推荐,好物种草,0.00,,6,1,text-template
7552166882053229849,电商-国货盛典,好物种草,0.00,,6,1,text-template
7433609083355286796,粉色手账沉浸式开箱,好物种草,0.00,,6,1,text-template
7579201638477417753,防晒 Winter Sunscreen,好物种草,0.00,,6,1,text-template
7441221534812769547,购物开箱测评-开箱啦,好物种草,0.00,,6,1,text-template
7343824111874886964,薄荷曼波OOTD 穿搭时尚热点春夏 字幕标题,好物种草,0.00,,6,1,text-template
7379479760679832873,谁穿谁好看种草拼贴文字,好物种草,0.00,,6,1,text-template
7575568579735702809,穿搭-抄作业,好物种草,0.00,,6,1,text-template
7365882254595312935,夏日促销-立即下单,好物种草,0.00,,6,1,text-template
7438832505052007718,好物推荐-强烈安利,好物种草,0.00,,6,1,text-template
7612280065585384728,热销爆款,好物种草,0.00,,6,1,text-template
7373670571579559206,简约设计感家居装修好物种草好物推荐,好物种草,0.00,,6,1,text-template
7363785769657339177,穿搭-重要性,好物种草,0.00,,6,1,text-template
7365886052537519399,夏日促销-夏日狂欢季,好物种草,0.00,,6,1,text-template
7600371530161409304,新年-招财进宝,好物种草,0.00,,6,1,text-template
7595802388510870809,热卖,好物种草,0.00,,6,1,text-template
7573633616316747070,灵感Outfits,好物种草,0.00,,6,1,text-template
7647865502169173273,营销-官方立减,好物种草,0.00,,6,1,text-template
7601459702425242905,真靠谱,好物种草,0.00,,6,1,text-template
7570615502129843481,好物种草-质感拉满,好物种草,0.00,,6,1,text-template
7660543689210711320,波点自由,好物种草,0.00,,6,1,text-template
7363773616984526091,穿搭-好看,好物种草,0.00,,6,1,text-template
7582034922756656446,巨划算,好物种草,0.00,,6,1,text-template
7552747229803662616,美食探店-敲好吃,好物种草,0.00,,6,1,text-template
7551718388272270617,电商-Buff叠满,好物种草,0.00,,6,1,text-template
7304166792832847123,穿搭look1文字标签,好物种草,0.00,,6,1,text-template
7629534324332743960,全场疯抢,好物种草,0.00,,6,1,text-template
7585215007969774873,抢购,好物种草,0.00,,6,1,text-template
7561011144954252569,电商-超值好物推荐,好物种草,0.00,,6,1,text-template
7343891417724423478,薄荷曼波主题穿搭 搜索,好物种草,0.00,,6,1,text-template
7578762729448656190,超推荐,好物种草,0.00,,6,1,text-template
7586488965356604734,冬日限定,好物种草,0.00,,6,1,text-template
7630068044148100377,网感类-解锁隐藏吃法,好物种草,0.00,,6,1,text-template
7441213074117365003,购物开箱测评-惊喜标签文字,好物种草,0.00,,6,1,text-template
7343959360558599458,薄荷曼波 不装了我就是爱绿色 字幕 穿搭,好物种草,0.00,,6,1,text-template
7163527687640796429,穿搭- LOOK1,好物种草,0.00,,6,1,text-template
7365851533600197927,夏日促销-夏季爆款,好物种草,0.00,,6,1,text-template
7090536541080145167,期刊号-椭圆,好物种草,0.00,,6,1,text-template
7539407429763665177,顶流好物,好物种草,0.00,,6,1,text-template
7552748735638359358,美食探店打卡,好物种草,0.00,,6,1,text-template
7644798326377860376,618-错过等一年,好物种草,0.00,,6,1,text-template
7304228718191349033,超显瘦大胆穿表达情绪文字,好物种草,0.00,,6,1,text-template
7564792921975950616,百搭款,好物种草,0.00,,6,1,text-template
7551826338869529880,电商-闭眼冲,好物种草,0.00,,6,1,text-template
7090569393637297408,沉浸式开箱拆后,好物种草,0.00,,6,1,text-template
7669108983617326398,时尚捕捉力,好物种草,0.00,,6,1,text-template
7163515569591880974,穿搭-质量和版型都很过关,好物种草,0.00,,6,1,text-template
7639932702812261657,解锁盛夏穿搭,好物种草,0.00,,6,1,text-template
7163509103778680100,穿搭-上衣裤子,好物种草,0.00,,6,1,text-template
7575634978646560024,穿搭-种草啦,好物种草,0.00,,6,1,text-template
7343911771817790774,薄荷曼波主题穿搭 标题,好物种草,0.00,,6,1,text-template
7435946679611723019,美食弹幕哇哇哇,好物种草,0.00,,6,1,text-template
7600812008702741785,热卖爆款,好物种草,0.00,,6,1,text-template
7563172559684979993,强烈推荐,好物种草,0.00,,6,1,text-template
7346200838794169619,薄荷曼波穿搭-连衣裙价格,好物种草,0.00,,6,1,text-template
7539103321227824408,秋日美食,好物种草,0.00,,6,1,text-template
7645219530914155800,电商-嗨购618,好物种草,0.00,,6,1,text-template
7090517867665394984,我最爱这款,好物种草,0.00,,6,1,text-template
7379471639395716371,简洁百搭种草文字标签,好物种草,0.00,,6,1,text-template
7366570560534465811,夏日促销-快来选购吧,好物种草,0.00,,6,1,text-template
7555774528228707646,氛围感,好物种草,0.00,,6,1,text-template
7546394949512760600,我的开箱VLOG,好物种草,0.00,,6,1,text-template
7288538161670556967,好物分享-闭眼入,好物种草,0.00,,6,1,text-template
7644799888190098712,618-最后X小时,好物种草,0.00,,6,1,text-template
7552762252625972504,国庆中秋-立即抢购,好物种草,0.00,,6,1,text-template
7587304125952511256,囤货啦,好物种草,0.00,,6,1,text-template
7652894919123668249,黄黑皮天菜口红,好物种草,0.00,,6,1,text-template
7563492211673894169,电商-全场包邮,好物种草,0.00,,6,1,text-template
7565683626239708478,暖冬焕新季,好物种草,0.00,,6,1,text-template
7561046789541907774,超划算,好物种草,0.00,,6,1,text-template
7552794480458353982,促销-精选爆款,好物种草,0.00,,6,1,text-template
7648265893620763928,英文-Plog,好物种草,0.00,,6,1,text-template
7435940545941245223,美食探店特别推荐,好物种草,0.00,,6,1,text-template
7303066621952806154,好物种草-穿搭 太帅啦,好物种草,0.00,,6,1,text-template
7570609226528279833,年度好物,好物种草,0.00,,6,1,text-template
7090490919153192233,Look book标题,好物种草,0.00,,6,1,text-template
7595812240050326808,年味开抢,好物种草,0.00,,6,1,text-template
7343894801072344347,好仙啊~,好物种草,0.00,,6,1,text-template
7433608360290733375,粉色手账爆款,好物种草,0.00,,6,1,text-template
7433593307688684841,粉色手账发光歌词,好物种草,0.00,,6,1,text-template
7668722909975842072,单品推荐 避雷建议 实用干货,好物种草,0.00,,6,1,text-template
7090514659622620450,打勾标签,好物种草,0.00,,6,1,text-template
7564765891355987224,狂欢购物节,好物种草,0.00,,6,1,text-template
7544416856573005080,促销-热销爆款,好物种草,0.00,,6,1,text-template
7313562369135758632,穿搭 价格标价 ￥99 字幕 指向标记,好物种草,0.00,,6,1,text-template
7396884130295778612,好物安利红榜涂鸦文字,好物种草,0.00,,6,1,text-template
7572822226114891032,美妆-美妆日记,好物种草,0.00,,6,1,text-template
7373683389502704934,简约设计感家居装修好物种草划重点啦,好物种草,0.00,,6,1,text-template
7579153363850317080,爆单,好物种草,0.00,,6,1,text-template
7314928673797229874,好物种草穿搭 价格标签,好物种草,0.00,,6,1,text-template
7343903774143974707,春天就要薄荷曼波,好物种草,0.00,,6,1,text-template
7561704509806923070,推荐,好物种草,0.00,,6,1,text-template
7600373088815090968,好价来袭,好物种草,0.00,,6,1,text-template
7568709419769367832,人气推荐-互动引导综合类文字模板,好物种草,0.00,,6,1,text-template
7331669469741272347,穿搭-衣品,好物种草,0.00,,6,1,text-template
7090517867665411368,Tips详细描述,好物种草,0.00,,6,1,text-template
7344563858029284658,春日穿搭-绿色系穿搭,好物种草,0.00,,6,1,text-template
7163512739472739615,穿搭-有效穿搭,好物种草,0.00,,6,1,text-template
7433587007252630825,粉色手账APT,好物种草,0.00,,6,1,text-template
7600746600981548312,强推,好物种草,0.00,,6,1,text-template
7551931414749531416,电商-降价啦,好物种草,0.00,,6,1,text-template
7090514310207737123,叹气,好物种草,0.00,,6,1,text-template
7440894009171643663,绝了,好物种草,0.00,,6,1,text-template
7570220840466255128,综艺词-冲冲冲,好物种草,0.00,,6,1,text-template
7434112797186772275,购物开箱plog,好物种草,0.00,,6,1,text-template
7639356306133880126,日常必备,好物种草,0.00,,6,1,text-template
7595794869642235198,强烈推荐,好物种草,0.00,,6,1,text-template
7611894329510120729,特别推荐,好物种草,0.00,,6,1,text-template
7639428402960747800,懒人福音,好物种草,0.00,,6,1,text-template
7575555399043157310,穿搭-LOOK 01,好物种草,0.00,,6,1,text-template
7551687889915186494,慵懒温柔感,好物种草,0.00,,6,1,text-template
7344954453528694070,颜色太春天了色彩标签文字,好物种草,0.00,,6,1,text-template
7090564354545880335,重点信息改单行,好物种草,0.00,,6,1,text-template
7559456076521803070,全场包邮,好物种草,0.00,,6,1,text-template
7562864582050712856,电商-热卖中,好物种草,0.00,,6,1,text-template
7283807626452864319,好物分享-拆箱分享,好物种草,0.00,,6,1,text-template
7435930634318515510,美食探店日记,好物种草,0.00,,6,1,text-template
7637379718064393496,赚钱思路,好物种草,0.00,,6,1,text-template
7238546691563982113,时尚-小标题-look2,好物种草,0.00,,6,1,text-template
7551313221567663385,国庆促销-狂欢黄金周,好物种草,0.00,,6,1,text-template
7441933410228096271,好物榜单,好物种草,0.00,,6,1,text-template
7566585416103546136,电商-特别推荐,好物种草,0.00,,6,1,text-template
7441220107088547113,购物开箱测评-种草文字,好物种草,0.00,,6,1,text-template
7544798247538429246,网络流行词-新赛道,好物种草,0.00,,6,1,text-template
7361347907598978338,夏日/食物,好物种草,0.00,,6,1,text-template
7647807013858151704,英文-OOTD,好物种草,0.00,,6,1,text-template
7575197951941676312,避雷,好物种草,0.00,,6,1,text-template
7440756016507030794,测评-平价好物合集,好物种草,0.00,,6,1,text-template
7600371894067416345,省钱攻略,好物种草,0.00,,6,1,text-template
7441930483530845480,护肤品大测评,好物种草,0.00,,6,1,text-template
7550995315692719385,特惠专场,好物种草,0.00,,6,1,text-template
7634875898860195134,科技数码-AI精准算法,好物种草,0.00,,6,1,text-template
7440898023535693090,爆款推荐,好物种草,0.00,,6,1,text-template
7644801306808536345,匠心好品,好物种草,0.00,,6,1,text-template
7306517121708739852,棕色系 穿搭 标签 文字标题,好物种草,0.00,,6,1,text-template
7331673926575066395,穿搭-对比,好物种草,0.00,,6,1,text-template
7562973009909124376,优惠加码,好物种草,0.00,,6,1,text-template
7310607374887243044,穿搭-2024穿搭风向,好物种草,0.00,,6,1,text-template
7587280608787942718,新岁焕新,好物种草,0.00,,6,1,text-template
7439961491043847459,排列名次顺序步骤,好物种草,0.00,,6,1,text-template
7646810477099748670,营销-惊爆价,好物种草,0.00,,6,1,text-template
7585939783684476185,感恩回馈,好物种草,0.00,,6,1,text-template
7331663027655265546,穿搭-变换,好物种草,0.00,,6,1,text-template
7552107844439444798,国庆电商促销-本场特惠,好物种草,0.00,,6,1,text-template
7668784252187888920,通勤穿搭指南,好物种草,0.00,,6,1,text-template
7373680696772037938,简约设计感家居装修好物种草家装攻略,好物种草,0.00,,6,1,text-template
7344953369842191627,薄荷曼波春日穿搭标题文字,好物种草,0.00,,6,1,text-template
7644821452994235672,口碑爆棚,好物种草,0.00,,6,1,text-template
7559475214640221464,双11狂欢,好物种草,0.00,,6,1,text-template
7565721041218325784,爆款,好物种草,0.00,,6,1,text-template
7263380326880201996,芭比风 girls party 英文文字,好物种草,0.00,,6,1,text-template
7343918712195452199,薄荷曼波主题穿搭 标注,好物种草,0.00,,6,1,text-template
7639392126899588414,夏日营销-热卖爆款,好物种草,0.00,,6,1,text-template
7379474972382743849,沉浸式开箱好物分享标题文字,好物种草,0.00,,6,1,text-template
7350940828438695204,记录慵懒日常简约文字,好物种草,0.00,,6,1,text-template
7434103448582294821,购物卡在钱没了,好物种草,0.00,,6,1,text-template
7349445848729685274,飘逸灵动,好物种草,0.00,,6,1,text-template
7563875676462271768,最后1波,好物种草,0.00,,6,1,text-template
7583022860583767321,避雷,好物种草,0.00,,6,1,text-template
7569873744861367577,美食-特别推荐,好物种草,0.00,,6,1,text-template
7280818351172095271,穿搭 购物分享,好物种草,0.00,,6,1,text-template
7540659071016537368,美食-强推,好物种草,0.00,,6,1,text-template
7636071255417834776,科技数码-智能模式,好物种草,0.00,,6,1,text-template
7545766157526043966,VIP专属,好物种草,0.00,,6,1,text-template
7237423222764014859,时尚-标题-lookbook,好物种草,0.00,,6,1,text-template
7349226559443586330,一眼惊鸿,好物种草,0.00,,6,1,text-template
7263009313428376886,甜蜜世界粉色英文闪光文字模板,好物种草,0.00,,6,1,text-template
7593721041805905214,超划算,好物种草,0.00,,6,1,text-template
7652740150098808089,持妆天花板,好物种草,0.00,,6,1,text-template
7561101391402454296,双十一购物攻略,好物种草,0.00,,6,1,text-template
7561846627904916798,断货王,好物种草,0.00,,6,1,text-template
7659684833156664638,爆款,好物种草,0.00,,6,1,text-template
7579151265641450776,爆单啦,好物种草,0.00,,6,1,text-template
7575635932897021209,太刺激啦,好物种草,0.00,,6,1,text-template
7315336151315877147,时尚穿搭种草 格雷系穿搭公式 标题,好物种草,0.00,,6,1,text-template
7434105401467079974,购物薅羊毛,好物种草,0.00,,6,1,text-template
7639742317678611774,松弛又精致,好物种草,0.00,,6,1,text-template
7428892116484459803,重庆火锅-实现毛肚自由,美食,0.00,,6,1,text-template
7383599268122184995,香辣烤生蚝 红色 简约 美食 烧烤 细节说明,美食,0.00,,6,1,text-template
7658673529864457497,人气TOP,美食,0.00,,6,1,text-template
7381476569484676415,烧烤探店-滋滋冒油外焦里嫩,美食,0.00,,6,1,text-template
7430004969668971786,超好吃,美食,0.00,,6,1,text-template
7250317805361351940,美味认证美食标记文字模板,美食,0.00,,6,1,text-template
7640371916813159705,辣椒炒牛肉,美食,0.00,,6,1,text-template
7389900421499784498,人间烟火气怀旧市井风标题,美食,0.00,,6,1,text-template
7616306547328798014,美食-人气必点,美食,0.00,,6,1,text-template
7315013157628546314,巧克力,美食,0.00,,6,1,text-template
7540157872290893081,美食-过瘾,美食,0.00,,6,1,text-template
7397335362131086592,火锅-探店vlog,美食,0.00,,6,1,text-template
7402462105573575999,强烈推荐,美食,0.00,,6,1,text-template
7388555690517777703,夏日美食巴适得很怀旧市井风标题,美食,0.00,,6,1,text-template
7403191089433267495,超美味,美食,0.00,,6,1,text-template
7383519348989742377,夏日美食辣度爆表,美食,0.00,,6,1,text-template
7090536541084192015,红色打勾小黄条,美食,0.00,,6,1,text-template
7554719253937556798,美食-嘎嘎香,美食,0.00,,6,1,text-template
7682273983965760793,招牌推荐,美食,0.00,,6,1,text-template
7657152846592298265,美食-招牌推荐,美食,0.00,,6,1,text-template
7300771949762858250,美食 食物名称 价格,美食,0.00,,6,1,text-template
7523635816296353086,早八打工人早餐,美食,0.00,,6,1,text-template
7406337787663797554,秋日美食探店亲测不踩雷,美食,0.00,,6,1,text-template
7592870103885106457,一口入魂,美食,0.00,,6,1,text-template
7600984579717254424,冬日限定,美食,0.00,,6,1,text-template
7213990130921557307,日式美食-超值体验,美食,0.00,,6,1,text-template
7372502584185113908,美食/秘制椰奶,美食,0.00,,6,1,text-template
7392257518254230810,清凉解暑,美食,0.00,,6,1,text-template
7430354937638358323,好吃到停不下来 情绪表达评价,美食,0.00,,6,1,text-template
7577979796991446297,冬日美食vlog,美食,0.00,,6,1,text-template
7414051667685018915,港式茶餐厅,美食,0.00,,6,1,text-template
7535892014542474520,火锅-爆辣,美食,0.00,,6,1,text-template
7315044293750590770,美食教程 菜谱吸引人卖点 低脂健康,美食,0.00,,6,1,text-template
7434820114530241819,用料超足,美食,0.00,,6,1,text-template
7473093068141530430,美食拼贴文字-春季限定,美食,0.00,,6,1,text-template
7428888063490772274,秋季美食-强推,美食,0.00,,6,1,text-template
7428895165621783835,秋季美食-太好吃啦,美食,0.00,,6,1,text-template
7434056159302061321,宝藏美食店铺-必吃榜单,美食,0.00,,6,1,text-template
7405771744876694793,人生无解，来杯拿铁,美食,0.00,,6,1,text-template
7498670001574956350,推荐榜NO.1,美食,0.00,,6,1,text-template
7388546862120209700,夏日美食香迷糊了市井风怀旧标题,美食,0.00,,6,1,text-template
7436438128480587045,甜爆你的胃,美食,0.00,,6,1,text-template
7403185874835492115,麻辣鲜香,美食,0.00,,6,1,text-template
7564357636842556696,Yummy美味的,美食,0.00,,6,1,text-template
7380931751851379983,夏日推荐地道风味绿色简约泰国美食互动引导,美食,0.00,,6,1,text-template
7388723465357888807,夏日怀旧市井风地道美食小喇叭,美食,0.00,,6,1,text-template
7570364682645802265,鲜嫩爆香,美食,0.00,,6,1,text-template
7647227202010008856,超好吃,美食,0.00,,6,1,text-template
7411890183034916136,家的味道,美食,0.00,,6,1,text-template
7616347622298635544,上新啦,美食,0.00,,6,1,text-template
7430043264583093531,不负好食光,美食,0.00,,6,1,text-template
7569156088025730329,美食-冬日美食记,美食,0.00,,6,1,text-template
7347220253551643913,港风探店情绪表达好好吃啊,美食,0.00,,6,1,text-template
7478129252731211033,情绪表达踩雷,美食,0.00,,6,1,text-template
7381138216373587226,美食-美滋美味,美食,0.00,,6,1,text-template
7642615268040264984,日常记录-厚乳芝士,美食,0.00,,6,1,text-template
7592609974652783934,猛火爆炒,美食,0.00,,6,1,text-template
7494189179245448472,嗨爽开趴,美食,0.00,,6,1,text-template
7345386280311721252,茶餐厅套餐美食菜单文字,美食,0.00,,6,1,text-template
7380741257934408975,魂穿泰兰德橙绿简约风泰国美食探店情绪表达,美食,0.00,,6,1,text-template
7403631574509571362,超级鲜美,美食,0.00,,6,1,text-template
7205496819801935159,日式美食-小标题,美食,0.00,,6,1,text-template
7556234742534982937,“辣”麻辣滚烫动态风格美食类文字模板,美食,0.00,,6,1,text-template
7646982913766133016,美食-吃饱饱 没烦恼,美食,0.00,,6,1,text-template
7563931697411067160,必打卡,美食,0.00,,6,1,text-template
7434818219988323634,莲藕排骨谈小火慢炖,美食,0.00,,6,1,text-template
7441116681860140299,美食探店色香味俱全,美食,0.00,,6,1,text-template
7592575115586555160,火辣辣,美食,0.00,,6,1,text-template
7569235940800023870,冬日美食烤红薯,美食,0.00,,6,1,text-template
7345711531075570970,仿3d效果-标题-烘焙日记,美食,0.00,,6,1,text-template
7443763400653425971,美食探店/必点菜单,美食,0.00,,6,1,text-template
7349079764235209996,好吃不踩雷美食探店字幕文字,美食,0.00,,6,1,text-template
7477946488581180697,记得收藏,美食,0.00,,6,1,text-template
7435891154475945266,老香港 粤味风,美食,0.00,,6,1,text-template
7434816103320194355,健脾养胃,美食,0.00,,6,1,text-template
7427840896080563507,港风中国香港,美食,0.00,,6,1,text-template
7090510761440677135,价格1-改,美食,0.00,,6,1,text-template
7440764655598931227,解冻3分钟,美食,0.00,,6,1,text-template
7600964197245046078,招牌美食,美食,0.00,,6,1,text-template
7205496181265337656,日式美食-辣,美食,0.00,,6,1,text-template
7392938735073004815,好喝！蓝色 简约 美食 饮品 情绪表达,美食,0.00,,6,1,text-template
7307612714552102184,美食 配一杯果汁 标记字幕标注 手绘涂鸦,美食,0.00,,6,1,text-template
7383670166065892608,整点儿夜宵 黄色 简约 美食 细节说明 标题,美食,0.00,,6,1,text-template
7299286965411679539,美食探店菜品名称,美食,0.00,,6,1,text-template
7534674198057422142,一吃封神,美食,0.00,,6,1,text-template
7090490919165627683,踩雷,美食,0.00,,6,1,text-template
7523617766042193176,打工人必备,美食,0.00,,6,1,text-template
7373995297988414720,美食/超好吃,美食,0.00,,6,1,text-template
7405772066747731226,喝杯摩卡，生活不卡,美食,0.00,,6,1,text-template
7577586695621594430,重庆火锅,美食,0.00,,6,1,text-template
7577778942325869849,湖南小炒肉,美食,0.00,,6,1,text-template
7435890189261688073,地道港味,美食,0.00,,6,1,text-template
7436379062471281930,老成都麻辣烫,美食,0.00,,6,1,text-template
7616263422505897240,美食-招牌汤饭,美食,0.00,,6,1,text-template
7657414385933225241,美食-香迷糊啦,美食,0.00,,6,1,text-template
7432950950408555839,鲜美好滋味美食文字标签,美食,0.00,,6,1,text-template
7441045945850088758,美味进行时,美食,0.00,,6,1,text-template
7571000844104092953,好吃,美食,0.00,,6,1,text-template
7393011880022887714,火腿鸡蛋三明治 橙色 简约 美食 细节说明,美食,0.00,,6,1,text-template
7486660763503922494,美食教程,美食,0.00,,6,1,text-template
7406333177838488883,秋日美食探店-摁头打卡,美食,0.00,,6,1,text-template
7392267022631013659,冰冰凉凉 好吃到爆,美食,0.00,,6,1,text-template
7296377030898191642,美食 细节介绍 糖醋排骨,美食,0.00,,6,1,text-template
7554672849059958041,美食-美食篇,美食,0.00,,6,1,text-template
7435684953515494707,美食排名榜,美食,0.00,,6,1,text-template
7569885067493887256,美食-招牌必吃,美食,0.00,,6,1,text-template
7414092168509279497,顶级,美食,0.00,,6,1,text-template
7482004961270697278,人气榜单,美食,0.00,,6,1,text-template
7473098822416125209,春日美食-吃美食过春天,美食,0.00,,6,1,text-template
7411929260270636340,热卖榜TOP1,美食,0.00,,6,1,text-template
7407738920135380261,吃火锅欢乐食刻,美食,0.00,,6,1,text-template
7681968943090650392,材料清单,美食,0.00,,6,1,text-template
7482012215814491416,美食 赞,美食,0.00,,6,1,text-template
7428243109034691876,美食菜品食用时间标签文字,美食,0.00,,6,1,text-template
7391797619204410664,轻食店推荐扁平拼贴文字,美食,0.00,,6,1,text-template
7213289563622542650,日式美食-N0.1,美食,0.00,,6,1,text-template
7090490919165660451,标题3,美食,0.00,,6,1,text-template
7393023523167554879,咕噜咕噜喝冷饮透心凉夏日标签文字,美食,0.00,,6,1,text-template
7430647424479137078,美食教程食材标签文字,美食,0.00,,6,1,text-template
7428893747116526898,重庆火锅-真香警告,美食,0.00,,6,1,text-template
7414055825821437199,必吃榜,美食,0.00,,6,1,text-template
7408021416534166793,秋天第一顿火锅-人间烟火气,美食,0.00,,6,1,text-template
7681960175196196158,拉丝爆浆曲奇,美食,0.00,,6,1,text-template
7403629476791340323,阳澄湖大闸蟹,美食,0.00,,6,1,text-template
7436384469067549961,正宗重庆老火锅,美食,0.00,,6,1,text-template
7380626465274039563,夏日轻食日记美食简约标题文字,美食,0.00,,6,1,text-template
7383679439772618018,老北京爆肚 橙色 简约 美食 细节说明 标题,美食,0.00,,6,1,text-template
7471140839834570046,美食-超满足,美食,0.00,,6,1,text-template
7681948737031245080,无油低糖,美食,0.00,,6,1,text-template
7435944285180005673,美食探店一口入魂,美食,0.00,,6,1,text-template
7442265435183090981,港风/茶餐厅,美食,0.00,,6,1,text-template
7389597761177537833,快乐超标金属牌夏日怀旧市井风,美食,0.00,,6,1,text-template
7524393694775119128,无敌鹿战队-超美味,美食,0.00,,6,1,text-template
7435891690986097958,吉食行乐,美食,0.00,,6,1,text-template
7090536541679881472,味道一般般,美食,0.00,,6,1,text-template
7517571158070431000,美食合集,美食,0.00,,6,1,text-template
7565900305062382910,美食探店-独家招牌,美食,0.00,,6,1,text-template
7372802564254977295,美食/DUANG,美食,0.00,,6,1,text-template
7545513097566522686,美食-招牌推荐,美食,0.00,,6,1,text-template
7443750968841358602,美食探店/舌尖上的麻辣盛宴,美食,0.00,,6,1,text-template
7498678468641590590,美味Yummy,美食,0.00,,6,1,text-template
7392991745983761716,低卡饱腹 橙色 简约 美食 细节说明,美食,0.00,,6,1,text-template
7393182339272035603,冰爽上市夏日冷饮气泡水标题文字,美食,0.00,,6,1,text-template
7397349151429758223,锅底是灵魂,美食,0.00,,6,1,text-template
7537972509619047704,探店-款款心动,美食,0.00,,6,1,text-template
7620380988048166169,美食-超级好吃,美食,0.00,,6,1,text-template
7459285291354901784,新春美食超好吃,美食,0.00,,6,1,text-template
7664554502082710809,正宗味道,美食,0.00,,6,1,text-template
7399642846841572646,美食-食来运转,美食,0.00,,6,1,text-template
7476906592127044889,美食探秘-宝藏店铺,美食,0.00,,6,1,text-template
7410673001793948979,寻味东南亚-泰式椰子冻,美食,0.00,,6,1,text-template
7391812340825476367,减脂轻食食谱扁平拼贴文字,美食,0.00,,6,1,text-template
7639013554208656702,超高性价比,美食,0.00,,6,1,text-template
7090524260048948480,强烈推荐菜,美食,0.00,,6,1,text-template
7494196952968514840,烧烤-何以解忧愁烧烤和啤酒,美食,0.00,,6,1,text-template
7601522793230011673,美食日记,美食,0.00,,6,1,text-template
7427838600076725542,港风香港快乐时光,美食,0.00,,6,1,text-template
7396991022871481654,清蒸大闸蟹,美食,0.00,,6,1,text-template
7522700796702739774,咖啡英文字,美食,0.00,,6,1,text-template
7430374936931323187,八九不离食 美食谐音梗,美食,0.00,,6,1,text-template
7600971247052213566,必吃榜,美食,0.00,,6,1,text-template
7523937511870188825,吃饭搭子,美食,0.00,,6,1,text-template
7315022821686627621,美食教程 菜谱名称字幕 ,美食,0.00,,6,1,text-template
7486488113502801177,美食制作步骤,美食,0.00,,6,1,text-template
7336771820261051657,内容详解,美食,0.00,,6,1,text-template
7213302943574019388,日式美食-串烧,美食,0.00,,6,1,text-template
7532923507114724633,美食探店-必吃老字号,美食,0.00,,6,1,text-template
7090536548592110883,今日份美味,美食,0.00,,6,1,text-template
7440762849447677222,保姆级,美食,0.00,,6,1,text-template
7517281090231553305,亲测有效,美食,0.00,,6,1,text-template
7090501130202909993,价格2,美食,0.00,,6,1,text-template
7393005203261246760,敲好吃 橙色 简约 美食 情绪表达,美食,0.00,,6,1,text-template
7410702309098818867,寻味东南亚-fun肆吃泰餐,美食,0.00,,6,1,text-template
7481988503484534041,宝藏店铺,美食,0.00,,6,1,text-template
7659007641661738264,人气Top,美食,0.00,,6,1,text-template
7428415027754913061,港风美食立即预订,美食,0.00,,6,1,text-template
7616266630598905112,美食-人气TOP,美食,0.00,,6,1,text-template
7403212079768849675,某某川菜馆,美食,0.00,,6,1,text-template
7410695289448959282,寻味东南亚-炸裂推荐,美食,0.00,,6,1,text-template
7434710611658951945,港风-香港味道,美食,0.00,,6,1,text-template
7535002340785589529,美食-烤肉我最爱,美食,0.00,,6,1,text-template
7406331164681669938,秋日美食探店上海吃点啥,美食,0.00,,6,1,text-template
7565784217284611352,明星同款,美食,0.00,,6,1,text-template
7570295933150186777,美食清单,美食,0.00,,6,1,text-template
7601187964286143769,接财神,节日,0.00,,6,1,text-template
7620390677460962622,整蛊计划,节日,0.00,,6,1,text-template
7587303723395894552,元旦-喜迎元旦,节日,0.00,,6,1,text-template
7630087947299278105,复古五一劳动节,节日,0.00,,6,1,text-template
7611037837923896600,元宵-欢喜闹元宵,节日,0.00,,6,1,text-template
7603668523801431358,马上暴富,节日,0.00,,6,1,text-template
7598919333007609113,辞旧迎新,节日,0.00,,6,1,text-template
7611376859070172478,元宵-灯火映团圆,节日,0.00,,6,1,text-template
7635668804085009688,母亲节快乐,节日,0.00,,6,1,text-template
7603662456728374590,在一起的第520天,节日,0.00,,6,1,text-template
7602255920961195289,小蓝和他的朋友-过大年,节日,0.00,,6,1,text-template
7610343515704429849,元宵佳节,节日,0.00,,6,1,text-template
7631404200290831641,劳动节-加油干,节日,0.00,,6,1,text-template
7589940478783737113,平安喜乐,节日,0.00,,6,1,text-template
7602986100860144921,情人节-Valentine‘s Day,节日,0.00,,6,1,text-template
7641785456094432536,六一儿童节,节日,0.00,,6,1,text-template
7631917753884019992,五四青年节-青春正当燃,节日,0.00,,6,1,text-template
7642235652565830974,儿童节 致童年,节日,0.00,,6,1,text-template
7602894801528311102,新年快乐,节日,0.00,,6,1,text-template
7587656035331231038,元旦-元旦快乐,节日,0.00,,6,1,text-template
7648135463689276734,父亲节-父爱有迹,节日,0.00,,6,1,text-template
7630829840110898457,加油打工人,节日,0.00,,6,1,text-template
7608795705355914558,正月十五闹元宵,节日,0.00,,6,1,text-template
7598773082710428990,金马贺岁,节日,0.00,,6,1,text-template
7589654710953676094,好运新年吉祥话2026新年跨年祝福文字,节日,0.00,,6,1,text-template
7611392847237041470,好好爱自己,节日,0.00,,6,1,text-template
7597261963361832216,腊八节-岁末温粥,节日,0.00,,6,1,text-template
7602582976383438142,马年行大运,节日,0.00,,6,1,text-template
7602944596414319897,甜蜜来袭,节日,0.00,,6,1,text-template
7642565619975720216,儿童节-童心万岁,节日,0.00,,6,1,text-template
7628011508898909464,劳动节快乐,节日,0.00,,6,1,text-template
7619718669504941337,天气真好,节日,0.00,,6,1,text-template
7599655319391997208,情人节快乐,节日,0.00,,6,1,text-template
7599869154925169945,Valentine's Day,节日,0.00,,6,1,text-template
7598395950247251225,超甜,节日,0.00,,6,1,text-template
7582403495437896985,圣诞快乐英文,节日,0.00,,6,1,text-template
7599220677933157694,怦然心动,节日,0.00,,6,1,text-template
7604578607440088345,竖版闹元宵灯笼字,节日,0.00,,6,1,text-template
7601086652710161689,财源滚滚来,节日,0.00,,6,1,text-template
7684560720037580094,我们放假啦,节日,0.00,,6,1,text-template
7646449797775379737,父亲节-父亲节快乐,节日,0.00,,6,1,text-template
7620477483862904089,愚人节-弹幕快乐+1,节日,0.00,,6,1,text-template
7599998395788365118,书法标题中国年,节日,0.00,,6,1,text-template
7603814345453128985,春节档,节日,0.00,,6,1,text-template
7582909213010251033,圣诞快乐,节日,0.00,,6,1,text-template
7602173124678880536,喜迎小年,节日,0.00,,6,1,text-template
7585218378831449369,2025·完美谢幕啦,节日,0.00,,6,1,text-template
7619336665072454937,愚人节-你当真了吗？,节日,0.00,,6,1,text-template
7630412482913258776,五一城市漫游,节日,0.00,,6,1,text-template
7630352275680316696,单人旅行 - 第 2 天北海道旅行 vlog,节日,0.00,,6,1,text-template
7611051626639461694,璀璨女神,节日,0.00,,6,1,text-template
7603185940609158462,情人节快乐,节日,0.00,,6,1,text-template
7627535437065719102,劳动最光荣,节日,0.00,,6,1,text-template
7647021218952072472,我的宝藏老爸,节日,0.00,,6,1,text-template
7613237278554590489,妇女节-闪耀的她,节日,0.00,,6,1,text-template
7589774764021976344,春节大吉,节日,0.00,,6,1,text-template
7690377893548985625,全场5折,节日,0.00,,6,1,text-template
7591409955857599806,二十四节气-小寒,节日,0.00,,6,1,text-template
7631929157949213977,劳动节-劳动节,节日,0.00,,6,1,text-template
7596971687711919384,万事粥全,节日,0.00,,6,1,text-template
7647029920094342462,端午节-可盐可甜,节日,0.00,,6,1,text-template
7646790385968172312,端午安康,节日,0.00,,6,1,text-template
7611879307266313497,妇女节-女性力量,节日,0.00,,6,1,text-template
7634540314824445209,母亲节-感恩母亲节,节日,0.00,,6,1,text-template
7602606309648649496,手牵手共赴甜蜜,节日,0.00,,6,1,text-template
7632588464847883582,妈妈我爱您,节日,0.00,,6,1,text-template
7606954282197372222,元宵,节日,0.00,,6,1,text-template
7598812273624239385,新春年货节,节日,0.00,,6,1,text-template
7620792498650369342,雨落清明 花开有时,节日,0.00,,6,1,text-template
7619675822953155865,春天有好事,节日,0.00,,6,1,text-template
7603665082043796760,好运+1,节日,0.00,,6,1,text-template
7672269405861989694,跨越星河,节日,0.00,,6,1,text-template
7642259032987700504,儿童节 聪明小可爱,节日,0.00,,6,1,text-template
7601191275500522814,剪纸镂空福字,节日,0.00,,6,1,text-template
7647172774959631678,粽香端午 安康顺遂,节日,0.00,,6,1,text-template
7603650509374868760,新春佳节,节日,0.00,,6,1,text-template
7672276845576080664,十年树木，百年树人,节日,0.00,,6,1,text-template
7631933107742067992,劳动节-撸起袖子加油干,节日,0.00,,6,1,text-template
7602912778638232857,马上有桃花,节日,0.00,,6,1,text-template
7603673570685832473,财神驾到,节日,0.00,,6,1,text-template
7603742500926508313,福,节日,0.00,,6,1,text-template
7598128531142642969,初春万物生,节日,0.00,,6,1,text-template
7587665492911983896,元旦-你好2026,节日,0.00,,6,1,text-template
7604393562679086361,顺风顺水顺财神,节日,0.00,,6,1,text-template
7631571745811762494,My daily life,节日,0.00,,6,1,text-template
7604330045779316030,春节-恭喜发财,节日,0.00,,6,1,text-template
7646345824317984024,粽享欢乐,节日,0.00,,6,1,text-template
7583971090448469273,新年好,节日,0.00,,6,1,text-template
7601155464834878782,平安春运,节日,0.00,,6,1,text-template
7629674481711156542,春假好时光,节日,0.00,,6,1,text-template
7645283338978102553,端午快乐呀,节日,0.00,,6,1,text-template
7681534446490651929,教师节,节日,0.00,,6,1,text-template
7603706007398862142,马跃新程,节日,0.00,,6,1,text-template
7597273078711881022,腊八节-万事粥全,节日,0.00,,6,1,text-template
7594778246453955864,新年有新意,节日,0.00,,6,1,text-template
7594793854910532926,臻选好礼,节日,0.00,,6,1,text-template
7631184068180184345,五一旅行-day1,节日,0.00,,6,1,text-template
7602484463917911320,万事顺遂,节日,0.00,,6,1,text-template
7680203711267769600,毛线字-Happy Teachers' Day,节日,0.00,,6,1,text-template
7597356511228349721,腊八节-腊八安康,节日,0.00,,6,1,text-template
7593228850394336574,小蓝-欢度春节,节日,0.00,,6,1,text-template
7620812969231797566,清明踏青,节日,0.00,,6,1,text-template
7596303610049482008,创意马年卡通字-2026,节日,0.00,,6,1,text-template
7625615608130080024,耕耘向未来,节日,0.00,,6,1,text-template
7604440095718051134,新年-大吉大利,节日,0.00,,6,1,text-template
7637809949891972414,浓情端午 礼献心意,节日,0.00,,6,1,text-template
7595812694242938174,福马迎春,节日,0.00,,6,1,text-template
7590350261227572504,超级年货节,节日,0.00,,6,1,text-template
7639583658331983166,我的皮夹克,节日,0.00,,6,1,text-template
7619334739840961854,清明趣踏青,节日,0.00,,6,1,text-template
7589846413303876926,2025年度回顾,节日,0.00,,6,1,text-template
7613242618608340286,妇女节-悦己悦生活,节日,0.00,,6,1,text-template
7587323619156741400,元旦-马跃福至,节日,0.00,,6,1,text-template
7599636953507613977,节日-新年快乐,节日,0.00,,6,1,text-template
7631030191065845054,快乐不打烊,节日,0.00,,6,1,text-template
7604338711374941464,恭喜发财,节日,0.00,,6,1,text-template
7602177841056386329,小蓝和他的朋友-赏花灯,节日,0.00,,6,1,text-template
7587694679475424537,元旦-贺新年,节日,0.00,,6,1,text-template
7602511791972699454,小年言好事,节日,0.00,,6,1,text-template
7599387689267252504,贺小年,节日,0.00,,6,1,text-template
7597002398548217112,哇哇哇,节日,0.00,,6,1,text-template
7590049945391140158,马到成功,节日,0.00,,6,1,text-template
7634195998864149784,母亲节-母爱的力量,节日,0.00,,6,1,text-template
7634114274348027161,母亲节-世上只有妈妈好,节日,0.00,,6,1,text-template
7642560025537547544,儿童节-61与你童乐,节日,0.00,,6,1,text-template
7609640784576662846,吃汤圆,节日,0.00,,6,1,text-template
7633820182187789592,母亲节-是妈妈也是自己,节日,0.00,,6,1,text-template
7598439872189451545,吃汤圆,节日,0.00,,6,1,text-template
7591302574318308632,注意保暖,节日,0.00,,6,1,text-template
7596991130349227326,团圆腊八岁岁平安,节日,0.00,,6,1,text-template
7596973157945281854,腊八节,节日,0.00,,6,1,text-template
7601435822272924990,春节-恭喜发财,节日,0.00,,6,1,text-template
7603679297240419646,除夕快乐,节日,0.00,,6,1,text-template
7598564115971591486,年会节目单,节日,0.00,,6,1,text-template
7604077852442496281,春节-福,节日,0.00,,6,1,text-template
7603662456723950910,除夕夜,节日,0.00,,6,1,text-template
7600817154333674814,迎新春,节日,0.00,,6,1,text-template
7624929853950856473,五一,节日,0.00,,6,1,text-template
7593792105865334040,福,节日,0.00,,6,1,text-template
7666426640226110744,建军节-以热血敬山河,节日,0.00,,6,1,text-template
7619329468263550270,玩个大的,节日,0.00,,6,1,text-template
7611055283258985790,元宵节-元宵佳节,节日,0.00,,6,1,text-template
7603671954213866777,情人节快乐,节日,0.00,,6,1,text-template
7654534155308600600,夏季：夏至,节日,0.00,,6,1,text-template
7670426590601284888,根本不在乎七夕，我只在乎我的暑假快结束了,节日,0.00,,6,1,text-template
7627472204833312025,向劳动者致敬,节日,0.00,,6,1,text-template
7599928968665435417,福/财,节日,0.00,,6,1,text-template
7611049235051580734,元宵节-猜灯谜,节日,0.00,,6,1,text-template
7613232362775874840,妇女节-春风如你 熠熠芳华,节日,0.00,,6,1,text-template
7596989475667103000,大吉大利,节日,0.00,,6,1,text-template
7690605828449291545,秋日爆款,节日,0.00,,6,1,text-template
7643004258929020185,儿童节-童心同乐,节日,0.00,,6,1,text-template
7602510878143155518,小蓝同学-节庆-过年咯,节日,0.00,,6,1,text-template
7642254640515501374,我的小可爱,节日,0.00,,6,1,text-template
7641551751405047102,快乐万岁,节日,0.00,,6,1,text-template
7593696018080910617,横批-马年大吉,节日,0.00,,6,1,text-template
7669701737602911513,好物分享,节日,0.00,,6,1,text-template
7600817047601401150,新年快乐,节日,0.00,,6,1,text-template
7603671698478697790,马跃新程,节日,0.00,,6,1,text-template
7620374946249821464,清明时节,节日,0.00,,6,1,text-template
7587671158833777982,元旦-新年好,节日,0.00,,6,1,text-template
7599317018738920766,小年吉祥,节日,0.00,,6,1,text-template
7620382283257875736,愚人节-信你个鬼,节日,0.00,,6,1,text-template
7668652653479677208,秋日英文静态字幕,节日,0.00,,6,1,text-template
7587019875714125081,辞旧迎新,节日,0.00,,6,1,text-template
7600979805785607486,迎新年,节日,0.00,,6,1,text-template
7586174545254665534,元旦快乐,节日,0.00,,6,1,text-template
7610276479959747865,惊蛰,节日,0.00,,6,1,text-template
7591052061035285785,马上有喜,节日,0.00,,6,1,text-template
7611049246506224921,元宵节-欢乐元宵会,节日,0.00,,6,1,text-template
7602179741478604057,小蓝和他的朋友-恭贺新春,🥏小蓝,0.00,,6,1,text-template
7593277187868953880,小蓝-出来玩,🥏小蓝,0.00,,6,1,text-template
7602503348071386393,小蓝同学-恭喜发财,🥏小蓝,0.00,,6,1,text-template
7611389277468937496,小蓝同学快收藏,🥏小蓝,0.00,,6,1,text-template
7593259378711481624,小蓝和他的朋友-好运连连,🥏小蓝,0.00,,6,1,text-template
7612581628220542232,小蓝同学去寻找春天,🥏小蓝,0.00,,6,1,text-template
7611884407288417561,小蓝-敲美味,🥏小蓝,0.00,,6,1,text-template
7593358228063292734,小蓝同学-疑惑,🥏小蓝,0.00,,6,1,text-template
7612570508550311230,小蓝同学-前方高能,🥏小蓝,0.00,,6,1,text-template
7611890261219904793,小蓝-春天啦,🥏小蓝,0.00,,6,1,text-template
7612572153745067289,小蓝同学-好喜欢,🥏小蓝,0.00,,6,1,text-template
7611915984559000857,小蓝同学-超推荐,🥏小蓝,0.00,,6,1,text-template
7611879966917250366,小蓝-谢谢关注,🥏小蓝,0.00,,6,1,text-template
7612571460938288408,小蓝同学-强烈安利,🥏小蓝,0.00,,6,1,text-template
7593646165946617113,小蓝同学-Power,🥏小蓝,0.00,,6,1,text-template
7602489167540571454,小蓝同学之就这,🥏小蓝,0.00,,6,1,text-template
7602176946532879678,小蓝和他的朋友-多财多亿,🥏小蓝,0.00,,6,1,text-template
7612597174609890622,小蓝同学-超开心,🥏小蓝,0.00,,6,1,text-template
7593251649255345470,小蓝-嗨起来,🥏小蓝,0.00,,6,1,text-template
7612572924410711358,小蓝同学春天来了,🥏小蓝,0.00,,6,1,text-template
7592982282860940606,小蓝同学-超开心,🥏小蓝,0.00,,6,1,text-template
7602506201921850648,小蓝同学之社恐发作,🥏小蓝,0.00,,6,1,text-template
7611904110324927806,小蓝同学-超开心,🥏小蓝,0.00,,6,1,text-template
7602192740109126936,小蓝和他的朋友-马年大吉,🥏小蓝,0.00,,6,1,text-template
7602498830923517209,小蓝同学-节庆-马到成功,🥏小蓝,0.00,,6,1,text-template
7612588157237775641,小蓝同学-太香了,🥏小蓝,0.00,,6,1,text-template
7593356154106023192,小红-活力满满,🥏小蓝,0.00,,6,1,text-template
7592947302961171774,小蓝和他的朋友-过年啦,🥏小蓝,0.00,,6,1,text-template
7593163985558506777,小蓝同学-你咋啦,🥏小蓝,0.00,,6,1,text-template
7611902030214401342,小蓝-春困,🥏小蓝,0.00,,6,1,text-template
7602489034581019928,小蓝同学之追剧日常,🥏小蓝,0.00,,6,1,text-template
7593680355085798680,G胖-运动无限,🥏小蓝,0.00,,6,1,text-template
7611896344814292248,小蓝-加油,🥏小蓝,0.00,,6,1,text-template
7592828696759930174,小蓝和他的朋友IP-哈哈哈,🥏小蓝,0.00,,6,1,text-template
7592945046165556505,小蓝-好开心啊,🥏小蓝,0.00,,6,1,text-template
7593035396360162622,小蓝-感谢观看,🥏小蓝,0.00,,6,1,text-template
7593644235123952921,小蓝同学-出发咯,🥏小蓝,0.00,,6,1,text-template
7592528708443933977,小蓝和他的朋友IP-放假啦,🥏小蓝,0.00,,6,1,text-template
7593662060639112472,猫小花-哇哦,🥏小蓝,0.00,,6,1,text-template
7611891401269300542,小蓝-春日限定，万事顺遂,🥏小蓝,0.00,,6,1,text-template
7612578118649498942,小蓝同学春天,🥏小蓝,0.00,,6,1,text-template
7593437746060889368,小蓝同学-看这里,🥏小蓝,0.00,,6,1,text-template
7593305306168462617,小蓝同学-一起来唱歌,🥏小蓝,0.00,,6,1,text-template
7592784809135492376,小蓝和他的朋友IP-fighting,🥏小蓝,0.00,,6,1,text-template
7602506437616733502,小蓝同学-元宵快乐,🥏小蓝,0.00,,6,1,text-template
7592585072956427545,小蓝和他的朋友IP-hi friend,🥏小蓝,0.00,,6,1,text-template
7611881020484291864,小蓝-出来玩,🥏小蓝,0.00,,6,1,text-template
7602547375990852888,小蓝同学-love love,🥏小蓝,0.00,,6,1,text-template
7612572616888487192,小蓝同学-萌萌哒,🥏小蓝,0.00,,6,1,text-template
7602487444918766910,小蓝同学-节庆-喜迎新春,🥏小蓝,0.00,,6,1,text-template
7612571553502399769,小蓝同学发现春天,🥏小蓝,0.00,,6,1,text-template
7593005187489647934,小蓝-马到功成,🥏小蓝,0.00,,6,1,text-template
7592949954046610713,小蓝同学-恭贺新春,🥏小蓝,0.00,,6,1,text-template
7602576981896678681,小蓝同学-下班,🥏小蓝,0.00,,6,1,text-template
7602487665069444377,小蓝同学-节庆-福启新岁,🥏小蓝,0.00,,6,1,text-template
7593248275856100633,小红-恭喜发财,🥏小蓝,0.00,,6,1,text-template
7593644167172050201,小蓝同学-震惊,🥏小蓝,0.00,,6,1,text-template
7593615121872637246,小蓝同学-划重点,🥏小蓝,0.00,,6,1,text-template
7612106863332756760,小蓝同学-本期看点,🥏小蓝,0.00,,6,1,text-template
7602491515646151960,小蓝同学之浴室歌神,🥏小蓝,0.00,,6,1,text-template
7593284128703941913,小蓝同学-喜乐闹元宵,🥏小蓝,0.00,,6,1,text-template
7611379108844686616,小蓝同学点击直播间,🥏小蓝,0.00,,6,1,text-template
7593542292711984446,小紫-超酷,🥏小蓝,0.00,,6,1,text-template
7593040916114607385,小蓝同学-马跃新程,🥏小蓝,0.00,,6,1,text-template
7611890429570813246,小蓝-喵,🥏小蓝,0.00,,6,1,text-template
7593573192011402520,小蓝-宅家时刻,🥏小蓝,0.00,,6,1,text-template
7612569917753134398,小蓝同学进入春困模式,🥏小蓝,0.00,,6,1,text-template
7602531565331238168,小蓝同学-晚安,🥏小蓝,0.00,,6,1,text-template
7593344588920687897,小蓝同学-过年啦,🥏小蓝,0.00,,6,1,text-template
7646815620763307326,毕业存档,片尾谢幕,0.00,,6,1,text-template
7571368279621635390,感恩有你,片尾谢幕,0.00,,6,1,text-template
7574711151188020505,祝你有个好心情,片尾谢幕,0.00,,6,1,text-template
7569255133335489816,留言互动,片尾谢幕,0.00,,6,1,text-template
7594294016234229016,互动引导-再见Byebye,片尾谢幕,0.00,,6,1,text-template
7568759575504047422,引导-点点赞,片尾谢幕,0.00,,6,1,text-template
7582133581984664856,今日最新消息-综艺体育科技新闻类文字模板,片尾谢幕,0.00,,6,1,text-template
7577611750145821977,你好2026,片尾谢幕,0.00,,6,1,text-template
7577390969545313598,ins风-Hello December,片尾谢幕,0.00,,6,1,text-template
7559882979586231576,mini vlog,片尾谢幕,0.00,,6,1,text-template
7568775773608512793,互动引导-感谢观看,片尾谢幕,0.00,,6,1,text-template
7669789349118266649,玫瑰到了花期，我很想你,片尾谢幕,0.00,,6,1,text-template
7577595074314374424,萌宠-萌宠日记,片尾谢幕,0.00,,6,1,text-template
7090506162218732815,片尾信息2,片尾谢幕,0.00,,6,1,text-template
7647762160122187033,毕业季全剧终,片尾谢幕,0.00,,6,1,text-template
7568885177540185406,初冬Plog,片尾谢幕,0.00,,6,1,text-template
7575903757880462617,你的用户名,片尾谢幕,0.00,,6,1,text-template
7571360740360293694,心怀感恩,片尾谢幕,0.00,,6,1,text-template
7541671158496677182,穷鬼退散,片尾谢幕,0.00,,6,1,text-template
7524225839056096574,无敌鹿战队-下期再见,片尾谢幕,0.00,,6,1,text-template
7163542659296939272,综艺下期预告,片尾谢幕,0.00,,6,1,text-template
7558723604704365849,鬼迷心窍,片尾谢幕,0.00,,6,1,text-template
7554967095260319001,下期再见哦,片尾谢幕,0.00,,6,1,text-template
7558737921495387416,鬼怪出没,片尾谢幕,0.00,,6,1,text-template
7584009301610614040,暖冬,片尾谢幕,0.00,,6,1,text-template
7524584492959354174,鹿战队-下期再见,片尾谢幕,0.00,,6,1,text-template
7523786882782661913,互动引导-一键三连,片尾谢幕,0.00,,6,1,text-template
7524513254232689982,无敌鹿战队-下期再见,片尾谢幕,0.00,,6,1,text-template
7570856651629153560,享受当下,片尾谢幕,0.00,,6,1,text-template
7558729091474541848,幽灵在徘徊,片尾谢幕,0.00,,6,1,text-template
7280473834543713599,拜拜假期结束片尾文字,片尾谢幕,0.00,,6,1,text-template
7588800617779498264,杀青快乐,片尾谢幕,0.00,,6,1,text-template
7570717541295983934,宅家快乐,片尾谢幕,0.00,,6,1,text-template
7672648978802117912,保持热爱,片尾谢幕,0.00,,6,1,text-template
7568796346719915326,互动引导-超哇塞,片尾谢幕,0.00,,6,1,text-template
7577404318614244670,ins风-You smile I smile,片尾谢幕,0.00,,6,1,text-template
7571372006919163198,生活碎片,片尾谢幕,0.00,,6,1,text-template
7577417147723435288,ins风-Summer day,片尾谢幕,0.00,,6,1,text-template
7648270944410242366,高级精致感生活记录,片尾谢幕,0.00,,6,1,text-template
7563659440533130521,万圣节-万圣奇妙夜,片尾谢幕,0.00,,6,1,text-template
7679328753788538137,The end,片尾谢幕,0.00,,6,1,text-template
7579984439476751641,2026新年转账弹出框,片尾谢幕,0.00,,6,1,text-template
7646992267630349630,我的一天,片尾谢幕,0.00,,6,1,text-template
7090506162218765583,013,片尾谢幕,0.00,,6,1,text-template
7562778999349382424,前方高能,片尾谢幕,0.00,,6,1,text-template
7565801535456677182,手写字-雪是冬的情书,片尾谢幕,0.00,,6,1,text-template
7577417446831852825,ins风-逛吃逛喝的快乐Plog,片尾谢幕,0.00,,6,1,text-template
7563442670811565374,互动引导-重磅来袭,片尾谢幕,0.00,,6,1,text-template
7579458962089757976,文字飘动效果,片尾谢幕,0.00,,6,1,text-template
7575786037201489176,记录生活日志,片尾谢幕,0.00,,6,1,text-template
7576577887122476312,年终拾忆,片尾谢幕,0.00,,6,1,text-template
7565782941541059902,冬日-请参与我的冬天,片尾谢幕,0.00,,6,1,text-template
7559867081559231806,家居好物分享,片尾谢幕,0.00,,6,1,text-template
7577431872549063961,新年新气象,片尾谢幕,0.00,,6,1,text-template
7647118290825006361,毕业季-未完待续,片尾谢幕,0.00,,6,1,text-template
7563251427469086014,万圣节-万圣节快乐,片尾谢幕,0.00,,6,1,text-template
7576573056068357400,故事未完待续,片尾谢幕,0.00,,6,1,text-template
7572179162245467454,谢谢英文,片尾谢幕,0.00,,6,1,text-template
7565775754483617049,手写字-冬日物语,片尾谢幕,0.00,,6,1,text-template
7646974683706854680,不期而遇的夏天,片尾谢幕,0.00,,6,1,text-template
7577652731490471230,回忆加载中,片尾谢幕,0.00,,6,1,text-template
7570212306404003134,综艺词-下期预告,片尾谢幕,0.00,,6,1,text-template
7578104771303705880,2025回忆碎片加载中,片尾谢幕,0.00,,6,1,text-template
7163529901205720327,感谢收看,片尾谢幕,0.00,,6,1,text-template
7557962691030191384,胆小鬼,片尾谢幕,0.00,,6,1,text-template
7562785686240415000,万圣节-前方高能,片尾谢幕,0.00,,6,1,text-template
7371358619582893349,简约片尾-The end,片尾谢幕,0.00,,6,1,text-template
7571362294878260505,感恩节英文,片尾谢幕,0.00,,6,1,text-template
7565783041268780312,手写字-冬天的故事,片尾谢幕,0.00,,6,1,text-template
7585258797258722622,新年快乐,片尾谢幕,0.00,,6,1,text-template
7577421086535486744,ins风-带数字序号半圆式英文字,片尾谢幕,0.00,,6,1,text-template
7686697394662034713,工作量×3,片尾谢幕,0.00,,6,1,text-template
7639409645089672473,蓝色标记文字-永远不要在谈话中自贬,片尾谢幕,0.00,,6,1,text-template
7568781330503257369,互动引导-重点来了,片尾谢幕,0.00,,6,1,text-template
7570740777869987096,快乐续航,片尾谢幕,0.00,,6,1,text-template
7677924559126842648,两个灵魂，一份挚爱,片尾谢幕,0.00,,6,1,text-template
7563221603581070617,万圣节：不给糖就捣蛋,片尾谢幕,0.00,,6,1,text-template
7647948695828319512,蜡笔手写我们和夏天一样热烈,片尾谢幕,0.00,,6,1,text-template
7581358338613480766,VLOG,片尾谢幕,0.00,,6,1,text-template
7563223457064979774,万圣节：惊魂派对,片尾谢幕,0.00,,6,1,text-template
7579164682682912025,新年大吉大利,片尾谢幕,0.00,,6,1,text-template
7585348604877901080,滤镜教程,片尾谢幕,0.00,,6,1,text-template
7578715267354823961,未完待续,片尾谢幕,0.00,,6,1,text-template
7570658508388076825,假期vlog,片尾谢幕,0.00,,6,1,text-template
7563222782373334296,万圣节,片尾谢幕,0.00,,6,1,text-template
7573963905173785881,水印-你的名字,片尾谢幕,0.00,,6,1,text-template
7577652662091418904,故事未完待续,片尾谢幕,0.00,,6,1,text-template
7572477351846645017,名字水印,片尾谢幕,0.00,,6,1,text-template
7668235273343552793,日常vlog-存档快乐,片尾谢幕,0.00,,6,1,text-template
7681579702259322136,冲业绩,片尾谢幕,0.00,,6,1,text-template
7568816684732058904,互动引导-一键三连,片尾谢幕,0.00,,6,1,text-template
7563240028244020504,金黄色的秋天,片尾谢幕,0.00,,6,1,text-template
7576605676529814809,2025我的年度回忆录,片尾谢幕,0.00,,6,1,text-template
7644447353365089561,真的要说再见了,片尾谢幕,0.00,,6,1,text-template
7574335971366374718,水印-私人稿件,片尾谢幕,0.00,,6,1,text-template
7540602868185877784,互动引导-记得点赞哦,片尾谢幕,0.00,,6,1,text-template
7565802574914522392,冬日-Winter vlog,片尾谢幕,0.00,,6,1,text-template
7541675613413723417,民间怪谈,片尾谢幕,0.00,,6,1,text-template
7570880721502620952,出发旅行,片尾谢幕,0.00,,6,1,text-template
7577426911668931864,Hello2026,片尾谢幕,0.00,,6,1,text-template
7558318065218374936,前方警告,片尾谢幕,0.00,,6,1,text-template
7581387324357905689,周末遛娃地,片尾谢幕,0.00,,6,1,text-template
7647620220667874622,高级精致感日常生活记录,片尾谢幕,0.00,,6,1,text-template
7525021457072704793,爱美莉-下次见啦,片尾谢幕,0.00,,6,1,text-template
7645274827179265304,综艺情绪-下期预告,片尾谢幕,0.00,,6,1,text-template
7575234433788464446,王者风范-娱乐活动综艺情绪互动类文字模板,片尾谢幕,0.00,,6,1,text-template
7646746429955919129,我的日常记录/夏日,片尾谢幕,0.00,,6,1,text-template
7545467091839716633,cookiepop甜品,片尾谢幕,0.00,,6,1,text-template
7163521342376135943,穿搭-关注我,片尾谢幕,0.00,,6,1,text-template
7568791515439500606,互动引导-记得点赞哦,片尾谢幕,0.00,,6,1,text-template
7568806477947915545,互动引导-更新啦,片尾谢幕,0.00,,6,1,text-template
7588779578043436350,告别2025,片尾谢幕,0.00,,6,1,text-template
7579157287110135064,新年彩色烟花字,片尾谢幕,0.00,,6,1,text-template
7558714443601857816,可爱鬼,片尾谢幕,0.00,,6,1,text-template
7558242457893457177,不给糖就捣蛋,片尾谢幕,0.00,,6,1,text-template
7577490429772320024,ins风-我喜欢你爱心文字排列,片尾谢幕,0.00,,6,1,text-template
7563263393159712062,点赞,片尾谢幕,0.00,,6,1,text-template
7577436216287694105,ins风-bye2025,片尾谢幕,0.00,,6,1,text-template
7568781606404787481,互动引导-欢迎收看,片尾谢幕,0.00,,6,1,text-template
7524547732443548952,音乐公主爱米莉-加关注不迷路,片尾谢幕,0.00,,6,1,text-template
7577594237806513470,运动-出发,片尾谢幕,0.00,,6,1,text-template
7090514631344524559,片尾信息16,片尾谢幕,0.00,,6,1,text-template
7563194524420328728,恐怖本推荐,片尾谢幕,0.00,,6,1,text-template
7563200421473553688,万圣节限定剧本杀,片尾谢幕,0.00,,6,1,text-template
7054078596750609699,Ending-赛博朋克,片尾谢幕,0.00,,6,1,text-template
7090536548592094499,片尾信息5,片尾谢幕,0.00,,6,1,text-template
7054078646067154211,多行文本动画,片尾谢幕,0.00,,6,1,text-template
7090496798325869824,片尾信息13,片尾谢幕,0.00,,6,1,text-template
7054078621316599080,元旦-电影4,片尾谢幕,0.00,,6,1,text-template
7054078594347191593,电影标题,片尾谢幕,0.00,,6,1,text-template
7090517867665427752,片尾信息15,片尾谢幕,0.00,,6,1,text-template
7090496798049062144,片尾信息11,片尾谢幕,0.00,,6,1,text-template
7054078599061638415,黄色片尾字幕领衔主演,片尾谢幕,0.00,,6,1,text-template
7054078612760251648,多文本字幕,片尾谢幕,0.00,,6,1,text-template
7054078618749635880,绿白多行剪映放映室,片尾谢幕,0.00,,6,1,text-template
7278502363441237288,国庆 vlog ENDING 标题字幕,片尾谢幕,0.00,,6,1,text-template
7054074768948989219,bye,片尾谢幕,0.00,,6,1,text-template
7090518661542317347,片尾信息7,片尾谢幕,0.00,,6,1,text-template
7090508563755322624,片尾信息12,片尾谢幕,0.00,,6,1,text-template
7090496807737888034,片尾信息14,片尾谢幕,0.00,,6,1,text-template
7090514309918379299,片尾信息8,片尾谢幕,0.00,,6,1,text-template
7090501153732988200,片尾信息9,片尾谢幕,0.00,,6,1,text-template
7090518661542300963,片尾信息10-1,片尾谢幕,0.00,,6,1,text-template
7090569393637264640,片尾信息4,片尾谢幕,0.00,,6,1,text-template
7054078615666937088,元旦-电影2,片尾谢幕,0.00,,6,1,text-template
7090536541679930624,片尾信息6,片尾谢幕,0.00,,6,1,text-template
7431165556897680691,电竞口号 激流勇进破浪归,科技感,0.00,,6,1,text-template
7617107274510929214,质量认证,科技感,0.00,,6,1,text-template
7090496798334143784,023,科技感,0.00,,6,1,text-template
7575822843607272728,新闻类-实时热点追踪,科技感,0.00,,6,1,text-template
7090536533450689826,07,科技感,0.00,,6,1,text-template
7090488228775595305,02,科技感,0.00,,6,1,text-template
7688434065191669054,蓝色人物介绍,科技感,0.00,,6,1,text-template
7090514659320663296,科技022,科技感,0.00,,6,1,text-template
7496886168982965529,ASCII码表发光 GREEN绿色,科技感,0.00,,6,1,text-template
7264477565727804726,科技，字幕，发光，月度好物推荐,科技感,0.00,,6,1,text-template
7346904879148829989,赛博机能风数码产品标记,科技感,0.00,,6,1,text-template
7431452655366507802,电竞-冠军在望,科技感,0.00,,6,1,text-template
7592887812001647896,长续航,科技感,0.00,,6,1,text-template
7268674255229963561,科技测评-机型对比,科技感,0.00,,6,1,text-template
7090510757808311586,科技016,科技感,0.00,,6,1,text-template
7268538853676436772,科技测评-对焦渣渣,科技感,0.00,,6,1,text-template
7350267198356639003,科技游戏测评 标题,科技感,0.00,,6,1,text-template
7431169780641500442,电竞赛事 无懈可击,科技感,0.00,,6,1,text-template
7672270964431834393,工业互联网赋能,科技感,0.00,,6,1,text-template
7616912682238610713,质量可靠,科技感,0.00,,6,1,text-template
7264476694096940300,科技，标题，发光，测评避坑,科技感,0.00,,6,1,text-template
7090496798053109032,科技06,科技感,0.00,,6,1,text-template
7672292555958013209,灌溉系统节约用水,科技感,0.00,,6,1,text-template
7646434061237472574,科技感-AI工具导航,科技感,0.00,,6,1,text-template
7688274544532081944,商务简约人物名片,科技感,0.00,,6,1,text-template
7348350533800938788,赛博朋克风测评时间,科技感,0.00,,6,1,text-template
7635728597755563289,科技数码-数据实时更新,科技感,0.00,,6,1,text-template
7264479666436705577,科技，标题，发光，黑科技合集,科技感,0.00,,6,1,text-template
7431456429657181450,电竞-团队协作,科技感,0.00,,6,1,text-template
7090508563747048738,03,科技感,0.00,,6,1,text-template
7593250421439974681,实测数据,科技感,0.00,,6,1,text-template
7672265668359834905,AI助教与智慧课堂,科技感,0.00,,6,1,text-template
7272934893976292649,科技风，标题,科技感,0.00,,6,1,text-template
7090497777783803136,022,科技感,0.00,,6,1,text-template
7090510760673070376,科技026-49%,科技感,0.00,,6,1,text-template
7572566760210205976,新闻标签-名称+介绍,科技感,0.00,,6,1,text-template
7592906222693551385,数码好物分享,科技感,0.00,,6,1,text-template
7272709270754315583,科技风，支持项目说明,科技感,0.00,,6,1,text-template
7431456698277170442,电竞-不只是胜利,科技感,0.00,,6,1,text-template
7090569394144824616,科技014,科技感,0.00,,6,1,text-template
7566520238045564185,智能辅助系统,科技感,0.00,,6,1,text-template
7268675335531646219,科技测评-如何选择相机,科技感,0.00,,6,1,text-template
7431466638991576371,电竞-顶峰相见,科技感,0.00,,6,1,text-template
7264484129008274700,科技，标题，发光，黑科技好物,科技感,0.00,,6,1,text-template
7431234355328027941,电竞语录 何以解忧唯有变强,科技感,0.00,,6,1,text-template
7264476035373206847,科技，标题，发光，产品测评结果,科技感,0.00,,6,1,text-template
7431462405843995942,电竞-失败并不可怕，可怕的是放弃,科技感,0.00,,6,1,text-template
7350260119780723994,科技游戏测评 禁止复制,科技感,0.00,,6,1,text-template
7090514631495568655,011,科技感,0.00,,6,1,text-template
7351436232884227338,赛博科技-权威认证,科技感,0.00,,6,1,text-template
7647121674445409598,科技感-AI核心概念,科技感,0.00,,6,1,text-template
7272658131203673355,科技风，细节标注说明,科技感,0.00,,6,1,text-template
7090501153733004584,021,科技感,0.00,,6,1,text-template
7541013851270286617,PK赛,科技感,0.00,,6,1,text-template
7090510761444773160,020,科技感,0.00,,6,1,text-template
7667568543973526809,智能科技系统-科技感文字模板,科技感,0.00,,6,1,text-template
7090517867665444136,科技015,科技感,0.00,,6,1,text-template
7346896785396206898,赛博朋克机能风未来感标题,科技感,0.00,,6,1,text-template
7090514310207753507,01,科技感,0.00,,6,1,text-template
7090528099149892879,05,科技感,0.00,,6,1,text-template
7431220836192865545,电竞口号 热爱能抵万难,科技感,0.00,,6,1,text-template
7090496798493642024,科技021-A,科技感,0.00,,6,1,text-template
7371368606493363507,科技-未来智能管家,科技感,0.00,,6,1,text-template
7647131084240538942,科技感-科技改变未来,科技感,0.00,,6,1,text-template
7348367050387098899,赛博朋克测评优点标题,科技感,0.00,,6,1,text-template
7431171034398919962,电竞赛事 决胜之战,科技感,0.00,,6,1,text-template
7090542288618786063,科技胶卷相机,科技感,0.00,,6,1,text-template
7272733827376745791,科技风，标题,科技感,0.00,,6,1,text-template
7575829282380057881,新闻类-今日快讯,科技感,0.00,,6,1,text-template
7575802018502217022,下期预告,科技感,0.00,,6,1,text-template
7347972980661620004,赛博朋克系统故障风谢谢观看结尾,科技感,0.00,,6,1,text-template
7090496798325886208,科技05,科技感,0.00,,6,1,text-template
7575805371483409726,新闻类-分类标题框,科技感,0.00,,6,1,text-template
7346915584866520347,赛博机能风标签购物清单,科技感,0.00,,6,1,text-template
7350268809741143322,科技游戏测评 警告,科技感,0.00,,6,1,text-template
7431157545995078939,电竞-荣耀时刻,科技感,0.00,,6,1,text-template
7090514631344540943,科技023参数菜单,科技感,0.00,,6,1,text-template
7090569393838624000,019,科技感,0.00,,6,1,text-template
7090508563747065122,科技013,科技感,0.00,,6,1,text-template
7646811183961492760,科技感-智能搜索中,科技感,0.00,,6,1,text-template
7090510761277132066,科技04,科技感,0.00,,6,1,text-template
7090536541080128783,科技018-2,科技感,0.00,,6,1,text-template
7431175819390750003,电竞赛事 VS对决双方战队,科技感,0.00,,6,1,text-template
7090535443669847330,科技024TIPS,科技感,0.00,,6,1,text-template
7431178816988384521,电竞kpl经典名场面,科技感,0.00,,6,1,text-template
7496841236331040025,ASCII码表发光 粉色LOVE,科技感,0.00,,6,1,text-template
7431427299095924019,电竞-热血沸腾,科技感,0.00,,6,1,text-template
7634860195524463897,科技数码-性能天花板,科技感,0.00,,6,1,text-template
7654535425117130009,此处内容您可以自主编辑-标题类文字模板,科技感,0.00,,6,1,text-template
7090514310207786275,025,科技感,0.00,,6,1,text-template
7371333425661332787,游戏-精准射击,科技感,0.00,,6,1,text-template
7688424512576064792,简约人物名片,科技感,0.00,,6,1,text-template
7592986898994302232,官方价299,科技感,0.00,,6,1,text-template
7431471508167396635,电竞-继续前进,科技感,0.00,,6,1,text-template
7163513737830288647,035今日分享,科技感,0.00,,6,1,text-template
7264476414009822505,科技，标题，发光，黑科技好物,科技感,0.00,,6,1,text-template
7431480226195983625,电竞-敢逐云霄志,科技感,0.00,,6,1,text-template
7346907804067761418,赛博机能风产品型号标记,科技感,0.00,,6,1,text-template
7090518661546380579,018,科技感,0.00,,6,1,text-template
7090510760501054755,科技017,科技感,0.00,,6,1,text-template
7349028965538860329,赛博朋克故障风推荐图标,科技感,0.00,,6,1,text-template
7537976824589208856,炫酷科技感,科技感,0.00,,6,1,text-template
7634569203470798104,智能数码开箱,科技感,0.00,,6,1,text-template
7371371417234918665,科技-高科技分子材料,科技感,0.00,,6,1,text-template
7090518661542333731,科技018,科技感,0.00,,6,1,text-template
7351427950606159141,赛博科技-高温警告,科技感,0.00,,6,1,text-template
7268543410494098727,科技测评-24小时续航,科技感,0.00,,6,1,text-template
7346897914867797298,赛博机能风标题,科技感,0.00,,6,1,text-template
7351422482450058534,赛博科技-专业微单相机,科技感,0.00,,6,1,text-template
7325689083349503270,蓝色电子信息,科技感,0.00,,6,1,text-template
7272647794706451723,科技风，新手配置推荐,科技感,0.00,,6,1,text-template
7351302419092884787,科技游戏测评 实测数据标题,科技感,0.00,,6,1,text-template
7272730548047596841,科技风，大标题，实测数据,科技感,0.00,,6,1,text-template
7635918397510929689,科技数码-强烈安利,科技感,0.00,,6,1,text-template
7351302449212181786,科技游戏测评 新品标题,科技感,0.00,,6,1,text-template
7272747109915381055,科技风，醒目大标题,科技感,0.00,,6,1,text-template
7090510757808327970,015,科技感,0.00,,6,1,text-template
7646659399334792473,科技感-科技强国,科技感,0.00,,6,1,text-template
7537994241612533054,科技的力量,科技感,0.00,,6,1,text-template
7268674965992459539,科技测评-机型系列标题,科技感,0.00,,6,1,text-template
7351332137951431963,赛博科技-精准操控系统,科技感,0.00,,6,1,text-template
7669740441855642904,潮流与未来-综艺互动旅行综合类类文字模板,科技感,0.00,,6,1,text-template
7268671120935603467,科技测评-自定义标签,科技感,0.00,,6,1,text-template
7264481686660910372,科技，标题，发光，科技开箱,科技感,0.00,,6,1,text-template
7272722017076530451,科技风，适用人群,科技感,0.00,,6,1,text-template
7431458532412689701,电竞-不以输赢论输赢,科技感,0.00,,6,1,text-template
7346891556571401482,赛博朋克机能数码产品开箱,科技感,0.00,,6,1,text-template
7268281314787331391,科技测评-五大优点,科技感,0.00,,6,1,text-template
7090514631344573711,010,科技感,0.00,,6,1,text-template
7636066222609567000,科技数码-硬核测评,科技感,0.00,,6,1,text-template
7346910714910592266,赛博机能科技标记标题卖点,科技感,0.00,,6,1,text-template
7377584893405957413,赛博朋克机能风全系列体验测评,科技感,0.00,,6,1,text-template
7640133325033803033,风驰天下-互动行业科技类文字模板,科技感,0.00,,6,1,text-template
7347573824122031386,赛博机能标记物品参数,科技感,0.00,,6,1,text-template
7090514309922426152,09,科技感,0.00,,6,1,text-template
7090569393637281024,科技01,科技感,0.00,,6,1,text-template
7090565401108696355,科技027,科技感,0.00,,6,1,text-template
7351352108802641161,赛博科技-性能优势介绍,科技感,0.00,,6,1,text-template
7090490919165644067,科技010,科技感,0.00,,6,1,text-template
7672289705421065497,数字化组织协同,科技感,0.00,,6,1,text-template
7090495856817753379,08,科技感,0.00,,6,1,text-template
7090495856817736995,科技012,科技感,0.00,,6,1,text-template
7347967923228577078,赛博朋克机械故障风测评类目标题,科技感,0.00,,6,1,text-template
7264479987984649491,科技，标题，发光，细节描述,科技感,0.00,,6,1,text-template
7351374301955624219,赛博科技-标签 节能模式,科技感,0.00,,6,1,text-template
7431162483110382899,电竞口号 敢梦敢刚,科技感,0.00,,6,1,text-template
7347629036320853260,赛博朋克风开箱测评,科技感,0.00,,6,1,text-template
7090514631340477711,04,科技感,0.00,,6,1,text-template
7647389188467215678,科技感-科技引领,科技感,0.00,,6,1,text-template
7216193556799704376,欧美文字，发光，科技,科技感,0.00,,6,1,text-template
7218388308890570039,欧美文字，静态，科技蓝发光,科技感,0.00,,6,1,text-template
7216187260788575543,欧美文字，发光，科技,科技感,0.00,,6,1,text-template
7090514636189093160,科技02,科技感,0.00,,6,1,text-template
7216191800296443196,欧美文字，发光，科技,科技感,0.00,,6,1,text-template
7163515946806643981,034转圈圈,科技感,0.00,,6,1,text-template
7090501153586171176,科技09,科技感,0.00,,6,1,text-template
7218385038424018213,欧美文字，静态，科技蓝发光,科技感,0.00,,6,1,text-template
7332378490861260041,赛博文本框,科技感,0.00,,6,1,text-template
7218385683067489573,欧美文字，动态，科技蓝发光,科技感,0.00,,6,1,text-template
7216188249616715045,欧美文字，发光，科技,科技感,0.00,,6,1,text-template
7353249029205118217,甜梦原粒子,科技感,0.00,,6,1,text-template
7090496798493658408,科技029,科技感,0.00,,6,1,text-template
7090536533450673442,科技021-B,科技感,0.00,,6,1,text-template
7216183934265101623,欧美文字，发光，科技,科技感,0.00,,6,1,text-template
7090514636025367849,科技03,科技感,0.00,,6,1,text-template
7353250982957944073,闪动机械蝴蝶,科技感,0.00,,6,1,text-template
7090496809323351331,科技011,科技感,0.00,,6,1,text-template
7243711271659507004,英文，游戏，电竞荧光字幕，闪动,科技感,0.00,,6,1,text-template
7244686356985793848,英文，游戏积分 LIVE SCORE,科技感,0.00,,6,1,text-template
7218388333196545317,欧美文字，动态，科技蓝发光,科技感,0.00,,6,1,text-template
7090488933087333673,科技031,科技感,0.00,,6,1,text-template
7090536541688171817,06,科技感,0.00,,6,1,text-template
7163523676141358344,科技32,科技感,0.00,,6,1,text-template
7090514310228626722,017,科技感,0.00,,6,1,text-template
7090542288627043619,014,科技感,0.00,,6,1,text-template
7216186405804870949,欧美文字，发光，科技,科技感,0.00,,6,1,text-template
7090496807737904418,030字幕,科技感,0.00,,6,1,text-template
7090543557693410594,012,科技感,0.00,,6,1,text-template
7570349340720598297,穿搭-时尚单品,美妆,0.00,,6,1,text-template
7332124702145596726,情人节-眼妆,美妆,0.00,,6,1,text-template
7410720217631853861,妆容分享 早八必备,美妆,0.00,,6,1,text-template
7401024052510412066,穿搭信息,美妆,0.00,,6,1,text-template
7163561369927765280,美妆-XX粉底液,美妆,0.00,,6,1,text-template
7393690225265921332,美妆新手教学标题简约风文字,美妆,0.00,,6,1,text-template
7536115647332535577,美妆-种草,美妆,0.00,,6,1,text-template
7410702073357929778,清冷耐看不挑人,美妆,0.00,,6,1,text-template
7377678109182528795,美妆-微醺裸桃妆,美妆,0.00,,6,1,text-template
7332114266960563492,情人节-泪沟位置定位,美妆,0.00,,6,1,text-template
7438900956567194890,美妆-暖冬限定,美妆,0.00,,6,1,text-template
7400793835296607538,美妆好物-品名介绍,美妆,0.00,,6,1,text-template
7480094524442856766,清透元气妆,美妆,0.00,,6,1,text-template
7377701074213391625,美妆-方圆脸美妆教学,美妆,0.00,,6,1,text-template
7400798761594719538,美妆好物-独特柔雾质地详情,美妆,0.00,,6,1,text-template
7410610542622100755,妆容重点,美妆,0.00,,6,1,text-template
7589542679965519128,马年大吉,美妆,0.00,,6,1,text-template
7400645935526628659,美妆好物-谁用谁好看,美妆,0.00,,6,1,text-template
7536413429230357784,颜值超高,美妆,0.00,,6,1,text-template
7412132897991298367,美拉德妆容,美妆,0.00,,6,1,text-template
7238522433261686072,时尚-标题1 ,美妆,0.00,,6,1,text-template
7545853595351158041,年度爱用,美妆,0.00,,6,1,text-template
7415481270718745897,新中式美妆中式美装饰标签文字,美妆,0.00,,6,1,text-template
7410973248864652563,美妆新品用后repo,美妆,0.00,,6,1,text-template
7399893322795420978,美妆妆效-清透又服帖,美妆,0.00,,6,1,text-template
7629976902836489497,美妆-提亮面中,美妆,0.00,,6,1,text-template
7445234421978139928,美妆教程/清新淡雅,美妆,0.00,,6,1,text-template
7663412171795074328,粉质细腻,美妆,0.00,,6,1,text-template
7667927920756722968,使用前,美妆,0.00,,6,1,text-template
7412337346865057035,彩妆试色开箱美妆片头文字标题,美妆,0.00,,6,1,text-template
7313738767498628390,好物种草 美妆分享 卡粉暗沉,美妆,0.00,,6,1,text-template
7399888020117130534,早秋妆容分享步骤,美妆,0.00,,6,1,text-template
7514993162008399166,美妆volg,美妆,0.00,,6,1,text-template
7513586642100161817,美妆-重点提亮,美妆,0.00,,6,1,text-template
7412885851476217103,轻泰贵气感,美妆,0.00,,6,1,text-template
7410652825878859023,美拉德妆容解说简约文字,美妆,0.00,,6,1,text-template
7532069549282217278,夏日-新品上市,美妆,0.00,,6,1,text-template
7536139016807320857,美妆-美妆好物,美妆,0.00,,6,1,text-template
7514994680665230654,千禧穿搭-秒回千禧年,美妆,0.00,,6,1,text-template
7652776003156266302,早八通勤妆,美妆,0.00,,6,1,text-template
7553104362726542616,美妆-温柔玫瑰色,美妆,0.00,,6,1,text-template
7528958252466523416,演唱会妆容,美妆,0.00,,6,1,text-template
7312325604337077523,美妆重点小提示标记文字,美妆,0.00,,6,1,text-template
7410989412277833010,妆后,美妆,0.00,,6,1,text-template
7412334924750949668,太美了吧美妆情绪表达字幕文字,美妆,0.00,,6,1,text-template
7312328977761209612,新手美妆课堂标题文字,美妆,0.00,,6,1,text-template
7501258735948549400,划重点,美妆,0.00,,6,1,text-template
7571477469698739481,品牌盛典,美妆,0.00,,6,1,text-template
7332132413260303670,情人节-妆容缺点,美妆,0.00,,6,1,text-template
7445242639211007294,美妆教程/远山眉,美妆,0.00,,6,1,text-template
7410640770476068136,美拉德眼妆跟练简约文字,美妆,0.00,,6,1,text-template
7415472625951968566,气质高级美新中式妆容字幕文字,美妆,0.00,,6,1,text-template
7309113096679771428,上妆顺序,美妆,0.00,,6,1,text-template
7660872690689150232,美妆-夏日视觉降温,美妆,0.00,,6,1,text-template
7265352531012783415,美妆 化妆步骤,美妆,0.00,,6,1,text-template
7090496798325837056,负面描述,美妆,0.00,,6,1,text-template
7410617846402698535,美妆步骤,美妆,0.00,,6,1,text-template
7430452540052999474,一眼惊艳,美妆,0.00,,6,1,text-template
7681869481471397144,8min速成,美妆,0.00,,6,1,text-template
7265354187762896186,美妆 情绪表达弹幕,美妆,0.00,,6,1,text-template
7430454176921947402,气质风情,美妆,0.00,,6,1,text-template
7598910236963032344,立竿见影,美妆,0.00,,6,1,text-template
7394004328081607936,妆容特点情绪表达简约文字,美妆,0.00,,6,1,text-template
7163579317937622311,美妆-美哭,美妆,0.00,,6,1,text-template
7528891402055585086,爆款,美妆,0.00,,6,1,text-template
7526103187435113753,清爽,美妆,0.00,,6,1,text-template
7519523766498544921,毛线风-好物安利,美妆,0.00,,6,1,text-template
7298996934927289638,粉色美妆tips,美妆,0.00,,6,1,text-template
7412171629096127798,妆容形容英文,美妆,0.00,,6,1,text-template
7393901409965542708,美妆步骤解说简约文字,美妆,0.00,,6,1,text-template
7598613877349322008,一看就会,美妆,0.00,,6,1,text-template
7566857740044307774,保暖好物,美妆,0.00,,6,1,text-template
7336970489308532006,仿3d美妆片中-低粉感底妆,美妆,0.00,,6,1,text-template
7410705089318423858,厚重假面感,美妆,0.00,,6,1,text-template
7163576223413701899,美妆-左向标签,美妆,0.00,,6,1,text-template
7163549095255117094,美妆-粉质很细,美妆,0.00,,6,1,text-template
7513787104749653272,美妆-上粉底,美妆,0.00,,6,1,text-template
7309106583622012171,step 步骤,美妆,0.00,,6,1,text-template
7661127161440439577,美妆-清透氛围感,美妆,0.00,,6,1,text-template
7090536541679865088,小贴士,美妆,0.00,,6,1,text-template
7298992913575415049,粉色上妆前标签,美妆,0.00,,6,1,text-template
7681908727909420312,Daily makeup,美妆,0.00,,6,1,text-template
7412887311865695528,妆教要点,美妆,0.00,,6,1,text-template
7589489760377376062,原生感妆,美妆,0.00,,6,1,text-template
7163584319376723238,美妆-质地又闪又润,美妆,0.00,,6,1,text-template
7534001600948440382,LOOK,美妆,0.00,,6,1,text-template
7630306207739153688,美妆-嘴角暗沉,美妆,0.00,,6,1,text-template
7514994340260007193,千禧穿搭-甜酷暴击,美妆,0.00,,6,1,text-template
7555384949960969497,少女感,美妆,0.00,,6,1,text-template
7412154435679341860,美拉德拿捏秋日氛围感英文,美妆,0.00,,6,1,text-template
7264501071542832423,好物美妆-双层投影,美妆,0.00,,6,1,text-template
7163567335599557891,美妆-内轮廓定妆,美妆,0.00,,6,1,text-template
7412886240669879592,美出高级感,美妆,0.00,,6,1,text-template
7090514636017093928,搜索框信息,美妆,0.00,,6,1,text-template
7381038163474648360,不卡粉 粉色 黄色 简约 美妆 内容详解 字幕,美妆,0.00,,6,1,text-template
7598147842640874777,提示,美妆,0.00,,6,1,text-template
7090490919153175849,详情描述,美妆,0.00,,6,1,text-template
7410649313791003938,美妆情绪美拉德简约文字,美妆,0.00,,6,1,text-template
7336922127255211279,简约设计感 清透感美妆指南 教程 标题字幕,美妆,0.00,,6,1,text-template
7481680888078683417,春日美妆tips,美妆,0.00,,6,1,text-template
7410697430951398682,控油提亮,美妆,0.00,,6,1,text-template
7660856016367553816,美妆-美神降临,美妆,0.00,,6,1,text-template
7561625370890652952,万圣节妆容,美妆,0.00,,6,1,text-template
7598202360208379161,步骤一,美妆,0.00,,6,1,text-template
7400682272053103922,西柚冰茶妆妆教,美妆,0.00,,6,1,text-template
7336933088494161152,简约设计感 美妆化妆护肤 精研配比 字幕,美妆,0.00,,6,1,text-template
7415483805240265996,新中式美妆教程片中分段文字,美妆,0.00,,6,1,text-template
7412531055107820851,秋冬美妆教程 前后对比AFTER,美妆,0.00,,6,1,text-template
7377719820609015077,美妆-特点介绍,美妆,0.00,,6,1,text-template
7312328750073400617,美妆步骤简约标签文字,美妆,0.00,,6,1,text-template
7663418366719315224,自带美颜,美妆,0.00,,6,1,text-template
7501586474752544062,妆后,美妆,0.00,,6,1,text-template
7415480259543387404,清透无粉感新中式美妆标签文字,美妆,0.00,,6,1,text-template
7481658737720233240,春日美妆种草颜值+1,美妆,0.00,,6,1,text-template
7445241077067435288,美妆教程/轻松打造淡雅感,美妆,0.00,,6,1,text-template
7579159741440560446,萌娃-今日份可爱,美妆,0.00,,6,1,text-template
7497087398065737022,美妆护肤-夏日油皮救星,美妆,0.00,,6,1,text-template
7681866013859777816,韩系美妆,美妆,0.00,,6,1,text-template
7501212061104590142,种草！,美妆,0.00,,6,1,text-template
7566858998981365054,可爱爆了,美妆,0.00,,6,1,text-template
7404103259998260531,美妆-10min快速出门,美妆,0.00,,6,1,text-template
7336966271436606757,仿3d美妆标签-厚重卡粉,美妆,0.00,,6,1,text-template
7381038759497714944,NO! 粉色 简约 美妆 细节说明,美妆,0.00,,6,1,text-template
7309111966771973430,少量多次 晕染自然,美妆,0.00,,6,1,text-template
7445246716783398206,美妆教程/中式淡雅妆,美妆,0.00,,6,1,text-template
7536140263199132990,美妆-敲黑板,美妆,0.00,,6,1,text-template
7494501125056499006,美妆可爱-少女心美甲,美妆,0.00,,6,1,text-template
7412137437784296743,保姆级新手教学,美妆,0.00,,6,1,text-template
7312358795995532555,美妆品牌口红色号标签文字,美妆,0.00,,6,1,text-template
7381046257025928488,清透韩妆 粉色 简约 美妆 片头片尾 字幕,美妆,0.00,,6,1,text-template
7536105721079795006,美妆-重点提亮,美妆,0.00,,6,1,text-template
7410696643974057267,一字型粉底刷,美妆,0.00,,6,1,text-template
7298995059108613385,粉色美妆标签,美妆,0.00,,6,1,text-template
7668236312251665689,美妆日记,美妆,0.00,,6,1,text-template
7533992226695892248,超元气,美妆,0.00,,6,1,text-template
7532753935548075326,挖到宝了,美妆,0.00,,6,1,text-template
7663993967351991576,清透裸妆,美妆,0.00,,6,1,text-template
7410989035985898789,妆前,美妆,0.00,,6,1,text-template
7312325321154399527,新年派对妆彩妆标题文字,美妆,0.00,,6,1,text-template
7400690280040647987,重点加深眼尾,美妆,0.00,,6,1,text-template
7313735535518928138,好物种草 美妆分享 质地轻薄,美妆,0.00,,6,1,text-template
7412325413218831652,新手美妆教程消息弹窗界面趣味文字,美妆,0.00,,6,1,text-template
7336940056248159503,简约设计感 使用后 美妆护肤化妆 字幕提示,美妆,0.00,,6,1,text-template
7312326861525191947,这是重点箭头简约文字标签,美妆,0.00,,6,1,text-template
7381034038108146979,Step.01 黄色粉色 简约 美妆 篇中序章,美妆,0.00,,6,1,text-template
7568143637121518872,美妆-清清爽爽,美妆,0.00,,6,1,text-template
7264550916030811428,好物美妆-日常妆容推荐,美妆,0.00,,6,1,text-template
7399900898790542629,早秋妆容推荐,美妆,0.00,,6,1,text-template
7412329711075872011,氛围感腮红攻略美妆教程标题文字,美妆,0.00,,6,1,text-template
7411820731736018176,修容,美妆,0.00,,6,1,text-template
7572839536804400409,美妆-划重点,美妆,0.00,,6,1,text-template
7536260862739320088,不假白,美妆,0.00,,6,1,text-template
7598401992565755161,淡颜系,美妆,0.00,,6,1,text-template
7299278635721051442,口红色号标签,美妆,0.00,,6,1,text-template
7438890713527438602,美妆-初冬粉雾妆,美妆,0.00,,6,1,text-template
7660320591286717758,美妆-原生感底妆,美妆,0.00,,6,1,text-template
7683714542823640344,化妆小贴士,美妆,0.00,,6,1,text-template
7412488027294993673,秋冬美妆教程 色号标注,美妆,0.00,,6,1,text-template
7410602621821586707,清透淡妆感,美妆,0.00,,6,1,text-template
7499382398686367001,520：妆容小心机,美妆,0.00,,6,1,text-template
7513577441630195006,美妆-夏日元气妆,美妆,0.00,,6,1,text-template
7309110752801983807,美妆日记,美妆,0.00,,6,1,text-template
7309108701368012095,口红试色,美妆,0.00,,6,1,text-template
7438903961282678025,美妆-完美粉我盘,美妆,0.00,,6,1,text-template
7412335495893503273,超人气彩妆种草开箱标签文字,美妆,0.00,,6,1,text-template
7400683243713989928,种䓍官,美妆,0.00,,6,1,text-template
7400047667197316362,美妆-淡颜天菜,美妆,0.00,,6,1,text-template
7445243510602878232,美妆教程/有手就会的古典妆,美妆,0.00,,6,1,text-template
7430445814708849958,复古红棕色,美妆,0.00,,6,1,text-template
7404112601354980635,美妆-学生党必看,美妆,0.00,,6,1,text-template
7410638305022250292,美拉德妆容特点解说简约文字,美妆,0.00,,6,1,text-template
7410720538307349786,妈生伪素颜,美妆,0.00,,6,1,text-template
7298994461307194674,粉色美妆情绪表达,美妆,0.00,,6,1,text-template
7410703531872701746,又美又高级,美妆,0.00,,6,1,text-template
7480089460189744409,美妆-细腻又水润,美妆,0.00,,6,1,text-template
7399898797326765363,美妆产品名称介绍,美妆,0.00,,6,1,text-template
7410698551841410354,轻薄透气,美妆,0.00,,6,1,text-template
7265348857284906298,美妆 妈生伪素颜,美妆,0.00,,6,1,text-template
7481651968792956184,春日美妆成分安全,美妆,0.00,,6,1,text-template
7646621086574071102,韩女感,美妆,0.00,,6,1,text-template
7531589604781182232,流行穿搭,美妆,0.00,,6,1,text-template
7535397610702540056,心动分享,美妆,0.00,,6,1,text-template
7445248631881420094,美妆教程/轻松打造哑光雾面,美妆,0.00,,6,1,text-template
7507067923085692184,美妆好物,美妆,0.00,,6,1,text-template
7401403449574821146,大面积铺色打底,美妆,0.00,,6,1,text-template
7502420194820918590,美妆-let's跟练,美妆,0.00,,6,1,text-template
7415473911342632203,檀绿新中式妆容教程标题文字,美妆,0.00,,6,1,text-template
7565735602889444633,软软糯糯氛围感get,美妆,0.00,,6,1,text-template
7400040405733084425,美妆-初秋微醺氛围,美妆,0.00,,6,1,text-template
7332139865200413988,情人节-云雾感腮红,美妆,0.00,,6,1,text-template
7481597619127471422,春日美妆效果立竿见影,美妆,0.00,,6,1,text-template
7163553953882410278,美妆-阴影颜色过重,美妆,0.00,,6,1,text-template
7632731891371642137,OOTD,穿搭,0.00,,6,1,text-template
7343927329019661595,拿捏春天氛围感,穿搭,0.00,,6,1,text-template
7576559405651545368,OOTD,穿搭,0.00,,6,1,text-template
7640074923670703384,夏日焕新,穿搭,0.00,,6,1,text-template
7491541885748514073,可露丽穿搭标记,穿搭,0.00,,6,1,text-template
7575731577339219224,清透呼吸感,穿搭,0.00,,6,1,text-template
7661121273132551486,淡氧系少女,穿搭,0.00,,6,1,text-template
7575444480170396953,美妆-冬日冻感妆,穿搭,0.00,,6,1,text-template
7405561922982120754,美式复古风小众复古,穿搭,0.00,,6,1,text-template
7659059831617129753,OOTD,穿搭,0.00,,6,1,text-template
7527291014466538776,测评-敲黑板,穿搭,0.00,,6,1,text-template
7379997376729107763,夏日复古穿搭,穿搭,0.00,,6,1,text-template
7555712831300062488,又美又飒,穿搭,0.00,,6,1,text-template
7376538178875919616,复古穿搭-复古炸街穿搭,穿搭,0.00,,6,1,text-template
7428105185358105883,秒变时髦精,穿搭,0.00,,6,1,text-template
7375546769528065306,宝藏穿搭,穿搭,0.00,,6,1,text-template
7472395462834769214,早春穿搭-把春天穿上身,穿搭,0.00,,6,1,text-template
7572775076232236312,穿搭-通勤必备,穿搭,0.00,,6,1,text-template
7575667684797599000,好乖好上镜,穿搭,0.00,,6,1,text-template
7376539318791228724,复古穿搭-热剧同款,穿搭,0.00,,6,1,text-template
7548170055268240665,穿搭-推荐指数,穿搭,0.00,,6,1,text-template
7376551211941514548,复古穿搭-穿搭LOOK,穿搭,0.00,,6,1,text-template
7679730492450671915,时髦穿搭,穿搭,0.00,,6,1,text-template
7471908268861017368,早春穿搭-衣品翻倍,穿搭,0.00,,6,1,text-template
7573613028659219774,OOTD,穿搭,0.00,,6,1,text-template
7644925913469291801,爆款上新,穿搭,0.00,,6,1,text-template
7571461166690635032,限时五折起,穿搭,0.00,,6,1,text-template
7555706282204777790,穿搭不重样,穿搭,0.00,,6,1,text-template
7428151274127887642,港风:减满,穿搭,0.00,,6,1,text-template
7404128349909568787,都市运动风穿搭look单品文字,穿搭,0.00,,6,1,text-template
7403370760707853620,超显瘦！,穿搭,0.00,,6,1,text-template
7474469427862506776,早春穿搭美学,穿搭,0.00,,6,1,text-template
7474516756900416830,春日欧若风低饱和彩色,穿搭,0.00,,6,1,text-template
7403365246317972771,氛围感穿搭,穿搭,0.00,,6,1,text-template
7458129393794370878,新春穿搭太美啦,穿搭,0.00,,6,1,text-template
7501218444139285822,约会穿搭-又心动了,穿搭,0.00,,6,1,text-template
7501213677505514814,穿搭-超元气,穿搭,0.00,,6,1,text-template
7497423542775090456,Y2K穿搭-推荐指数,穿搭,0.00,,6,1,text-template
7428047585362988315,高级穿搭美学,穿搭,0.00,,6,1,text-template
7403037740775836982,绝美秋日穿搭ootd情绪表达文字,穿搭,0.00,,6,1,text-template
7477112924616527128,春日穿搭片中序章,穿搭,0.00,,6,1,text-template
7658116968377044286,今日LOOK,穿搭,0.00,,6,1,text-template
7644796301628050750,高性价比,穿搭,0.00,,6,1,text-template
7374413344670764314,潮流穿搭-OOTD,穿搭,0.00,,6,1,text-template
7397403041021873471,暑期穿搭：穿搭示范,穿搭,0.00,,6,1,text-template
7403375864823516416,有效穿搭,穿搭,0.00,,6,1,text-template
7394790393495260454,穿搭-假期穿搭日记,穿搭,0.00,,6,1,text-template
7677961620521340184,look 1,穿搭,0.00,,6,1,text-template
7444843222045592856,穿搭流行趋势,穿搭,0.00,,6,1,text-template
7570423564411817278,穿搭-吼吼看,穿搭,0.00,,6,1,text-template
7575791357277572377,穿搭-氛围感十足,穿搭,0.00,,6,1,text-template
7385855724431199538,复古格纹有效穿搭,穿搭,0.00,,6,1,text-template
7474550497916013886,春日早春穿搭指南,穿搭,0.00,,6,1,text-template
7405845423652424986,穿搭指南,穿搭,0.00,,6,1,text-template
7427091282779983155,港风:新品特惠,穿搭,0.00,,6,1,text-template
7687536204702829848,搭出7天不同风格,穿搭,0.00,,6,1,text-template
7517484879731297598,多巴胺穿搭-OOTD,穿搭,0.00,,6,1,text-template
7576530423191211326,LOOK,穿搭,0.00,,6,1,text-template
7668238736144076057,我的穿搭日记,穿搭,0.00,,6,1,text-template
7517971856951889177,穿搭OOTD-毛线艺术字,穿搭,0.00,,6,1,text-template
7374433835355737354,潮流穿搭,穿搭,0.00,,6,1,text-template
7395565544583269632,暑期穿搭:很出片,穿搭,0.00,,6,1,text-template
7379085927571787034,复古潮流无效穿搭,穿搭,0.00,,6,1,text-template
7518396610481507609,夏日海边穿搭,穿搭,0.00,,6,1,text-template
7669343058688773401,ootd穿搭,穿搭,0.00,,6,1,text-template
7536909645349276953,穿搭-种草啦,穿搭,0.00,,6,1,text-template
7640483658192866622,夏日新款,穿搭,0.00,,6,1,text-template
7380001333979499813,复古-冷调电影感,穿搭,0.00,,6,1,text-template
7380009313873431846,复古-价格信息,穿搭,0.00,,6,1,text-template
7555712904620772633,OOTD,穿搭,0.00,,6,1,text-template
7574007524739861784,护肤 美妆,穿搭,0.00,,6,1,text-template
7474623813611932953,穿搭-衣见倾心,穿搭,0.00,,6,1,text-template
7378806944057806080,出游穿搭分享拼贴文字,穿搭,0.00,,6,1,text-template
7566860775092948286,入冬OOTD,穿搭,0.00,,6,1,text-template
7683421518222806334,秋日OOTD,穿搭,0.00,,6,1,text-template
7376261421841108278,夏日穿搭-夏日限定,穿搭,0.00,,6,1,text-template
7377018932177292596,穿搭分享场景拼贴撕边文字,穿搭,0.00,,6,1,text-template
7514998343815187774,千禧穿搭-服装标签,穿搭,0.00,,6,1,text-template
7539824927545822489,穿搭-LOOK,穿搭,0.00,,6,1,text-template
7377760208082324776,穿搭图鉴穿搭分享拼贴撕边文字,穿搭,0.00,,6,1,text-template
7375549584371617050,潮流穿搭标记-cool,穿搭,0.00,,6,1,text-template
7639735864003972376,简约盐系穿搭,穿搭,0.00,,6,1,text-template
7545349656805592345,穿搭-超百搭,穿搭,0.00,,6,1,text-template
7471907868669873433,早春穿搭-秒变大女主,穿搭,0.00,,6,1,text-template
7545764871099551001,俏皮叠穿,穿搭,0.00,,6,1,text-template
7495998345916452120,穿搭-复古潮流,穿搭,0.00,,6,1,text-template
7403037548194368807,look1学院风穿搭标记分段文字,穿搭,0.00,,6,1,text-template
7379063546224594202,复古潮流穿搭,穿搭,0.00,,6,1,text-template
7406170194575396105,早秋必备单品,穿搭,0.00,,6,1,text-template
7405543829115342117,美式复古风穿搭搭出高级感,穿搭,0.00,,6,1,text-template
7405567128327245066,美式复古风穿搭时髦感拉满,穿搭,0.00,,6,1,text-template
7403027376319270185,秋日穿搭单品标签文字,穿搭,0.00,,6,1,text-template
7375551512866557235,look一下,穿搭,0.00,,6,1,text-template
7521087485573909784,穿搭-穿搭潮学,穿搭,0.00,,6,1,text-template
7395569114871254306,暑期穿搭：清新,穿搭,0.00,,6,1,text-template
7575210694229019966,美妆-种草安利,穿搭,0.00,,6,1,text-template
7472554730724560190,早春穿搭-太温柔啦,穿搭,0.00,,6,1,text-template
7405844718514425138,超级出片,穿搭,0.00,,6,1,text-template
7493085173341375768,穿搭-无负担出行,穿搭,0.00,,6,1,text-template
7428032511034297610,单品介绍 安哥拉红卫衣,穿搭,0.00,,6,1,text-template
7667519410009328958,穿搭-情侣装推荐,穿搭,0.00,,6,1,text-template
7403022616329522451,换季衣橱更新秋日穿搭标题文字,穿搭,0.00,,6,1,text-template
7679717642177056024,OOTD,穿搭,0.00,,6,1,text-template
7392929254729649445,复古价格标签,穿搭,0.00,,6,1,text-template
7491569342740483353,可露丽穿搭标记,穿搭,0.00,,6,1,text-template
7380012203665034546,复古-美式OOTD,穿搭,0.00,,6,1,text-template
7482799776606457113,我的穿搭日记,穿搭,0.00,,6,1,text-template
7395565205104725248,暑期穿搭：暑期出游穿搭指南,穿搭,0.00,,6,1,text-template
7394854133813087515,穿搭-尺码信息参考,穿搭,0.00,,6,1,text-template
7378797536120769807,潮妹出街潮酷穿搭分享标题文字,穿搭,0.00,,6,1,text-template
7460914389835861273,超美,穿搭,0.00,,6,1,text-template
7461203993956502809,look 1,穿搭,0.00,,6,1,text-template
7404125215736777996,时髦运动风穿搭标题片头文字,穿搭,0.00,,6,1,text-template
7472569563490716952,晒晒我的春日穿搭,穿搭,0.00,,6,1,text-template
7535425600220269849,人气新品,穿搭,0.00,,6,1,text-template
7403031339949182262,玩转早秋穿搭片头标题文字,穿搭,0.00,,6,1,text-template
7491542571051797784,春夏穿搭气质+1,穿搭,0.00,,6,1,text-template
7566858877787032857,时髦又保暖,穿搭,0.00,,6,1,text-template
7544204721737764121,爆美,穿搭,0.00,,6,1,text-template
7575787281664183576,清透感,穿搭,0.00,,6,1,text-template
7403743246746160424,公主请穿这套！,穿搭,0.00,,6,1,text-template
7531132967020760382,OOTD,穿搭,0.00,,6,1,text-template
7397401718465531190,暑期穿搭：青春活力,穿搭,0.00,,6,1,text-template
7494495210580413758,穿搭Look,穿搭,0.00,,6,1,text-template
7640004067892186430,基础款百搭,穿搭,0.00,,6,1,text-template
7660030763068427545,夏日穿搭-清爽又百搭,穿搭,0.00,,6,1,text-template
7573507090069654809,爱不释手-情绪表达互动文字模板,穿搭,0.00,,6,1,text-template
7630190112802032921,购物穿搭标题,穿搭,0.00,,6,1,text-template
7461129365594705177,新年穿搭到手价标签,穿搭,0.00,,6,1,text-template
7536729438814309694,穿搭-元气满满,穿搭,0.00,,6,1,text-template
7379074550148992307,复古潮流有效穿搭,穿搭,0.00,,6,1,text-template
7376279398128946451,夏日穿搭-搭配新思路,穿搭,0.00,,6,1,text-template
7403731348998950179,Look 1 美式复古穿搭,穿搭,0.00,,6,1,text-template
7375482230153497882,潮流穿搭,穿搭,0.00,,6,1,text-template
7474523146331147544,早春穿搭元气少女,穿搭,0.00,,6,1,text-template
7400363528919452963,暑期穿搭：上衣¥100,穿搭,0.00,,6,1,text-template
7363728441151196455,穿搭-价格标签,穿搭,0.00,,6,1,text-template
7380004660058393894,复古-拼色设计,穿搭,0.00,,6,1,text-template
7646768971500277054,夏日漂亮穿搭,穿搭,0.00,,6,1,text-template
7385854311621725477,复古时尚潮流穿搭,穿搭,0.00,,6,1,text-template
7552274000513125656,穿搭-OOTD,穿搭,0.00,,6,1,text-template
7427089490482597147,港风:双十一预售,穿搭,0.00,,6,1,text-template
7480832109477793086,返潮计划,穿搭,0.00,,6,1,text-template
7552200686885145881,穿搭-搭配分享,穿搭,0.00,,6,1,text-template
7428035910803016969,去班味叠穿,穿搭,0.00,,6,1,text-template
7639983021264899353,浪漫入夏,穿搭,0.00,,6,1,text-template
7627126058852076862,夏季美衣分享,穿搭,0.00,,6,1,text-template
7376253142079409420,夏日穿搭-清新又舒适,穿搭,0.00,,6,1,text-template
7513253639683591486,今天也是有点小漂亮,穿搭,0.00,,6,1,text-template
7385858028886576422,复古时尚穿搭指南,穿搭,0.00,,6,1,text-template
7683412366687784217,早秋穿搭,穿搭,0.00,,6,1,text-template
7497350453114752318,Y2K穿-我真的爱了,穿搭,0.00,,6,1,text-template
7575793598772284697,强烈安利,穿搭,0.00,,6,1,text-template
7572758096720923929,穿搭-心动种草啦,穿搭,0.00,,6,1,text-template
7476867745892699417,春日穿搭上新,穿搭,0.00,,6,1,text-template
7394832841969896730,穿搭-青春活力感,穿搭,0.00,,6,1,text-template
7376546865900195087,复古穿搭-穿搭分享,穿搭,0.00,,6,1,text-template
7380015907248164123,复古-真的很出片,穿搭,0.00,,6,1,text-template
7575383753455832345,美妆-氛围感拉满,穿搭,0.00,,6,1,text-template
7376548030155197736,复古穿搭-斩男又斩女,穿搭,0.00,,6,1,text-template
7385859082848095525,复古时尚物品标签,穿搭,0.00,,6,1,text-template
7657154954838232345,穿搭-松弛Cleanfit穿搭风格,穿搭,0.00,,6,1,text-template
7403035334285479187,美拉德秋日穿搭关键词,穿搭,0.00,,6,1,text-template
7379065883299171594,复古潮流穿搭太酷啦,穿搭,0.00,,6,1,text-template
7496387253321878809,夏日穿搭日记,穿搭,0.00,,6,1,text-template
7379219284179832064,夏日穿搭信息分享拼贴文字,穿搭,0.00,,6,1,text-template
7646329534974790974,贴心实用,穿搭,0.00,,6,1,text-template
7378877137039707426,丁达尔穿搭拼贴文字,穿搭,0.00,,6,1,text-template
7539205415817743678,Good,穿搭,0.00,,6,1,text-template
7375542505720302858,甜酷风穿搭,穿搭,0.00,,6,1,text-template
7458194534112038169,新年穿搭巨显瘦,穿搭,0.00,,6,1,text-template
7568165720824040728,美妆-美爆了,穿搭,0.00,,6,1,text-template
7517471189787364633,多巴胺穿搭-LOOK1,穿搭,0.00,,6,1,text-template
7668238164389203262,活动-特邀嘉宾,📇人物名片,0.00,,6,1,text-template
7688641612922162494,与国同庆,📇人物名片,0.00,,6,1,text-template
7668246026356198681,活动-少儿主持人,📇人物名片,0.00,,6,1,text-template
7593000303142702360,红色人名条,📇人物名片,0.00,,6,1,text-template
7594778430969859352,商务简约风人物介绍,📇人物名片,0.00,,6,1,text-template
7594799795508743448,人物介绍,📇人物名片,0.00,,6,1,text-template
7596976658595187992,人物介绍,📇人物名片,0.00,,6,1,text-template
7594824634667928894,人物介绍,📇人物名片,0.00,,6,1,text-template
7597042980175908121,蓝色科技风人物介绍,📇人物名片,0.00,,6,1,text-template
7599978859693346073,人名条-春节,📇人物名片,0.00,,6,1,text-template
7592903565195234585,红色人名条,📇人物名片,0.00,,6,1,text-template
7593205293652184344,红色人名条,📇人物名片,0.00,,6,1,text-template
7595834919797116185,商务行政人物职位介绍,📇人物名片,0.00,,6,1,text-template
7594774135876848920,人物介绍,📇人物名片,0.00,,6,1,text-template
7627470822277467417,蓝色商务风人物介绍,📇人物名片,0.00,,6,1,text-template
7596982642726161689,人名条,📇人物名片,0.00,,6,1,text-template
7593776523069607192,综艺人物介绍,📇人物名片,0.00,,6,1,text-template
7594772880697871678,综艺感人物介绍说明,📇人物名片,0.00,,6,1,text-template
7624182155173891353,科技感商务名片人物介绍,📇人物名片,0.00,,6,1,text-template
7594780916417858840,人物介绍,📇人物名片,0.00,,6,1,text-template
7596980872621215001,人名条,📇人物名片,0.00,,6,1,text-template
7596976221074935102,人名条,📇人物名片,0.00,,6,1,text-template
7592881723357138201,红色人名条,📇人物名片,0.00,,6,1,text-template
7597020443744259352,人物介绍,📇人物名片,0.00,,6,1,text-template
7599942186649668888,人名条-春节,📇人物名片,0.00,,6,1,text-template
7595443273964096792,姓名字幕条,📇人物名片,0.00,,6,1,text-template
7593207608362749208,红色人名条,📇人物名片,0.00,,6,1,text-template
7593031628474223934,红色人名条,📇人物名片,0.00,,6,1,text-template
7594806151187860760,橘色系商务简约人物介绍,📇人物名片,0.00,,6,1,text-template
7599881765804838168,人名条,📇人物名片,0.00,,6,1,text-template
7646713599456759064,李先生-人物名片类文字模板,📇人物名片,0.00,,6,1,text-template
7618544521185463576,简约商务人物介绍,📇人物名片,0.00,,6,1,text-template
7594789935857716505,采访对话文字,📇人物名片,0.00,,6,1,text-template
7593015617184288024,红色人名条,📇人物名片,0.00,,6,1,text-template
7596984201686043928,人名条,📇人物名片,0.00,,6,1,text-template
7599889634415349017,人名条-春节,📇人物名片,0.00,,6,1,text-template
7593219251100634393,红色人名条,📇人物名片,0.00,,6,1,text-template
7594789295165115673,综艺感人物介绍,📇人物名片,0.00,,6,1,text-template
7593191106305772824,红色人名条,📇人物名片,0.00,,6,1,text-template
7592192694357855513,综艺人物出场介绍-张某某,📇人物名片,0.00,,6,1,text-template
7592194274230422808,综艺人物出场介绍-张某某,📇人物名片,0.00,,6,1,text-template
7592191965706423614,综艺人物出场介绍-张某某,📇人物名片,0.00,,6,1,text-template
7592226734456507710,综艺人物出场介绍-张某某,📇人物名片,0.00,,6,1,text-template
7592197562422316313,综艺人物出场介绍-张某某,📇人物名片,0.00,,6,1,text-template
7592219533998345534,综艺人物出场介绍-张某某,📇人物名片,0.00,,6,1,text-template
7592209045185088793,综艺人物出场介绍-张某某,📇人物名片,0.00,,6,1,text-template
7592210886320983321,综艺人物出场介绍-张某某,📇人物名片,0.00,,6,1,text-template
7250317667742010636,美食打折优惠促销复古文字模板,复古,0.00,,6,1,text-template
7436679145486208293,怀旧港风复古 花样年华,复古,0.00,,6,1,text-template
7406118756080012553,俺老孙来也,复古,0.00,,6,1,text-template
7426396579268955402,太潮啦,复古,0.00,,6,1,text-template
7480827738161712408,Y2K风格,复古,0.00,,6,1,text-template
7432963254764326183,好吃上头美食标签文字,复古,0.00,,6,1,text-template
7426397201510731045,太会穿了吧,复古,0.00,,6,1,text-template
7331595316774341907,当年情,复古,0.00,,6,1,text-template
7478661739312123160,游戏像素风-游戏启动,复古,0.00,,6,1,text-template
7430451688529464602,更具年代感,复古,0.00,,6,1,text-template
7345382909349514532,港式茶餐厅餐品标签文字,复古,0.00,,6,1,text-template
7324622625106398505,繁花风-演员名,复古,0.00,,6,1,text-template
7434729487079574834,港风-港式茶餐厅,复古,0.00,,6,1,text-template
7479066036428557630,游戏结束GAME OVER,复古,0.00,,6,1,text-template
7426393037955222793,时髦感拉满,复古,0.00,,6,1,text-template
7654923774697180441,红运当头照,复古,0.00,,6,1,text-template
7480487419842956606,闯关失败,复古,0.00,,6,1,text-template
7478544678283939096,像素新世界,复古,0.00,,6,1,text-template
7426390152819313971,搭出高级感,复古,0.00,,6,1,text-template
7345383826719378751,香港味道复古文字,复古,0.00,,6,1,text-template
7478160174025493822,创造无极限,复古,0.00,,6,1,text-template
7655702220356357401,喜结连理,复古,0.00,,6,1,text-template
7406218552069442852,一命通关,复古,0.00,,6,1,text-template
7479870903971564825,挑战任务,复古,0.00,,6,1,text-template
7480784409369693465,回到2000年,复古,0.00,,6,1,text-template
7482701767638043929,冒险开始,复古,0.00,,6,1,text-template
7345385920041995574,好好吃好好味美食探店文字,复古,0.00,,6,1,text-template
7477950799633632537,游戏玩家GAMER,复古,0.00,,6,1,text-template
7324649086014033193,台词文案电影字幕,复古,0.00,,6,1,text-template
7405585372421393675,如意金箍棒,复古,0.00,,6,1,text-template
7477891758924287294,超级BOSS,复古,0.00,,6,1,text-template
7335231532367416627,港式茶餐厅中国香港标识,复古,0.00,,6,1,text-template
7330468639306517800,港风-美食消费,复古,0.00,,6,1,text-template
7481624801371688254,快乐追剧,复古,0.00,,6,1,text-template
7325078982477614375,繁花风-地点,复古,0.00,,6,1,text-template
7486345078240185662,勇闯地下城,复古,0.00,,6,1,text-template
7479070383812087065,像素游戏-冒险之旅,复古,0.00,,6,1,text-template
7324909603915828534,繁花似锦,复古,0.00,,6,1,text-template
7677584592391425305,文字是暖色调的,复古,0.00,,6,1,text-template
7426395512607116570,超级推荐,复古,0.00,,6,1,text-template
7486330052695690521,NPC提示,复古,0.00,,6,1,text-template
7478632472226614552,游戏像素风vlog片头-旅行日记,复古,0.00,,6,1,text-template
7345383951046823180,人气套餐美食套餐标签文字,复古,0.00,,6,1,text-template
7478007261923953944,像素风游戏结束,复古,0.00,,6,1,text-template
7406116486802181413,悟空游戏,复古,0.00,,6,1,text-template
7426398114082327859,复古牛仔衣,复古,0.00,,6,1,text-template
7478109633580764441,像素风游戏攻略,复古,0.00,,6,1,text-template
7335332113807330610,港式茶餐厅标题文字,复古,0.00,,6,1,text-template
7639663484896038169,我的人性只够怜悯我自己,复古,0.00,,6,1,text-template
7325388693047479591,复古画报邮票风格金色文字,复古,0.00,,6,1,text-template
7438534087930957106,港式美食-九龙老街,复古,0.00,,6,1,text-template
7635338245861084440,生命是1棵长满可能的树,复古,0.00,,6,1,text-template
7426388123761888539,模特信息,复古,0.00,,6,1,text-template
7346476487240863014,港风探店促销特价信息,复古,0.00,,6,1,text-template
7426389281821691145,港式复古风,复古,0.00,,6,1,text-template
7426391268990700837,精准踩雷,复古,0.00,,6,1,text-template
7654960107972742425,七七事变-英雄不朽,复古,0.00,,6,1,text-template
7351373193468235034,港风复古怀旧 多标题 香港回忆录,复古,0.00,,6,1,text-template
7486336802110967064,魔力浓缩中,复古,0.00,,6,1,text-template
7478637364425051416,游戏-选择角色,复古,0.00,,6,1,text-template
7477947924584992025,新手全面攻略,复古,0.00,,6,1,text-template
7346461402644745523,港风探店茶餐厅,复古,0.00,,6,1,text-template
7405576606737009961,悟空/凡事自有定数,复古,0.00,,6,1,text-template
7591373352124796222,山花烂漫时,复古,0.00,,6,1,text-template
7436596731049037065,港式奶茶,复古,0.00,,6,1,text-template
7346486081791003954,港风探店太难吃了不推荐,复古,0.00,,6,1,text-template
7351385887827037490,港风怀旧复古 地名,复古,0.00,,6,1,text-template
7436673569326730522,怀旧港风复古 回忆录,复古,0.00,,6,1,text-template
7479060010933308697,像素游戏-汲取能量中,复古,0.00,,6,1,text-template
7335246278877613350,港式茶餐厅价格牌,复古,0.00,,6,1,text-template
7482735389141421336,未知区域,复古,0.00,,6,1,text-template
7345384754444782859,老火靓汤美食推荐标签文字,复古,0.00,,6,1,text-template
7478499956156976409,主大陆,复古,0.00,,6,1,text-template
7405562581600996646,国风黑神话-四大皆空,复古,0.00,,6,1,text-template
7351380009820359962,港风复古怀旧 字幕,复古,0.00,,6,1,text-template
7437721899427253504,《一生所爱》,复古,0.00,,6,1,text-template
7432956948905086220,好吃到爆美食情绪表达文字,复古,0.00,,6,1,text-template
7642242744341073176,长文本-诗句,复古,0.00,,6,1,text-template
7437716394290072872,经典港片,复古,0.00,,6,1,text-template
7432952050582867212,人气必吃榜美食探店标题文字,复古,0.00,,6,1,text-template
7478140662882405656,游戏-方块艺术,复古,0.00,,6,1,text-template
7489044596454968638,K.O.,复古,0.00,,6,1,text-template
7338764797594307894,港风 早茶,复古,0.00,,6,1,text-template
7437329151784127782,港式美食-经典港食,复古,0.00,,6,1,text-template
7330369470596140323,港风-美食目的地,复古,0.00,,6,1,text-template
7436676319833869605,怀旧港风复古 重温年代记忆,复古,0.00,,6,1,text-template
7250305013371768076,美食夜宵打卡店名标题霓虹文字模板,复古,0.00,,6,1,text-template
7335337194749545766,港式茶餐厅今日菜单,复古,0.00,,6,1,text-template
7677583007359700249,生活该是浪漫主义,复古,0.00,,6,1,text-template
7483436675071282457,解锁新世界,复古,0.00,,6,1,text-template
7346447342821854518,港风港式大排档美食探店,复古,0.00,,6,1,text-template
7330404796651949312,港风-美食聚集地,复古,0.00,,6,1,text-template
7346465971802033446,港风探店菜品名称,复古,0.00,,6,1,text-template
7538649547086662937,陆冲教学-正确示范,复古,0.00,,6,1,text-template
7478623203540241688,游戏-高光时刻,复古,0.00,,6,1,text-template
7406911601242049804,通过攻略 第一章,复古,0.00,,6,1,text-template
7486194804183928126,神秘传送门,复古,0.00,,6,1,text-template
7325274600189775113,香港-港风复古,复古,0.00,,6,1,text-template
7477973054224649534,像素风游戏,复古,0.00,,6,1,text-template
7338761383959366923,港风 菜单推荐,复古,0.00,,6,1,text-template
7325314066661133580,繁花风-来瓶老酒,复古,0.00,,6,1,text-template
7480789809120840985,千禧年代,复古,0.00,,6,1,text-template
7686780720051916057,复古旧纸便签字-把自己的感受永远置顶,复古,0.00,,6,1,text-template
7330421357118885155,港风-美食历史,复古,0.00,,6,1,text-template
7489047212165483801,天啊！！,复古,0.00,,6,1,text-template
7426384333017042214,复古街头,复古,0.00,,6,1,text-template
7334919177825815859,香港8090回忆,复古,0.00,,6,1,text-template
7674878506232302875,假日小碎片,复古,0.00,,6,1,text-template
7250320272232877344,哇哦香迷糊了美食情绪文字模板,复古,0.00,,6,1,text-template
7677561097968307480,很哇塞的一天,复古,0.00,,6,1,text-template
7478633309254257944,游戏-新手攻略,复古,0.00,,6,1,text-template
7432962200064560438,港式打边炉美食探店标题文字,复古,0.00,,6,1,text-template
7432964552112786751,美食名称港风标题文字,复古,0.00,,6,1,text-template
7434736794941263130,港风-好吃不贵,复古,0.00,,6,1,text-template
7477448303412579646,像素乌托邦,复古,0.00,,6,1,text-template
7434711312812363045,港风-欢迎你的到来,复古,0.00,,6,1,text-template
7436681713809476901,怀旧港风复古 影集,复古,0.00,,6,1,text-template
7674133938209672489,日常记录-路边的银杏黄了,复古,0.00,,6,1,text-template
7346447926064909580,港风港式味道标题,复古,0.00,,6,1,text-template
7351363142493949211,港风复古怀旧 多标题 怀旧收录,复古,0.00,,6,1,text-template
7335716061033057586,港式茶餐厅欢迎订购,复古,0.00,,6,1,text-template
7553165325995363609,野餐记,复古,0.00,,6,1,text-template
7482706841898716478,怪物来袭,复古,0.00,,6,1,text-template
7426399457408847130,经典百搭款,复古,0.00,,6,1,text-template
7478548800290721086,熔岩之地,复古,0.00,,6,1,text-template
7482713891361885464,隐藏通道,复古,0.00,,6,1,text-template
7436674561917209865,怀旧港风复古 号外标题,复古,0.00,,6,1,text-template
7345391116973346059,经典港式美食招牌文字,复古,0.00,,6,1,text-template
7406234150417534219,攻击伤害+1,复古,0.00,,6,1,text-template
7436671229144190235,怀旧港风复古 港野,复古,0.00,,6,1,text-template
7335704232043023642,港式美味,复古,0.00,,6,1,text-template
7405565928324255014,国风黑神话-暴击,复古,0.00,,6,1,text-template
7478659512765795646,游戏像素风-继续游戏,复古,0.00,,6,1,text-template
7250368190058908939,夏日夜宵季美食标题文字模板,复古,0.00,,6,1,text-template
7351369135462354185,港风复古怀旧 多标题 华样号,复古,0.00,,6,1,text-template
7634815477050707262,五月要听五月天,复古,0.00,,6,1,text-template
7481600212453133593,日常vlog,复古,0.00,,6,1,text-template
7478648125373205822,游戏-冒险模式,复古,0.00,,6,1,text-template
7335335123740658970,港式风味,复古,0.00,,6,1,text-template
7434716079844298034,港风-欢迎光临welcome,复古,0.00,,6,1,text-template
7479832643455028542,能量系统,复古,0.00,,6,1,text-template
7325061399724559635,繁花风-黯然销魂饭,复古,0.00,,6,1,text-template
7347215073556958474,港风港味探店标题,复古,0.00,,6,1,text-template
7330331476921208079,港风-美食标题,复古,0.00,,6,1,text-template
7478189608006847806,像素风日常记录：游戏结束？,复古,0.00,,6,1,text-template
7426392148079152393,色彩搭配法则,复古,0.00,,6,1,text-template
7335332057465343270,港式茶餐厅新店开业,复古,0.00,,6,1,text-template
7686773655572892990,旅行-去见山去见海去见鲜活滚烫的自己,复古,0.00,,6,1,text-template
7436672806097587506,怀旧港风复古 香港印象,复古,0.00,,6,1,text-template
7330432008574733608,港风-美食地道港式,复古,0.00,,6,1,text-template
7478650557322956056,游戏-第二关,复古,0.00,,6,1,text-template
7330519993840323875,港风-美食推荐,复古,0.00,,6,1,text-template
7481618516727156030,热爱生活,复古,0.00,,6,1,text-template
7530940016864906558,升职加薪,复古,0.00,,6,1,text-template
7405593016192224523,阿弥陀佛,复古,0.00,,6,1,text-template
7481182715098877208,复古流行色,复古,0.00,,6,1,text-template
7480503031876947224,闯关成功,复古,0.00,,6,1,text-template
7487993113382997273,像素大战,复古,0.00,,6,1,text-template
7475590738248633624,复古美式：music,复古,0.00,,6,1,text-template
7432956698676956428,冬季围炉食煲美食标记文字,复古,0.00,,6,1,text-template
7351676618013773066,港风复古怀旧 路牌,复古,0.00,,6,1,text-template
7345388815676165388,必吃榜美食探店标签文字,复古,0.00,,6,1,text-template
7478622424205102360,游戏像素风-快乐放映中,复古,0.00,,6,1,text-template
7347217031063751963,港风探店茶社标题字幕,复古,0.00,,6,1,text-template
7683719360158059838,落叶赴秋约，清风叙旧情,复古,0.00,,6,1,text-template
7626626883689418046,文字选取您得出人头地啊小姐,复古,0.00,,6,1,text-template
7325077379913665831,繁花风-演员名称竖排版,复古,0.00,,6,1,text-template
7477609634262486334,新手小屋,复古,0.00,,6,1,text-template
7438165562548636965,梦回1980,复古,0.00,,6,1,text-template
7488189680303770904,头号玩家,复古,0.00,,6,1,text-template
7628132491764714777,复古便签拼贴长文本,复古,0.00,,6,1,text-template
7438166565519953202,重回经典,复古,0.00,,6,1,text-template
7325307716644244755,繁花风-电视剧集数,复古,0.00,,6,1,text-template
7686727445596376345,旅行-山的风言风语会吹散职场的闲言碎语,复古,0.00,,6,1,text-template
7477883442815061272,冒险之旅,复古,0.00,,6,1,text-template
7530935913958935833,BOOMM!!,复古,0.00,,6,1,text-template
7478705735644384536,游戏像素风-loading加载中进度条,复古,0.00,,6,1,text-template
7483760105834433854,Y2K穿搭,复古,0.00,,6,1,text-template
7345392556928191783,港式餐厅探店打卡宣传文字,复古,0.00,,6,1,text-template
7351376504539991306,港风复古怀旧 多标题 花样年华,复古,0.00,,6,1,text-template
7477888893313092889,方块世界,复古,0.00,,6,1,text-template
7478358596170976537,创造模式,复古,0.00,,6,1,text-template
7478584259792620862,像素游戏复古-游戏高手,复古,0.00,,6,1,text-template
7406899460862659859,支线任务,复古,0.00,,6,1,text-template
7345387688079445287,港风茶餐厅美食探店标题文字,复古,0.00,,6,1,text-template
7406208707765275923,读取存档中,复古,0.00,,6,1,text-template
7432959293671951670,暖心又暖胃港风美食文字,复古,0.00,,6,1,text-template
7334933937908616511,简约 BE HAPPY,简约,0.00,,6,1,text-template
7400706376860716322,开学/未来可期,简约,0.00,,6,1,text-template
7619688376278732094,简约引号文字,简约,0.00,,6,1,text-template
7631975417758633241,高级感英文-DAILY VIBE,简约,0.00,,6,1,text-template
7663802842540477720,幸运,简约,0.00,,6,1,text-template
7598150131489361214,睡觉觉,简约,0.00,,6,1,text-template
7337543401623145739,简约黄色主题标题,简约,0.00,,6,1,text-template
7578801978235424025,圣诞限定,简约,0.00,,6,1,text-template
7349426683679739174,简约ins 我的一天A Day in my life,简约,0.00,,6,1,text-template
7561830264511483161,爱在深秋 情暖重阳,简约,0.00,,6,1,text-template
7349482754318290226,简约ins 礼物开箱Vlog,简约,0.00,,6,1,text-template
7676061185204227353,"Slow down, breathe.慢下来呼吸",简约,0.00,,6,1,text-template
7678318312597654846,开学后一周精神状态,简约,0.00,,6,1,text-template
7672338958407437593,云朵软乎乎的,简约,0.00,,6,1,text-template
7663448600810114329,日常-收集零碎的美好,简约,0.00,,6,1,text-template
7578398685747252505,好可爱,简约,0.00,,6,1,text-template
7561765557499088190,重阳节-九九重阳节,简约,0.00,,6,1,text-template
7631392342880062745,高级感英文-Travel diary,简约,0.00,,6,1,text-template
7436202480612019506,我的日常 周末碎片,简约,0.00,,6,1,text-template
7334915451098582313,简约 沿途的风景,简约,0.00,,6,1,text-template
7436205988362964233,我的日常 今日宅家轨迹,简约,0.00,,6,1,text-template
7669804183968812312,UI标签文字-今天today,简约,0.00,,6,1,text-template
7540604552995867928,城市漫游,简约,0.00,,6,1,text-template
7343520871262309641,简约高级海报设计春茶,简约,0.00,,6,1,text-template
7335018227824692534,简约 向往的生活,简约,0.00,,6,1,text-template
7676112008957332761,Enjoy the simple peace in life享受生活,简约,0.00,,6,1,text-template
7554967032312384792,独居日记,简约,0.00,,6,1,text-template
7598128224887033150,捏捏小猫耳,简约,0.00,,6,1,text-template
7349478329755405594,简约ins 标签 减脂蔬菜,简约,0.00,,6,1,text-template
7555036392678608190,慵懒舒适,简约,0.00,,6,1,text-template
7625037872034532670,简约手写字-祝你找到自己的频率,简约,0.00,,6,1,text-template
7557734571522084120,调皮小狗,简约,0.00,,6,1,text-template
7667550260654460184,简约- step.1写下你的心动答案,简约,0.00,,6,1,text-template
7163512739472755999,国庆plog,简约,0.00,,6,1,text-template
7576438891872488728,梦幻平安夜,简约,0.00,,6,1,text-template
7680423337025342782,记录生活,简约,0.00,,6,1,text-template
7436198958403243315,我的日常 又是美好的一天,简约,0.00,,6,1,text-template
7680470140487503128,韩系波点标签-分享日常生活,简约,0.00,,6,1,text-template
7598139486819585305,害羞,简约,0.00,,6,1,text-template
7624906111103241534,简约手写字-镜头里总有丰收,简约,0.00,,6,1,text-template
7572834895203142974,分类标签,简约,0.00,,6,1,text-template
7581669117980347673,落花时节又逢君,简约,0.00,,6,1,text-template
7561756238464421182,重阳赏菊,简约,0.00,,6,1,text-template
7663520720286436632,Daily Vlog,简约,0.00,,6,1,text-template
7218060021299514680,日式美食-FOOD,简约,0.00,,6,1,text-template
7349531374589693210,简约ins 文字框手写字,简约,0.00,,6,1,text-template
7337515364105850124,简约黄色英文单行字幕,简约,0.00,,6,1,text-template
7576216219930529048,圣诞星愿,简约,0.00,,6,1,text-template
7436207138403257638,我的日常 今日好运派送中,简约,0.00,,6,1,text-template
7335005286106762537,简约 浅浅尝试一下,简约,0.00,,6,1,text-template
7343509453452381450,简约旅行标题字幕英文标记,简约,0.00,,6,1,text-template
7343879530819357989,简约旅行涂鸦日常踏青踏春记录,简约,0.00,,6,1,text-template
7555014806223457561,宅家日记,简约,0.00,,6,1,text-template
7662286739142282521,日常-闪闪发光的日常,简约,0.00,,6,1,text-template
7216271802782256444,日式美食-小标题,简约,0.00,,6,1,text-template
7560509309042363672,九九重阳节,简约,0.00,,6,1,text-template
7538658291900157208,下午茶时光,简约,0.00,,6,1,text-template
7340922981293608233,3月来啦日期简约线条文字,简约,0.00,,6,1,text-template
7343512308523535643,简约日常生活记录标题,简约,0.00,,6,1,text-template
7631920251172572441,高级感英文-my little world,简约,0.00,,6,1,text-template
7336826043774340363,简约黑色英文字幕,简约,0.00,,6,1,text-template
7576200952433397017,圣诞嘉年华,简约,0.00,,6,1,text-template
7572669242349309208,今天好想你,简约,0.00,,6,1,text-template
7690549818091048217,恐怖派对,简约,0.00,,6,1,text-template
7400698661652417832,开学/新学期学业旺,简约,0.00,,6,1,text-template
7401043489292684544,开学/乘梦启航,简约,0.00,,6,1,text-template
7336814050266844479,简约白色英文主题字幕,简约,0.00,,6,1,text-template
7343506964095257866,简约旅行目的地字幕标记,简约,0.00,,6,1,text-template
7661878489276189976,日程安排便签,简约,0.00,,6,1,text-template
7344916327368346917,简约涂鸦春夏旅行计划,简约,0.00,,6,1,text-template
7560251969298812222,霜降-节气,简约,0.00,,6,1,text-template
7163515569591897358,生活记录 线描标题,简约,0.00,,6,1,text-template
7305052652327537932,餐品介绍标签文字,简约,0.00,,6,1,text-template
7327319377416621353,情人,简约,0.00,,6,1,text-template
7674945581390777619,好好生活 其他的交给时间,简约,0.00,,6,1,text-template
7400733545058012431,开学标题,简约,0.00,,6,1,text-template
7566253320743210265,手写字-初冬,简约,0.00,,6,1,text-template
7305041308299611431,食材便签文字模板,简约,0.00,,6,1,text-template
7575194044607876376,我有千万种热爱生活的方式,简约,0.00,,6,1,text-template
7560601571856289048,重阳,简约,0.00,,6,1,text-template
7400714295845063936,开学/开启学习模式,简约,0.00,,6,1,text-template
7336843900495121675,简约英文白色字幕,简约,0.00,,6,1,text-template
7163508484691004703,法式-粉色标题,简约,0.00,,6,1,text-template
7336819185021881639,简约红色英文主题字幕,简约,0.00,,6,1,text-template
7631414090359098648,高级感英文-enjoy life,简约,0.00,,6,1,text-template
7334922568408780043,简约 miniplog,简约,0.00,,6,1,text-template
7561831117461048638,重阳节-最美夕阳红,简约,0.00,,6,1,text-template
7400723248012414242,开学/科科都过,简约,0.00,,6,1,text-template
7343513479048924454,简约旅行日常tipe小贴士,简约,0.00,,6,1,text-template
7349432976133999922,简约ins 撸猫日记,简约,0.00,,6,1,text-template
7663416291759279385,Mini Vlog,简约,0.00,,6,1,text-template
7163505659957333285,法式-书签黄,简约,0.00,,6,1,text-template
7578486943651155224,重点提亮,简约,0.00,,6,1,text-template
7677214532766403855,"Random snaps, for ordinary days.记录生活",简约,0.00,,6,1,text-template
7436208661271285019,我的日常 我在热爱生活,简约,0.00,,6,1,text-template
7561371266826046744,重阳节：重阳,简约,0.00,,6,1,text-template
7349530736208252210,简约ins 特别推荐,简约,0.00,,6,1,text-template
7663391002492849432,生活边角日记,简约,0.00,,6,1,text-template
7672315966470278424,咖啡拉花是一只小熊,简约,0.00,,6,1,text-template
7349466433326796042,简约ins Mini Vlog,简约,0.00,,6,1,text-template
7674958844748909843,UI标签-秋天AUTUMN,简约,0.00,,6,1,text-template
7560595584155962648,霜降,简约,0.00,,6,1,text-template
7682416957148237118,长文本-问薪无愧,简约,0.00,,6,1,text-template
7566184671768399166,文艺手写-Winter Vlog,简约,0.00,,6,1,text-template
7598147735396551998,许愿日,简约,0.00,,6,1,text-template
7305055090623204671,食材箭头文字标签,简约,0.00,,6,1,text-template
7163511334640913700,法式-分享今日粉标题,简约,0.00,,6,1,text-template
7163505407829314829,法式-AM黄色小字,简约,0.00,,6,1,text-template
7343504287789649162,简约涂鸦漫步旅行片中序章,简约,0.00,,6,1,text-template
7561393185608650009,重阳节：岁岁皆平安,简约,0.00,,6,1,text-template
7561790368241437977,重阳节-重阳秋韵,简约,0.00,,6,1,text-template
7579662156379983128,新年快乐,简约,0.00,,6,1,text-template
7436198148336307483,我的日常 今日小确幸,简约,0.00,,6,1,text-template
7581467996640759064,新年-一起跨年啦,简约,0.00,,6,1,text-template
7400708572146879759,开学/你好，新同学,简约,0.00,,6,1,text-template
7668227462228200729,发光韩系日常-rainy下雨了,简约,0.00,,6,1,text-template
7683061417947434265,天使日记,简约,0.00,,6,1,text-template
7581479083180281113,新年-你好2026,简约,0.00,,6,1,text-template
7576219777903922457,圣诞节快乐 Merry Christmas,简约,0.00,,6,1,text-template
7436199913614036250,我的日常 心情很不错,简约,0.00,,6,1,text-template
7576173020679556414,MerryChristmas,简约,0.00,,6,1,text-template
7400740379529710863,开学/开心返校,简约,0.00,,6,1,text-template
7436203796553927986,我的日常 每天都值得记录,简约,0.00,,6,1,text-template
7561363610241469758,重阳节：重阳敬老,简约,0.00,,6,1,text-template
7561395899235257625,重阳节：登高赏秋,简约,0.00,,6,1,text-template
7197684855591783717,情人节-简约排版,简约,0.00,,6,1,text-template
7625156302356073753,简约手写字-那就祝我们all is well,简约,0.00,,6,1,text-template
7334919956158582055,简约 春天如期而至,简约,0.00,,6,1,text-template
7349435490136755466,简约ins 我的日常记录,简约,0.00,,6,1,text-template
7664815908350676248,新闻报道,新闻,0.00,,6,1,text-template
7626050522054724889,国内新闻-新闻类文字模板,新闻,0.00,,6,1,text-template
7163505716672597256,关注每日实时资讯,新闻,0.00,,6,1,text-template
7660854311001410841,最新资讯报道-新闻综合类文字模板,新闻,0.00,,6,1,text-template
7163511207553469733,爆料八卦新鲜出炉,新闻,0.00,,6,1,text-template
7634494225501064472,最新资讯-新闻综合类文字模板,新闻,0.00,,6,1,text-template
7163523676355235080,请注意 隆重声明,新闻,0.00,,6,1,text-template
7163560018938187045,吃瓜星娱乐,新闻,0.00,,6,1,text-template
7163506039831219469,独家访谈,新闻,0.00,,6,1,text-template
7670480741431528728,新闻热点-新闻互动综合类文字模板,新闻,0.00,,6,1,text-template
7642543375937178905,快看新闻-互动引导新闻综合类文字模板,新闻,0.00,,6,1,text-template
7575051677338815769,杀疯了,新闻,0.00,,6,1,text-template
7660935846622661912,新闻标题,新闻,0.00,,6,1,text-template
7659980118194130201,重磅突发新闻标,新闻,0.00,,6,1,text-template
7645223544347069720,名词解释-互动引导多文本文字模板,新闻,0.00,,6,1,text-template
7163527002698386695,点击查看更多,新闻,0.00,,6,1,text-template
7660140561470426393,新闻-新闻直播间,新闻,0.00,,6,1,text-template
7643650720255757593,xx称：xx遭大规模空袭,新闻,0.00,,6,1,text-template
7163530579927944456,AM7：00 今日速递,新闻,0.00,,6,1,text-template
7654951762197056830,最新资讯报道-新闻综合类文字模板,新闻,0.00,,6,1,text-template
7163510533264575757,每日更新新鲜八卦,新闻,0.00,,6,1,text-template
7660483407809367321,新闻-新闻资讯,新闻,0.00,,6,1,text-template
7660891604194184472,话筒连线新闻标,新闻,0.00,,6,1,text-template
7663435896879926553,新闻-突发事件,新闻,0.00,,6,1,text-template
7683810080961105214,最新资讯-新闻及长文本类文字模板,新闻,0.00,,6,1,text-template
7659718183372475672,新闻-播报最新消息,新闻,0.00,,6,1,text-template
7163531660426792229,动态新闻大事件,新闻,0.00,,6,1,text-template
7660546067955764504,新闻-热点速递,新闻,0.00,,6,1,text-template
7663421463889857817,新闻-点击查看详情,新闻,0.00,,6,1,text-template
7163509049412029704,新闻资讯抢先报道,新闻,0.00,,6,1,text-template
7660745950482206014,新闻-插播一条新闻,新闻,0.00,,6,1,text-template
7644808890995199257,最新资讯报道-新闻类混色风格文字模板,新闻,0.00,,6,1,text-template
7163511866700860708,内娱人有多八卦,新闻,0.00,,6,1,text-template
7573249200062991640,新闻摘要,新闻,0.00,,6,1,text-template
7658212431755513113,防灾减灾,新闻,0.00,,6,1,text-template
7672298420584942873,2025-2026累计生产,新闻,0.00,,6,1,text-template
7573268553240055102,警告,新闻,0.00,,6,1,text-template
7657163550812572952,最新资讯报道-多文本新闻综合类文字模板,新闻,0.00,,6,1,text-template
7661149514799058200,简约新闻直播条,新闻,0.00,,6,1,text-template
7664216655890763032,新闻报道界面,新闻,0.00,,6,1,text-template
7645302700493655321,现场实况报道-新闻类文字模板,新闻,0.00,,6,1,text-template
7663805533337619737,新闻互动-官方辟谣,新闻,0.00,,6,1,text-template
7163511867426491684,明星奇葩言论,新闻,0.00,,6,1,text-template
7663471340132879641,新闻-资讯直通车,新闻,0.00,,6,1,text-template
7663393830342774078,新闻-重点关注,新闻,0.00,,6,1,text-template
7546562496090524990,“赛事观察”娱乐体育解说标题类文字模板,新闻,0.00,,6,1,text-template
7163530020105850125,@用户名出品,新闻,0.00,,6,1,text-template
7669018481525837118,新闻头条-新闻综合类文字模板,新闻,0.00,,6,1,text-template
7573310476118166808,消防安全,新闻,0.00,,6,1,text-template
7667803222798617880,最新消息-标题新闻类文字模板,新闻,0.00,,6,1,text-template
7650440253467282713,一线赛事动态,新闻,0.00,,6,1,text-template
7573189634889583897,消防安全人人有责,新闻,0.00,,6,1,text-template
7668157826728135960,事件进展通报-新闻互动类文字模板,新闻,0.00,,6,1,text-template
7665701723364871449,最新资讯报道-新闻类文字模板,新闻,0.00,,6,1,text-template
7661469724433468696,新闻字幕-新媒体时代趋势,新闻,0.00,,6,1,text-template
7660260360850574617,最新消息-互动引导新闻类文字模板,新闻,0.00,,6,1,text-template
7657457082861391129,时尚前沿资讯-行业新闻综合类文字模板,新闻,0.00,,6,1,text-template
7660564082185112894,色块排版新闻标,新闻,0.00,,6,1,text-template
7634474478327598360,今日要闻（此处可替换内容...）-新闻类文,新闻,0.00,,6,1,text-template
7610327835307412761,最新资讯报道-新闻综合类文字模板,新闻,0.00,,6,1,text-template
7163512874311175460,劲爆,新闻,0.00,,6,1,text-template
7662658674493508888,新闻-热点追踪,新闻,0.00,,6,1,text-template
7620382281915649304,今日聚焦-综合新闻类文字模板,新闻,0.00,,6,1,text-template
7645665404291075353,最新资讯报道-立体字新闻类文字模板,新闻,0.00,,6,1,text-template
7574855443848367385,新闻-实况新闻记录,新闻,0.00,,6,1,text-template
7638979342835518782,最新情况通报-新闻资讯综合类文字模板,新闻,0.00,,6,1,text-template
7663023463317114136,新闻-人物介绍,新闻,0.00,,6,1,text-template
7668223841839402265,北京时间2026年7月31日...-新闻类文字模板,新闻,0.00,,6,1,text-template
7574821967870856472,新闻条-资讯报道,新闻,0.00,,6,1,text-template
7163544094772350222,娱乐圈又有大瓜,新闻,0.00,,6,1,text-template
7660176564788759833,通栏突发新闻条,新闻,0.00,,6,1,text-template
7579264521785740606,破纪录,新闻,0.00,,6,1,text-template
7659573749339082008,新闻-最新赛事,新闻,0.00,,6,1,text-template
7668240846038502681,情况通报-蓝底白字新闻综合类文字模板,新闻,0.00,,6,1,text-template
7662260569604443417,新闻-实时动态,新闻,0.00,,6,1,text-template
7660154626137738520,新闻-今日要闻,新闻,0.00,,6,1,text-template
7660778663859719448,新闻直播突发条,新闻,0.00,,6,1,text-template
7163525733514530079,我干了一个多亿,新闻,0.00,,6,1,text-template
7574924526954384665,新闻-今日新闻已为您送达,新闻,0.00,,6,1,text-template
7659398534474812696,新闻-聚焦热点,新闻,0.00,,6,1,text-template
7575119124548996377,快讯,新闻,0.00,,6,1,text-template
7163519771537870111,LIVE直击,新闻,0.00,,6,1,text-template
7573313723440532760,今日新闻,新闻,0.00,,6,1,text-template
7163517179294453000,LIVE 受访人 #朝阳群众,新闻,0.00,,6,1,text-template
7574834005825260862,时间标签-2025年12月1日星期一,新闻,0.00,,6,1,text-template
7663395430222269720,新闻-掌握最新热点,新闻,0.00,,6,1,text-template
7668623858492017944,新闻快讯-新闻标题类文字模板,新闻,0.00,,6,1,text-template
7659649873553231129,灾害预警,新闻,0.00,,6,1,text-template
7657882694239440153,热点新闻-热点新闻综合类文字模板,新闻,0.00,,6,1,text-template
7672283877443996952,累计发电超280亿千瓦时,新闻,0.00,,6,1,text-template
7625634793677409560,新闻头条-新闻类文字模板,新闻,0.00,,6,1,text-template
7667505826751483160,新闻-振兴乡村,新闻,0.00,,6,1,text-template
7663422920353598744,新闻-最新资讯,新闻,0.00,,6,1,text-template
7660356092467252505,新闻资讯标,新闻,0.00,,6,1,text-template
7642582742420737342,最新情况通报-新闻类文字模板,新闻,0.00,,6,1,text-template
7163541215038688548,局势再反转,新闻,0.00,,6,1,text-template
7650832576239635774,此处可以输入您的内容-新闻类文字模板,新闻,0.00,,6,1,text-template
7054078597916658978,红色拳头勇往直前,新闻,0.00,,6,1,text-template
7651565075588828440,新闻热点资讯报道-新闻类文字模板,新闻,0.00,,6,1,text-template
7163515638986657032,通报今日新闻,新闻,0.00,,6,1,text-template
7054078639129808162,新闻动画-黄,新闻,0.00,,6,1,text-template
7163509375649271053,最新消息,新闻,0.00,,6,1,text-template
7054078628383952143,新闻-竖红蓝,新闻,0.00,,6,1,text-template
7163529818317835557,大型修罗场,新闻,0.00,,6,1,text-template
7626382332693417278,赛事播报-世界杯运动竞技类文字模板,新闻,0.00,,6,1,text-template
7054078607286734115,新闻-横红,新闻,0.00,,6,1,text-template
7054078596750560547,新闻动画-红蓝,新闻,0.00,,6,1,text-template
7054078633131953423,新闻-竖红白,新闻,0.00,,6,1,text-template
7054078620402240783,白字红心众志成城,新闻,0.00,,6,1,text-template
7163507753766391053,姓名,新闻,0.00,,6,1,text-template
7626026605001035070,体坛快讯-世界杯竞技运动类文字模板,新闻,0.00,,6,1,text-template
7163530928315223309,水印2,新闻,0.00,,6,1,text-template
7163520228003990797,水印1,新闻,0.00,,6,1,text-template
7163508008822066468,尴尬场面合集,新闻,0.00,,6,1,text-template
7626204568539565336,世界杯快讯-世界杯体育运动竞技类文字模板,新闻,0.00,,6,1,text-template
7054078596750511395,新闻-竖红绿,新闻,0.00,,6,1,text-template
7163549086224780558,毁灭式爆料,新闻,0.00,,6,1,text-template
7054078601842527503,红金星光逆行者,新闻,0.00,,6,1,text-template
7054078607286684963,新闻-横蓝,新闻,0.00,,6,1,text-template
7163523731371937054,背后之人终于现身,新闻,0.00,,6,1,text-template
7054078653352774952,新闻-竖红黄,新闻,0.00,,6,1,text-template
7054078610818321704,红色心电图同舟共济,新闻,0.00,,6,1,text-template
7054078647199632640,新闻-横红蓝,新闻,0.00,,6,1,text-template
7163505959103483149,第xx期,新闻,0.00,,6,1,text-template
7163545491874041119,辟谣,新闻,0.00,,6,1,text-template
7163530541331991839,绝密内情曝光,新闻,0.00,,6,1,text-template
7054078600978451727,新闻-横红白,新闻,0.00,,6,1,text-template
7054078635321347363,新闻动画-蓝,新闻,0.00,,6,1,text-template
7163478639399521544,现实炸裂三观,新闻,0.00,,6,1,text-template
7649107221208419609,此处可以替换您的主要内容-新闻类文字模板,新闻,0.00,,6,1,text-template
7054078620402257167,新闻动画-红,新闻,0.00,,6,1,text-template
7648944284565097753,此处可以输入您的内容-新闻类文字模板,新闻,0.00,,6,1,text-template
7650419086396165401,世界杯-赛事回顾,新闻,0.00,,6,1,text-template
7648950768699067710,此处可以替换成您的主要内容-新闻文字模板,新闻,0.00,,6,1,text-template
7495286072973462808,夏日-向快乐出发,季节,0.00,,6,1,text-template
7607035199335107864,春日载阳,季节,0.00,,6,1,text-template
7391031703302622490,暑假出游计划,季节,0.00,,6,1,text-template
7494207161136991513,消暑大作战,季节,0.00,,6,1,text-template
7396900487661882651,夏天的味道夏日暑假怀旧复古vog标题,季节,0.00,,6,1,text-template
7575781350582586648,向快乐出发,季节,0.00,,6,1,text-template
7565184144599305497,立冬,季节,0.00,,6,1,text-template
7360546498297351475,初夏简约夏日加载中,季节,0.00,,6,1,text-template
7653088370834476312,年中拾忆,季节,0.00,,6,1,text-template
7613664702840737049,浇个朋友,季节,0.00,,6,1,text-template
7376099423492918564,健身运动跟练时间标签文字,季节,0.00,,6,1,text-template
7390306800500854079,快乐小片段,季节,0.00,,6,1,text-template
7390185680313339147,放假啦,季节,0.00,,6,1,text-template
7397284088459169050,假期余额不足提示文字怀旧复古风片头字幕,季节,0.00,,6,1,text-template
7606924560830582040,spring,季节,0.00,,6,1,text-template
7667498665539538238,你好秋天,季节,0.00,,6,1,text-template
7532787707915980056,立秋-秋意浓,季节,0.00,,6,1,text-template
7598490358204468542,今日立春,季节,0.00,,6,1,text-template
7392167849709669647,暑假余额不足涂鸦文字,季节,0.00,,6,1,text-template
7494210751071145240,续杯啦！,季节,0.00,,6,1,text-template
7579151121130720536,礼物派送中,季节,0.00,,6,1,text-template
7613595592652164376,万物更新,季节,0.00,,6,1,text-template
7599353072510307608,万物遇春醒,季节,0.00,,6,1,text-template
7385130579760581923,冰镇西瓜,季节,0.00,,6,1,text-template
7379117208074489140,夏至/美好如夏日繁盛,季节,0.00,,6,1,text-template
7494612376575282494,旅行-抵达目的地,季节,0.00,,6,1,text-template
7517959633190030616,荷香阵阵,季节,0.00,,6,1,text-template
7379107996497939747,夏至/夏日限定,季节,0.00,,6,1,text-template
7568773755422412094,冬天你好,季节,0.00,,6,1,text-template
7495312662461435161,夏日：玩转夏日,季节,0.00,,6,1,text-template
7545796718420397374,中秋佳节,季节,0.00,,6,1,text-template
7395146031144373545,暑假亲子游夏日拼贴标题文字,季节,0.00,,6,1,text-template
7377039632686468404,奔向夏天,季节,0.00,,6,1,text-template
7378834210510900515,旅游趣事简约风夏日出游日常记录标题,季节,0.00,,6,1,text-template
7495275292676738329,夏日-yohu,季节,0.00,,6,1,text-template
7377237214134127891,夏日 夏天你好,季节,0.00,,6,1,text-template
7532583685153918232,秋意浓,季节,0.00,,6,1,text-template
7491417414949768510,爆款,季节,0.00,,6,1,text-template
7583889451542334782,目的地-梅里雪山,季节,0.00,,6,1,text-template
7491490476806343998,野餐美食超级好吃,季节,0.00,,6,1,text-template
7365350212442852645,研学夏令营-惊喜价,季节,0.00,,6,1,text-template
7491496399176060222,可露丽穿搭绝美,季节,0.00,,6,1,text-template
7562273909731806489,秋叶寄相思,季节,0.00,,6,1,text-template
7596986927476428094,春日在即,季节,0.00,,6,1,text-template
7378835943878397236,夏日出行计划简约风夏日出游日常记录片头,季节,0.00,,6,1,text-template
7608159575568862489,春天的花,季节,0.00,,6,1,text-template
7385121714675404032,夏日芬芳烂漫时,季节,0.00,,6,1,text-template
7396624563624234281,暑假夏令营怀旧复古vlog片头片尾标题,季节,0.00,,6,1,text-template
7377234288435023145,夏日 THE MOMENT,季节,0.00,,6,1,text-template
7392445444623699235,打工人也要放暑假涂鸦文字,季节,0.00,,6,1,text-template
7521642200883809561,假期模式开启,季节,0.00,,6,1,text-template
7378793643164962063,夏至/夏日风物诗,季节,0.00,,6,1,text-template
7613318090843114776,植树节,季节,0.00,,6,1,text-template
7376098197610974527,健身计划day1运动文字,季节,0.00,,6,1,text-template
7389661138495065371,大暑已至 长夏未央,季节,0.00,,6,1,text-template
7571130537486847256,冬日winter,季节,0.00,,6,1,text-template
7546772151643344153,海上升明月,季节,0.00,,6,1,text-template
7364604148030967079,夏日-夏天你好,季节,0.00,,6,1,text-template
7582977769802485017,万物冬藏雪满人间,季节,0.00,,6,1,text-template
7668207346946067737,入秋备忘录,季节,0.00,,6,1,text-template
7583971101252832574,打雪仗,季节,0.00,,6,1,text-template
7571168718819069209,下雪啦,季节,0.00,,6,1,text-template
7583212780917001497,冬日来信,季节,0.00,,6,1,text-template
7370972278814706963,小清新夏日穿搭必备单品,季节,0.00,,6,1,text-template
7655736705756024088,高温预警,季节,0.00,,6,1,text-template
7378378627781643531,旅行-落日沉溺于橘色的海,季节,0.00,,6,1,text-template
7525014744999398680,冰爽,季节,0.00,,6,1,text-template
7613689665689767193,植初心 种未来,季节,0.00,,6,1,text-template
7383905813083049257,极简夏日 忽而今夏标题,季节,0.00,,6,1,text-template
7668214954385984793,秋日限定,季节,0.00,,6,1,text-template
7377236306004331817,夏日 解锁我的夏日,季节,0.00,,6,1,text-template
7389684618179398950,大暑至 蝉鸣深,季节,0.00,,6,1,text-template
7500896247985966398,盛夏光年,季节,0.00,,6,1,text-template
7378824042968665344,毕业旅行攻略简约风夏日出游日常记录片头,季节,0.00,,6,1,text-template
7599575823972044094,四季初始佳期如许,季节,0.00,,6,1,text-template
7576858609246653720,圣诞快乐,季节,0.00,,6,1,text-template
7585513126250958105,共赴初雪,季节,0.00,,6,1,text-template
7475658957185584409,一起去植树！,季节,0.00,,6,1,text-template
7613310415044545854,定格春日,季节,0.00,,6,1,text-template
7570710427424836889,今日小雪,季节,0.00,,6,1,text-template
7511361185351028030,夏至“味”至,季节,0.00,,6,1,text-template
7618531531774135576,吃遍春天美食,季节,0.00,,6,1,text-template
7392040258222804251,运动打卡成功,季节,0.00,,6,1,text-template
7546378540678286616,月满中秋,季节,0.00,,6,1,text-template
7362414717337373979,出发,季节,0.00,,6,1,text-template
7618577566353493272,春日穿搭分享,季节,0.00,,6,1,text-template
7377651469660556556,夏日 早餐记,季节,0.00,,6,1,text-template
7518454030637714713,冲浪-平衡技巧,季节,0.00,,6,1,text-template
7390965174749990154,大暑习俗赏荷花,季节,0.00,,6,1,text-template
7380924896919997750,夏日轻食光美食类标题文字,季节,0.00,,6,1,text-template
7549780173600673048,一叶知秋,季节,0.00,,6,1,text-template
7389663759972814107,大暑夏正浓,季节,0.00,,6,1,text-template
7482782445406866750,清明节,季节,0.00,,6,1,text-template
7581013673829944601,冬天暴雪预警,季节,0.00,,6,1,text-template
7545922742118567192,糖炒栗子,季节,0.00,,6,1,text-template
7378133414471322919,旅行-捕捉浪漫镜头,季节,0.00,,6,1,text-template
7525049147519503678,冰爽来袭,季节,0.00,,6,1,text-template
7491881092966944025,夏日出游,季节,0.00,,6,1,text-template
7575784811516693822,冬日有温度,季节,0.00,,6,1,text-template
7392171337571110179,热并快乐着夏天情绪涂鸦文字,季节,0.00,,6,1,text-template
7492343636382895385,夏天的风,季节,0.00,,6,1,text-template
7477912687242956057,浇个朋友,季节,0.00,,6,1,text-template
7376097879804464396,夏日健身目标潮酷文字,季节,0.00,,6,1,text-template
7519180250786336025,热浪来袭,季节,0.00,,6,1,text-template
7535167614704962840,秋意浓,季节,0.00,,6,1,text-template
7494540437059865880,小众路线推荐文字模版,季节,0.00,,6,1,text-template
7365353115568196874,研学夏令营-小勇士挑战记,季节,0.00,,6,1,text-template
7492336884740295998,夏日vlog,季节,0.00,,6,1,text-template
7589620917559659801,大寒,季节,0.00,,6,1,text-template
7364298725767908643,夏日/徒步/地点,季节,0.00,,6,1,text-template
7546897479263096089,电商-预售开启,季节,0.00,,6,1,text-template
7660140245752794392,夏日出游,季节,0.00,,6,1,text-template
7589694646092172568,加油,季节,0.00,,6,1,text-template
7590799366160633150,大寒（终章有暖）,季节,0.00,,6,1,text-template
7371120979201871131,山水万程 皆要好运,季节,0.00,,6,1,text-template
7572501372462026008,小雪冬日节气,季节,0.00,,6,1,text-template
7378359251703532811,旅行-美食饮品橘子冰茶,季节,0.00,,6,1,text-template
7511408422118739225,夏至是一场花事,季节,0.00,,6,1,text-template
7527743842322435353,夏日美妆海盐汽水妆容,季节,0.00,,6,1,text-template
7527236397200346430,冲浪去,季节,0.00,,6,1,text-template
7477245657414241560,一起去植树,季节,0.00,,6,1,text-template
7618547243796401470,打卡春天,季节,0.00,,6,1,text-template
7581141197708758297,今日小雪,季节,0.00,,6,1,text-template
7607507810917698841,春暖花开,季节,0.00,,6,1,text-template
7618610053402283289,春日唤醒,季节,0.00,,6,1,text-template
7390267240953777420,一箩筐的小开心,季节,0.00,,6,1,text-template
7389650744103669043,暑期出行宝藏城市推荐,季节,0.00,,6,1,text-template
7532731751735545113,奶茶-立秋第一杯,季节,0.00,,6,1,text-template
7548479059878022462,日常记录-city walk,季节,0.00,,6,1,text-template
7564963495146671385,立冬-冬韵渐寒,季节,0.00,,6,1,text-template
7462947292534885657,哪吒贰魔童闹海,哪吒,0.00,,6,1,text-template
7462285106900765976,魔童闹海,哪吒,0.00,,6,1,text-template
7462290883451604249,丙丙有礼,哪吒,0.00,,6,1,text-template
7462303169389874457,哪吒大年初一风火开年,哪吒,0.00,,6,1,text-template
7462391248708586814,敖丙献瑞,哪吒,0.00,,6,1,text-template
7462296095662689561,哪吒-风火闯世界,哪吒,0.00,,6,1,text-template
7462295040828738841,哪吒台词,哪吒,0.00,,6,1,text-template
7462288239433567550,你打我撒,哪吒,0.00,,6,1,text-template
7462300550248385816,哪吒:血洗陈塘关,哪吒,0.00,,6,1,text-template
7462286984166509848,哪吒血洗陈陈塘关,哪吒,0.00,,6,1,text-template
7462286189152980248,哪吒送福,哪吒,0.00,,6,1,text-template
7462289319257197848,哪吒-魔童闹海 电影主题,哪吒,0.00,,6,1,text-template
7462948914002922776,哪吒藕粉,哪吒,0.00,,6,1,text-template
7462303272720796990,哪吒-少年似火 何惧风浪,哪吒,0.00,,6,1,text-template
7462293520980905241,哪吒-闹新春,哪吒,0.00,,6,1,text-template
7462296892056112409,哪吒吒言吒语,哪吒,0.00,,6,1,text-template
7462290041537137982,豹厉害!,哪吒,0.00,,6,1,text-template
7462292216971529534,哪吒:天庭反骨仔,哪吒,0.00,,6,1,text-template
7462294350576291096,哪吒-战无不胜,哪吒,0.00,,6,1,text-template
7462303163211795736,哪吒:我活不活无所谓我只要你死,哪吒,0.00,,6,1,text-template
7462975454497197337,新年全家笑吒吒,哪吒,0.00,,6,1,text-template
7462295520019713305,哪吒-东海之战,哪吒,0.00,,6,1,text-template
7462294855163694361,为吒撑腰,哪吒,0.00,,6,1,text-template
7462335875108769086,小爷要闹了,哪吒,0.00,,6,1,text-template
7462346929981148478,哪吒:快乐看哪吒热闹过新年,哪吒,0.00,,6,1,text-template
7462289042621779262,哪吒:还吃收你们来了,哪吒,0.00,,6,1,text-template
7462293358820494654,哪吒-丙丙有礼,哪吒,0.00,,6,1,text-template
7462286487531506968,哪吒天庭反骨仔,哪吒,0.00,,6,1,text-template
7462295426033765657,哪吒-我命由我不由天,哪吒,0.00,,6,1,text-template
7462291624752713022,哪吒:我命由我不由天,哪吒,0.00,,6,1,text-template
7462938519401565464,哪吒:哪吒贰魔童闹海,哪吒,0.00,,6,1,text-template
7462282795226893592,哪吒逆天改命,哪吒,0.00,,6,1,text-template
7462296892056177945,哪吒:气笑了,哪吒,0.00,,6,1,text-template
7462297727951539518,哪吒-逆天而行,哪吒,0.00,,6,1,text-template
7462284170639969560,哪吒好运吒到,哪吒,0.00,,6,1,text-template
7462430168229989656,觉醒之战,哪吒,0.00,,6,1,text-template
7462284577319537944,哪吒:打破成见做自己的英雄,哪吒,0.00,,6,1,text-template
7462302453829209368,哪吒-魔童闹海,哪吒,0.00,,6,1,text-template
7462288239437696318,哪吒:大年初一风火开年,哪吒,0.00,,6,1,text-template
7462288303421869374,哪吒:打架我最擅长了,哪吒,0.00,,6,1,text-template
7462289211887127833,哪吒盘龙冰锤,哪吒,0.00,,6,1,text-template
7462294110867787032,哪吒-全家笑吒吒,哪吒,0.00,,6,1,text-template
7462327583695244606,新春快乐,哪吒,0.00,,6,1,text-template
7462980602682330393,哪吒:魔童归来,哪吒,0.00,,6,1,text-template
7462332520634518846,哪吒三太子,哪吒,0.00,,6,1,text-template
7462291272305331518,风火开年,哪吒,0.00,,6,1,text-template
7462293446343249177,哪吒-热血沸腾,哪吒,0.00,,6,1,text-template
7462289336889888024,哪吒喊话,哪吒,0.00,,6,1,text-template
7462295877747658046,哪吒-过年啦,哪吒,0.00,,6,1,text-template
7462293369734106430,全家笑吒吒,哪吒,0.00,,6,1,text-template
7462971945240268057,哪吒:少年似火何惧风浪,哪吒,0.00,,6,1,text-template
7462298819909619006,哪吒:搞忘放盐了,哪吒,0.00,,6,1,text-template
7462291040628641049,哪吒-包你发大财,哪吒,0.00,,6,1,text-template
7462288705827573054,藕霸归来,哪吒,0.00,,6,1,text-template
7363332119487188243,母亲节-彼此陪伴,亲子,0.00,,6,1,text-template
7367990307595619584,儿童节/so cute,亲子,0.00,,6,1,text-template
7544936696228564249,萌化了,亲子,0.00,,6,1,text-template
7298688365921144076,亲子-游玩路线,亲子,0.00,,6,1,text-template
7383730875847970085,亲子-叮咚发送可爱,亲子,0.00,,6,1,text-template
7625625901593808153,遛娃VLOG,亲子,0.00,,6,1,text-template
7383742574055394610,亲子-萌娃日常,亲子,0.00,,6,1,text-template
7361005487279656219,母亲节以爱之名标题,亲子,0.00,,6,1,text-template
7626810320862039320,人类幼崽,亲子,0.00,,6,1,text-template
7363326365686467879,母亲节-妈妈，我爱你,亲子,0.00,,6,1,text-template
7365776509837069583,儿童节/快乐无敌,亲子,0.00,,6,1,text-template
7365826357361708328,儿童节/快乐allin,亲子,0.00,,6,1,text-template
7397667312179875109,萌宠 新手养猫攻略,亲子,0.00,,6,1,text-template
7365342494818635034,我的满分老爸,亲子,0.00,,6,1,text-template
7559798556282932504,小公举,亲子,0.00,,6,1,text-template
7564245115833928984,萌娃-记录成长,亲子,0.00,,6,1,text-template
7368845702996266249,儿童节 礼物拆箱 标题,亲子,0.00,,6,1,text-template
7544408721284369726,小公举,亲子,0.00,,6,1,text-template
7369088198040964362,不想长大,亲子,0.00,,6,1,text-template
7367999538692361487,儿童节/出来玩儿,亲子,0.00,,6,1,text-template
7361001686296546570,母亲节永远最好的妈妈bestmom,亲子,0.00,,6,1,text-template
7542717905662659865,人类幼崽的日常,亲子,0.00,,6,1,text-template
7576206378398649662,一起比耶,亲子,0.00,,6,1,text-template
7570956579835514136,啊啊啊,亲子,0.00,,6,1,text-template
7576177278451830041,贴贴,亲子,0.00,,6,1,text-template
7645182874395659544,彩虹气泡框,亲子,0.00,,6,1,text-template
7576153880103259416,快乐加倍,亲子,0.00,,6,1,text-template
7298637285317168425,亲子-九点起床,亲子,0.00,,6,1,text-template
7363336310360182028,母亲节,亲子,0.00,,6,1,text-template
7626767057035726142,萌娃来袭,亲子,0.00,,6,1,text-template
7298643879635471679,亲子-一起去探险,亲子,0.00,,6,1,text-template
7586690047936777534,萌娃来袭,亲子,0.00,,6,1,text-template
7583374962908728601,麻麻酱,亲子,0.00,,6,1,text-template
7570898929483631934,高萌预警,亲子,0.00,,6,1,text-template
7315353794580090122,亲子 宝贝成长日记,亲子,0.00,,6,1,text-template
7614445282469662014,超治愈,亲子,0.00,,6,1,text-template
7395506251154623753,萌宠-太可爱啦,亲子,0.00,,6,1,text-template
7570972288586108184,可爱爆表,亲子,0.00,,6,1,text-template
7645225910689418521,可爱值加载,亲子,0.00,,6,1,text-template
7370144292733455635,父亲节-爸爸我爱你,亲子,0.00,,6,1,text-template
7365138626906311986,老爸辛苦了,亲子,0.00,,6,1,text-template
7590700130668563736,寒假班开课啦,亲子,0.00,,6,1,text-template
7366204947358043429,可爱营业,亲子,0.00,,6,1,text-template
7559847455064362264,超可爱,亲子,0.00,,6,1,text-template
7366814710731230498,儿童节-你最可爱,亲子,0.00,,6,1,text-template
7383724509888531722,亲子-最靓的仔,亲子,0.00,,6,1,text-template
7626413346681687321,亲子vlog,亲子,0.00,,6,1,text-template
7626925155360460056,亲子互动,亲子,0.00,,6,1,text-template
7368854771580554559,儿童节快乐起飞,亲子,0.00,,6,1,text-template
7550202643679808830,国庆带娃游,亲子,0.00,,6,1,text-template
7362054651413318975,漂亮妈咪母亲节爱心标签文字,亲子,0.00,,6,1,text-template
7301635196883881235,亲子 育儿 晒娃 宝宝成长日记,亲子,0.00,,6,1,text-template
7441530709082164531,宠物 软萌萌的一天,亲子,0.00,,6,1,text-template
7645227388468514110,亲子时光,亲子,0.00,,6,1,text-template
7614421581196102937,萌妹纸,亲子,0.00,,6,1,text-template
7627141519496989977,成长足迹,亲子,0.00,,6,1,text-template
7586665330446159129,亲子vlog,亲子,0.00,,6,1,text-template
7366810078705470735,儿童节-回归童真,亲子,0.00,,6,1,text-template
7363645545509948710,世上只有妈妈好,亲子,0.00,,6,1,text-template
7544392556268981566,超可爱,亲子,0.00,,6,1,text-template
7365158248430800137,父亲节炫父,亲子,0.00,,6,1,text-template
7586705618828971326,开心耶,亲子,0.00,,6,1,text-template
7366253292734663988,时光在变爱你不变,亲子,0.00,,6,1,text-template
7586693018174917912,快乐开挂,亲子,0.00,,6,1,text-template
7369039103565761855,儿童节萌萌哒,亲子,0.00,,6,1,text-template
7614806012293303577,撸猫日常,亲子,0.00,,6,1,text-template
7580774568218922265,萌晕了,亲子,0.00,,6,1,text-template
7365821494959557923,儿童节/我最大,亲子,0.00,,6,1,text-template
7366127248379874586,父爱如山,亲子,0.00,,6,1,text-template
7569118893164449048,萌宝-大手拉小手,亲子,0.00,,6,1,text-template
7440798675095358729,专属回忆,亲子,0.00,,6,1,text-template
7315343546054118706,亲子 记录成长,亲子,0.00,,6,1,text-template
7563585409750453566,可可爱爱,亲子,0.00,,6,1,text-template
7440802600158530826,儿时的味道,亲子,0.00,,6,1,text-template
7614494605408488766,萌萌哒,亲子,0.00,,6,1,text-template
7369148870250482956,儿童节祖国的花朵,亲子,0.00,,6,1,text-template
7383744436427181322,亲子-今日份可爱值+1,亲子,0.00,,6,1,text-template
7363343553604390156,感恩母亲节,亲子,0.00,,6,1,text-template
7369926084856433931,儿童节-祖国的花朵,亲子,0.00,,6,1,text-template
7546123712970362136,搞笑日常,亲子,0.00,,6,1,text-template
7369801571481275659,父亲节-致敬父爱,亲子,0.00,,6,1,text-template
7397741166013320499,萌宠 毛孩子成长记 彩色可爱,亲子,0.00,,6,1,text-template
7570935651349269822,超可爱,亲子,0.00,,6,1,text-template
7614458923365551384,萌宠成长记,亲子,0.00,,6,1,text-template
7581179875848031550,可爱营业,亲子,0.00,,6,1,text-template
7365133303852092722,我的超人,亲子,0.00,,6,1,text-template
7383736480369265970,亲子-开启晒娃模式,亲子,0.00,,6,1,text-template
7569103996883995966,萌宝-太可爱啦,亲子,0.00,,6,1,text-template
7365329782935915786,爸宝女,亲子,0.00,,6,1,text-template
7579551150341410072,萌娃-萌,亲子,0.00,,6,1,text-template
7397637785118641418,萌宠日常 彩色可爱花字,亲子,0.00,,6,1,text-template
7368790336509889842,儿童节永远可爱,亲子,0.00,,6,1,text-template
7363337323167239436,母亲节-Mother's Day,亲子,0.00,,6,1,text-template
7397745100111105307,萌宠 傲娇小公主 女孩,亲子,0.00,,6,1,text-template
7614420765412199742,高萌预警,亲子,0.00,,6,1,text-template
7627099531020389657,太可爱啦,亲子,0.00,,6,1,text-template
7546111736252943678,一键召唤,亲子,0.00,,6,1,text-template
7440804592478178569,跳皮筋,亲子,0.00,,6,1,text-template
7368677153518439730,父亲节父爱如山,亲子,0.00,,6,1,text-template
7298980219258490175,亲子-耶！好开心,亲子,0.00,,6,1,text-template
7365467478526348559,儿童节快乐/英文,亲子,0.00,,6,1,text-template
7368014755958656308,儿童节/滚动祝福,亲子,0.00,,6,1,text-template
7361331243591470372,母亲节 我爱妈妈,亲子,0.00,,6,1,text-template
7580776048594373950,超可爱,亲子,0.00,,6,1,text-template
7369873848356916491,父亲节-谢谢爸爸,亲子,0.00,,6,1,text-template
7552758114760527129,萌化了,亲子,0.00,,6,1,text-template
7383719557241785610,亲子-萌萌哒,亲子,0.00,,6,1,text-template
7657745986957282622,亲子打卡,亲子,0.00,,6,1,text-template
7546088280350215449,麻麻酱,亲子,0.00,,6,1,text-template
7539099154908286233,亲子-记录标签,亲子,0.00,,6,1,text-template
7563579057955261720,萌化了,亲子,0.00,,6,1,text-template
7563579835407240510,我和我的猫,亲子,0.00,,6,1,text-template
7366139370576940323,儿童节/童心不变,亲子,0.00,,6,1,text-template
7365452375659679010,儿童节快乐,亲子,0.00,,6,1,text-template
7315350692258975013,亲子 一起出来玩,亲子,0.00,,6,1,text-template
7298632661264862518,亲子-户外草地游园会,亲子,0.00,,6,1,text-template
7577423513053695256,萌宠-超可爱,亲子,0.00,,6,1,text-template
7397751680114101542,萌宠 男孩纸 性别男孩子谐音,亲子,0.00,,6,1,text-template
7624901117813460248,今天是一枚超开心的小宝,亲子,0.00,,6,1,text-template
7559062122026716440,亲子日记,亲子,0.00,,6,1,text-template
7626748803621850430,和孩子一起长大,亲子,0.00,,6,1,text-template
7440804051354275082,冰棒5毛1根,亲子,0.00,,6,1,text-template
7298682898675207487,亲子-一起去玩耍,亲子,0.00,,6,1,text-template
7569084624706735385,萌宝-趣味互动,亲子,0.00,,6,1,text-template
7559075263125048638,萌娃成长记,亲子,0.00,,6,1,text-template
7645222388266798360,萌娃日常,亲子,0.00,,6,1,text-template
7539100026660965657,亲子-无忧童心,亲子,0.00,,6,1,text-template
7440799984657632538,好好吃,亲子,0.00,,6,1,text-template
7626779912451706174,可可爱爱,亲子,0.00,,6,1,text-template
7383685108882033970,亲子-Enjoy亲子时光,亲子,0.00,,6,1,text-template
7363328324728409398,母亲节-致敬母爱,亲子,0.00,,6,1,text-template
7383681806656195849,亲子-宝贝成长日记,亲子,0.00,,6,1,text-template
7440803208953335090,致我们逝去的童年,亲子,0.00,,6,1,text-template
7440799239074008358,经典怀旧,亲子,0.00,,6,1,text-template
7397670144178179337,萌宠 超可爱 彩色卡通花字,亲子,0.00,,6,1,text-template
7369848293108600083,父亲节-岁月无痕 父爱有迹,亲子,0.00,,6,1,text-template
7614480172590337304,高光时刻,亲子,0.00,,6,1,text-template
7645236315314720025,可爱加倍,亲子,0.00,,6,1,text-template
7569116254754360601,萌宝-抓周仪式,亲子,0.00,,6,1,text-template
7315348647166709043,亲子 向快乐出发,亲子,0.00,,6,1,text-template
7566456456904576280,软fufu,亲子,0.00,,6,1,text-template
7365805849224187151,儿童节/超开心,亲子,0.00,,6,1,text-template
7298637051866402084,亲子-可可爱爱,亲子,0.00,,6,1,text-template
7440796626823826739,8090童年小卖部,亲子,0.00,,6,1,text-template
7614418374222957848,可爱到犯规,亲子,0.00,,6,1,text-template
7361004893047409929,母亲节快乐英文标题,亲子,0.00,,6,1,text-template
7368681407951981851,父亲节最帅老爸徽章标签,亲子,0.00,,6,1,text-template
7441524347090636058,宠物 软萌担当,亲子,0.00,,6,1,text-template
7233739340441013541,6.1童真时光机,亲子,0.00,,6,1,text-template
7236270810091080960,温暖亲子 可爱开心 亲子日记 字幕标题,亲子,0.00,,6,1,text-template
7233414372285107467,被表扬啦可爱亲子文字模板,亲子,0.00,,6,1,text-template
7236629095411371275,找礼物,亲子,0.00,,6,1,text-template
7361289682463886603,母亲节-英文,亲子,0.00,,6,1,text-template
7233737842218765624,6.1童年那些事儿,亲子,0.00,,6,1,text-template
7350258532714810643,亲子-开心晒娃,亲子,0.00,,6,1,text-template
7236978153409776899,小宝贝睡着啦亲子文字模板,亲子,0.00,,6,1,text-template
7234104077808897341,6.1情绪词超级棒,亲子,0.00,,6,1,text-template
7310881738824191271,亲亲宝贝啾咪对话框文字,亲子,0.00,,6,1,text-template
7243802552515448125,宝贝一起出去玩啦！ 亲子,亲子,0.00,,6,1,text-template
7236270325355318563,温暖亲子 可爱开心 想出去玩 情绪字幕,亲子,0.00,,6,1,text-template
7315398871818063116,保持童心,亲子,0.00,,6,1,text-template
7315367172719512868,育儿 亲子 涂鸦 字幕,亲子,0.00,,6,1,text-template
7315350214120869171,亲子 周末快乐时光,亲子,0.00,,6,1,text-template
7350253856502172991,亲子-好好陪伴慢慢长大,亲子,0.00,,6,1,text-template
7301592109482544420,亲子萌娃宝宝成长日记,亲子,0.00,,6,1,text-template
7233747497150074149,6.1情绪词人类幼崽太可爱啦,亲子,0.00,,6,1,text-template
7233415374740442400,我是乖宝宝亲子文字模板,亲子,0.00,,6,1,text-template
7304202356474809651,亲子A6-日记标题,亲子,0.00,,6,1,text-template
7235984039478381828,六一儿童节,亲子,0.00,,6,1,text-template
7236269614861241634,温暖亲子 可爱开心 亲亲 情绪字幕,亲子,0.00,,6,1,text-template
7350264616024427812,亲子-萌萌哒,亲子,0.00,,6,1,text-template
7304200159989206310,亲子A7-运动双标题,亲子,0.00,,6,1,text-template
7350268740270951719,亲子-宝贝成长日记,亲子,0.00,,6,1,text-template
7310882879137991948,遛娃日常亲子vlog文字标题,亲子,0.00,,6,1,text-template
7233736518865571109,6.1致童年,亲子,0.00,,6,1,text-template
7233729383335202109,6.1童心未泯,亲子,0.00,,6,1,text-template
7301592308737117451,萌娃亲哭唧唧,亲子,0.00,,6,1,text-template
7310884383047568651,我的小棉袄宝贝介绍箭头文字,亲子,0.00,,6,1,text-template
7233738040588389689,6.1 24小时保持可爱,亲子,0.00,,6,1,text-template
7541453278668901657,萌娃搞笑日常,亲子,0.00,,6,1,text-template
7361334289591569727,母亲节-最美的妈妈,亲子,0.00,,6,1,text-template
7233412417894599968,好可爱情绪文字模板,亲子,0.00,,6,1,text-template
7244560640273108281,孩子的童年很短 请用爱的小事去填满,亲子,0.00,,6,1,text-template
7301591933170830611,亲子萌娃奖励小花,亲子,0.00,,6,1,text-template
7367930118565645594,新中式水墨风人间五月天,新中式,0.00,,6,1,text-template
7672273584080997657,鹊桥渡星河，今夕共朝夕,新中式,0.00,,6,1,text-template
7406004000065113370,国风-大王叫我来巡山,新中式,0.00,,6,1,text-template
7543214280477347096,中元节,新中式,0.00,,6,1,text-template
7369978872181411106,凉茶伴夏,新中式,0.00,,6,1,text-template
7406198158683901247,悟空/万物皆空,新中式,0.00,,6,1,text-template
7544177243979779353,月是故乡明,新中式,0.00,,6,1,text-template
7495730036990004504,立夏-夏始,新中式,0.00,,6,1,text-template
7368763965922446619,新中式水墨风小满字幕,新中式,0.00,,6,1,text-template
7405974812704738598,国风-俺老孙去也,新中式,0.00,,6,1,text-template
7384325081834507547,国风音乐-古筝演奏高山流水,新中式,0.00,,6,1,text-template
7405975717026008370,国风-四大皆空,新中式,0.00,,6,1,text-template
7369030428277116160,古风诗句,新中式,0.00,,6,1,text-template
7369594541231410447,夏色弥深,新中式,0.00,,6,1,text-template
7576145308145487128,大道至简,新中式,0.00,,6,1,text-template
7498666507732520254,穿搭：新中式穿搭,新中式,0.00,,6,1,text-template
7369600089301536040,共赴春深  共赴悬夏,新中式,0.00,,6,1,text-template
7498672248107257113,穿搭：东方韵味,新中式,0.00,,6,1,text-template
7576158883698199833,节目标题,新中式,0.00,,6,1,text-template
7685603129160846654,国风-万事胜意,新中式,0.00,,6,1,text-template
7367926311223872806,新中式水墨风小满节气标题,新中式,0.00,,6,1,text-template
7384326751947656486,国风音乐-梦回长安,新中式,0.00,,6,1,text-template
7367933191727910195,新中式水墨风花开半夏小满即安字幕,新中式,0.00,,6,1,text-template
7656063167495163198,金玉盈门财源广,新中式,0.00,,6,1,text-template
7405994189185404169,国风-斗战胜佛,新中式,0.00,,6,1,text-template
7367941124348054835,新中式水墨风人生小满,新中式,0.00,,6,1,text-template
7384365043397299507,国风音乐-主题国风音乐节,新中式,0.00,,6,1,text-template
7367937734813551881,新中式水墨风小满即圆满标题字幕,新中式,0.00,,6,1,text-template
7369224420377775375,窗竹影摇,新中式,0.00,,6,1,text-template
7367929345681214747,新中式水墨风小得盈满标题,新中式,0.00,,6,1,text-template
7690636473346870553,护肤教程,新中式,0.00,,6,1,text-template
7405985804507450675,国风-西游记,新中式,0.00,,6,1,text-template
7495357495490333976,立夏,新中式,0.00,,6,1,text-template
7406686906882313523,国风-齐天大圣,新中式,0.00,,6,1,text-template
7369029061621861667,荷花微漾,新中式,0.00,,6,1,text-template
7405974500191309093,国风-阿弥陀佛,新中式,0.00,,6,1,text-template
7544713704055672126,中元节-七月十五中元夜话,新中式,0.00,,6,1,text-template
7672285471128538430,乞巧节,新中式,0.00,,6,1,text-template
7582852190000418072,新年春联右联,新中式,0.00,,6,1,text-template
7564342395731463449,静候时光的温柔以待,新中式,0.00,,6,1,text-template
7369604946959879424,小扇引微凉,新中式,0.00,,6,1,text-template
7543602280319257880,中元节-民俗故事,新中式,0.00,,6,1,text-template
7369973334609595683,仲夏至,新中式,0.00,,6,1,text-template
7367943335295651122,新中式水墨风小满暖洋洋情绪表达,新中式,0.00,,6,1,text-template
7406683530652175626,国风-悟空,新中式,0.00,,6,1,text-template
7659427992644455704,别想PUA我根本听不懂,气泡,0.00,,6,1,text-template
7660043890325540121,2块钱的香敢许两千万的愿,气泡,0.00,,6,1,text-template
7659609886006955288,我命里缺钱但多戏,气泡,0.00,,6,1,text-template
7668123691988946200,气泡框语录-天空你是否知晓一切,气泡,0.00,,6,1,text-template
7575806080236834072,新闻类-科普栏,气泡,0.00,,6,1,text-template
7661815417110973720,拒绝摆烂,气泡,0.00,,6,1,text-template
7659236818939890968,少问自己为什么多问别人凭什么,气泡,0.00,,6,1,text-template
7576147322606849304,节日习俗,气泡,0.00,,6,1,text-template
7662024138445524248,简直绝了,气泡,0.00,,6,1,text-template
7659401127292800281,好可爱,气泡,0.00,,6,1,text-template
7163550448786427149,订阅-惊讶,气泡,0.00,,6,1,text-template
7573296984224992536,毛绒对话框,气泡,0.00,,6,1,text-template
7054078615666920704,白色像素气泡腮红试色,气泡,0.00,,6,1,text-template
7663397445417651480,Summer End,气泡,0.00,,6,1,text-template
7163524304859139335,蓝色文本框,气泡,0.00,,6,1,text-template
7090496798053141800,爆炸必点菜单,气泡,0.00,,6,1,text-template
7661583205195271449,漫画风-纳尼,气泡,0.00,,6,1,text-template
7662050606877740312,漫画风-冲鸭,气泡,0.00,,6,1,text-template
7163507043163327781,综艺想象框,气泡,0.00,,6,1,text-template
7090497777775562025,哇哦～,气泡,0.00,,6,1,text-template
7573258536294075710,提问,气泡,0.00,,6,1,text-template
7572287126780398872,好累情绪弹出气泡框文字,气泡,0.00,,6,1,text-template
7662364895392058686,漫画风-震惊,气泡,0.00,,6,1,text-template
7090564354545913103,通用标题4,气泡,0.00,,6,1,text-template
7661840805748919614,离谱,气泡,0.00,,6,1,text-template
7090564354545945871,必点菜,气泡,0.00,,6,1,text-template
7668564496952184088,哈哈哈,气泡,0.00,,6,1,text-template
7669690125093178649,vlog气泡框-我小而珍贵的一天,气泡,0.00,,6,1,text-template
7054078628384050447,白色综艺气泡拭目以待,气泡,0.00,,6,1,text-template
7663917451477945624,哇塞,气泡,0.00,,6,1,text-template
7659589403550977304,慢慢急不要来,气泡,0.00,,6,1,text-template
7662709726161128766,漫画风-OMG,气泡,0.00,,6,1,text-template
7668121281841220888,UI风日常-好开心吖,气泡,0.00,,6,1,text-template
7054078628384066831,弹窗按钮动画删除记忆,气泡,0.00,,6,1,text-template
7250068916762873147,综艺风美食探店小标题标记优惠价格文字,气泡,0.00,,6,1,text-template
7054078619437501711,红色气泡游戏机,气泡,0.00,,6,1,text-template
7090501132275027200,气泡标签左,气泡,0.00,,6,1,text-template
7054078604346445090,音乐播放1,气泡,0.00,,6,1,text-template
7054078635321330979,白色加载中新年运气,气泡,0.00,,6,1,text-template
7054078628383968527,标签气泡-黑,气泡,0.00,,6,1,text-template
7054078652559936803,手机弹窗1,气泡,0.00,,6,1,text-template
7054078601842478351,弹窗按钮动画星星碎掉了,气泡,0.00,,6,1,text-template
7054078650806783273,手机弹窗2,气泡,0.00,,6,1,text-template
7054078613779516712,电脑弹窗动画,气泡,0.00,,6,1,text-template
7054078600059817251,粉色港漫弹窗ready for 2021,气泡,0.00,,6,1,text-template
7054078609060842793,气泡动画1,气泡,0.00,,6,1,text-template
7054078639129791778,粉色气泡芝士蛋糕,气泡,0.00,,6,1,text-template
7227091621999938876,欧美文字 社交媒体 对话框,气泡,0.00,,6,1,text-template
7227092008022576442,欧美文字 社交媒体 对话框,气泡,0.00,,6,1,text-template
7054078611950783779,标签气泡-绿,气泡,0.00,,6,1,text-template
7163514345354267912,超推荐 纸质气泡标签,气泡,0.00,,6,1,text-template
7054078635321396515,气泡动画-放大4,气泡,0.00,,6,1,text-template
7163501177282333982,方形印章,气泡,0.00,,6,1,text-template
7054078611950718243,气泡动画-闪烁3,气泡,0.00,,6,1,text-template
7054078599061589263,标签气泡-黑2,气泡,0.00,,6,1,text-template
7054078596750593315,标签气泡-白,气泡,0.00,,6,1,text-template
7054078638169328937,绿色综艺气泡NICE,气泡,0.00,,6,1,text-template
7248163818751167779,美食 NO.1 情绪氛围综艺感字幕标签,气泡,0.00,,6,1,text-template
7054078617604721954,气泡动画-闪烁2,气泡,0.00,,6,1,text-template
7054078597916560674,黑色系统弹窗feelings,气泡,0.00,,6,1,text-template
7054078650806816041,标签气泡-白2,气泡,0.00,,6,1,text-template
7054078606116474152,粉色综艺气泡完美,气泡,0.00,,6,1,text-template
7054078652560035107,粉色兔子收款弹窗,气泡,0.00,,6,1,text-template
7054078652560002339,气泡动画-渐显,气泡,0.00,,6,1,text-template
7054078642820844815,棕色熊熊转账弹窗,气泡,0.00,,6,1,text-template
7054078656414551296,紫色对话框宜家,气泡,0.00,,6,1,text-template
7054078600978418959,紫色综艺气泡唉,气泡,0.00,,6,1,text-template
7090514636017126696,物品信息对话框,气泡,0.00,,6,1,text-template
7163523716465315108,手印印章,气泡,0.00,,6,1,text-template
7054078599061671183,隔空投送,气泡,0.00,,6,1,text-template
7054078609857826063,黄色综艺气泡WOW,气泡,0.00,,6,1,text-template
7054078624374312226,灰色未读气泡i love you,气泡,0.00,,6,1,text-template
7054078654095133987,音乐播放3,气泡,0.00,,6,1,text-template
7054078604346527010,黄色综艺气泡推荐,气泡,0.00,,6,1,text-template
7249972543333944635,美食探店文字招牌推荐菜品名字,气泡,0.00,,6,1,text-template
7054078653352742184,气泡动画-抖动,气泡,0.00,,6,1,text-template
7163530548164545805,外框印章,气泡,0.00,,6,1,text-template
7054078612760218880,气泡动画-抖动2,气泡,0.00,,6,1,text-template
7054078642820762895,港漫游戏弹窗游戏形象,气泡,0.00,,6,1,text-template
7090536541080096015,气泡标签右,气泡,0.00,,6,1,text-template
7054078601842494735,音乐播放2,气泡,0.00,,6,1,text-template
7054078594347257129,气泡动画-放大1,气泡,0.00,,6,1,text-template
7054078612760169728,气泡动画-闪烁1,气泡,0.00,,6,1,text-template
7054078620402208015,蓝色气泡动画火锅和你,气泡,0.00,,6,1,text-template
7054078613779467560,标签气泡-蓝,气泡,0.00,,6,1,text-template
7054078605453708544,面部识别微笑,气泡,0.00,,6,1,text-template
7054078642820746511,紫色综艺气泡无助,气泡,0.00,,6,1,text-template
7054078597916527906,气泡动画-打字机,气泡,0.00,,6,1,text-template
7054078632351878415,橘色综艺气泡好上头,气泡,0.00,,6,1,text-template
7054078638169312553,气泡动画-放大2,气泡,0.00,,6,1,text-template
7054078609060810025,粉色综艺气泡惊喜,气泡,0.00,,6,1,text-template
7248165890896760079,美食 美味 情绪氛围综艺感字幕标签,气泡,0.00,,6,1,text-template
7054078607286603043,气泡动画-放大3,气泡,0.00,,6,1,text-template
7430993860899163402,单口秀金句 Passion,知识,0.00,,6,1,text-template
7447146240770329856,你的年度关键词是好年终爆梗终结,知识,0.00,,6,1,text-template
7430806723369192713,脱口秀金句 你在我的剧本里杀青了,知识,0.00,,6,1,text-template
7439185114480774439,2024年度总结,知识,0.00,,6,1,text-template
7430811267276803337,脱口秀金句 我的人生才刚刚开始,知识,0.00,,6,1,text-template
7439186230480325924,2024人生照片,知识,0.00,,6,1,text-template
7439192225633946919,2024年度关键词摆烂,知识,0.00,,6,1,text-template
7507134876777303320,高考-旗开得胜,知识,0.00,,6,1,text-template
7315443239421562152,知识 某老师 标签标记 字幕 新闻 互动引导,知识,0.00,,6,1,text-template
7439626447121140992,哈哈哈使用频率,知识,0.00,,6,1,text-template
7438670406954814771,糖果风年终复盘/年终总结,知识,0.00,,6,1,text-template
7507127746137672984,高考加油,知识,0.00,,6,1,text-template
7315428949192903936,知识 科普标题字幕 日常,知识,0.00,,6,1,text-template
7345673256013221132,招聘-面试密码,知识,0.00,,6,1,text-template
7444119841860062488,故事最终章,知识,0.00,,6,1,text-template
7444142985014463769,目标达成,知识,0.00,,6,1,text-template
7438670619790560521,糖果风年终复盘/新的始伊,知识,0.00,,6,1,text-template
7439622541716557096,4900次收到,知识,0.00,,6,1,text-template
7444118021461036313,完美谢幕,知识,0.00,,6,1,text-template
7315447459344321832,知识 参考文献 标签标注说明字幕,知识,0.00,,6,1,text-template
7434900162239008038,年终年度关键词,知识,0.00,,6,1,text-template
7439636261347872040,上班哪有不疯的,知识,0.00,,6,1,text-template
7438673334478458163,糖果风年终复盘/再接再厉，再创辉煌,知识,0.00,,6,1,text-template
7434901234449927461,年度高光时刻回放,知识,0.00,,6,1,text-template
7438678828152622374,糖果风年终复盘/目标回顾,知识,0.00,,6,1,text-template
7439623860309265716,做牛马的没必要太正常,知识,0.00,,6,1,text-template
7447499545262558516,打工人年终爆梗,知识,0.00,,6,1,text-template
7444116107985849624,2024正式存档,知识,0.00,,6,1,text-template
7440361376662506779,哈哈哈哈哈哈使用频率,知识,0.00,,6,1,text-template
7315447187394137384,知识 辟谣  新闻 字幕科普,知识,0.00,,6,1,text-template
7430854865863052582,脱口秀金句 勇敢做自己 总有人爱你,知识,0.00,,6,1,text-template
7507106949431987518,金榜题名,知识,0.00,,6,1,text-template
7314144645359897883,知识科普 片中序章 第一部分免疫力,知识,0.00,,6,1,text-template
7507114088174996760,高考中考必胜,知识,0.00,,6,1,text-template
7314139317922827558,知识科普 主标题 如何预防感冒,知识,0.00,,6,1,text-template
7440368575124196635,好爱上班啊,知识,0.00,,6,1,text-template
7430856393093139739,脱口秀金句 松弛一点 适当发疯,知识,0.00,,6,1,text-template
7439195960959372598,年度总结2025愿望清单,知识,0.00,,6,1,text-template
7438674950313086259,糖果风年终复盘/2025蓄力加载,知识,0.00,,6,1,text-template
7440361894742986010,等下班等发工资,知识,0.00,,6,1,text-template
7438669277336554789,糖果风年终复盘/再见2024,知识,0.00,,6,1,text-template
7439194953386954038,2024年终冲刺喊话,知识,0.00,,6,1,text-template
7430995233439108389,单口秀金句 天崩地裂也要passion,知识,0.00,,6,1,text-template
7345629506872347945,招聘-招聘岗位,知识,0.00,,6,1,text-template
7447519195287407906,打工人咖啡续命年终爆梗总结,知识,0.00,,6,1,text-template
7314157154695449907,知识科普 引用 来源于网络,知识,0.00,,6,1,text-template
7473827988904135961,接满分,知识,0.00,,6,1,text-template
7444115872181964094,杀青啦！,知识,0.00,,6,1,text-template
7434896964262661414,年终搜索年度关键词,知识,0.00,,6,1,text-template
7440360647545687323,人哪有不疯的硬撑罢了,知识,0.00,,6,1,text-template
7507102979179220249,高考-金榜题名,知识,0.00,,6,1,text-template
7669729152622185752,医疗-健康科普,知识,0.00,,6,1,text-template
7314177630452976946,知识科普 重点细节 维C泡腾片,知识,0.00,,6,1,text-template
7315433315295644962,知识 专家解答 标题字幕,知识,0.00,,6,1,text-template
7447523773294693667,今年最大的收获是年终爆梗总结,知识,0.00,,6,1,text-template
7440353487218625818,打工人年度总结,知识,0.00,,6,1,text-template
7319388850902568211,知识-知识分享,知识,0.00,,6,1,text-template
7444117930163326270,告别2024,知识,0.00,,6,1,text-template
7434898273107725619,年终年度报告,知识,0.00,,6,1,text-template
7434897186116226313,我的2024年杀青了,知识,0.00,,6,1,text-template
7430824384287296818,脱口秀金句 看淡了生死 看不淡金钱,知识,0.00,,6,1,text-template
7440359665814342922,52678次收到,知识,0.00,,6,1,text-template
7315441845906033955,知识 百分比 标记标注 标签字幕,知识,0.00,,6,1,text-template
7439615932655291648,打工人年度总结,知识,0.00,,6,1,text-template
7439188670189522188,2024辛苦我了,知识,0.00,,6,1,text-template
7434895800150347059,年终复盘,知识,0.00,,6,1,text-template
7430809315797241139,脱口秀金句 男子无财便是德,知识,0.00,,6,1,text-template
7319366407303580969,知识-常见误区,知识,0.00,,6,1,text-template
7439618016041618688,脆皮打工党,知识,0.00,,6,1,text-template
7319372036764142860,知识-水分子之间会互相吸引,知识,0.00,,6,1,text-template
7447495481204231439,年终爆梗总结,知识,0.00,,6,1,text-template
7439187334697930038,2024上班总结报告,知识,0.00,,6,1,text-template
7434899253656407305,年终这一年说的最多的话,知识,0.00,,6,1,text-template
7447503787024993571,今年跟同事说得最多话是辞职算了共365次,知识,0.00,,6,1,text-template
7439628681485536552,电量已充满,知识,0.00,,6,1,text-template
7438675424063884595,糖果风年终复盘/个人大事件,知识,0.00,,6,1,text-template
7440356334949715210,上班347天,知识,0.00,,6,1,text-template
7447152684911643956,2024打工人年终总结,知识,0.00,,6,1,text-template
7663413443352972569,热在三伏养在当下,知识,0.00,,6,1,text-template
7447142720155553039,恭喜你荣获年度顶级牛马,知识,0.00,,6,1,text-template
7315451975192104232,知识 戴好口罩 气泡 字幕 标注标签,知识,0.00,,6,1,text-template
7438677807246396681,糖果风年终复盘,知识,0.00,,6,1,text-template
7430855872386977074,脱口秀金句 这世界以痛吻你 你扇他巴掌啊,知识,0.00,,6,1,text-template
7434894463782210842,年终总结回顾,知识,0.00,,6,1,text-template
7315429791916756264,知识 标题字幕 科普 问题提问,知识,0.00,,6,1,text-template
7444115916645813529,年终总结,知识,0.00,,6,1,text-template
7444121113757601049,2024年度复盘,知识,0.00,,6,1,text-template
7438671980922031398,糖果风年终复盘/今年的收获,知识,0.00,,6,1,text-template
7439624767579180340,好爱上班啊,知识,0.00,,6,1,text-template
7439189816975133971,2024年度总结flag已达成,知识,0.00,,6,1,text-template
7440355657380826418,脆皮打工党,知识,0.00,,6,1,text-template
7314182585956011301,知识科普 人物介绍 职务姓名,知识,0.00,,6,1,text-template
7304639127297838355,知识-问题搜索框,知识,0.00,,6,1,text-template
7345619060358450444,招聘-这里招人,知识,0.00,,6,1,text-template
7304661425606135081,知识-企业排名,知识,0.00,,6,1,text-template
7312377107403836710,知识科普 铅笔质感黑板书 内容细节标记,知识,0.00,,6,1,text-template
7312345382611143945,知识科普 铅笔质感黑板书 知识点,知识,0.00,,6,1,text-template
7345651487554440484,招聘-内推招募令,知识,0.00,,6,1,text-template
7304649613347179817,知识-企业宣讲会,知识,0.00,,6,1,text-template
7304642790720376083,知识-应届生注意啦,知识,0.00,,6,1,text-template
7304665706795109673,知识-内容小标签,知识,0.00,,6,1,text-template
7312403752835665190,知识科普 铅笔质感黑板书 气泡弹出长文本,知识,0.00,,6,1,text-template
7345656289302793535,招聘-搜索岗位,知识,0.00,,6,1,text-template
7304634986785787155,知识-互联网企业排名,知识,0.00,,6,1,text-template
7312367330963639590,知识科普 铅笔质感黑板书 字幕问答标签,知识,0.00,,6,1,text-template
7312348396025662747,知识科普标题 铅笔质感黑板书,知识,0.00,,6,1,text-template
7312427358307290406,知识科普 扁平矢量风格 护肤冷知识,知识,0.00,,6,1,text-template
7312348312999431451,知识科普 铅笔质感黑板书 对话形式气泡左侧,知识,0.00,,6,1,text-template
7304900098293583123,知识-面试前准备,知识,0.00,,6,1,text-template
7307444841095499019,搜索框,知识,0.00,,6,1,text-template
7312449445445045554,知识科普 扁平矢量风格 重点介绍护肤水乳篇,知识,0.00,,6,1,text-template
7304641927444483382,知识-校招面试,知识,0.00,,6,1,text-template
7312443295379033353,知识科普 扁平矢量风格内容细节护肤水乳篇,知识,0.00,,6,1,text-template
7312348956413971749,知识科普 铅笔质感黑板书 气泡弹出,知识,0.00,,6,1,text-template
7304668058218499347,知识-应届生数量气泡,知识,0.00,,6,1,text-template
7304647951316487463,知识-投递简历,知识,0.00,,6,1,text-template
7312346675526356275,知识科普 铅笔质感黑板书 对话形式气泡右侧,知识,0.00,,6,1,text-template
7312670845472722213,知识科普 扁平矢量风格 字幕人物介绍,知识,0.00,,6,1,text-template
7620378515321621822,便签文字-不要被奇怪的人偷走能量,标签,0.00,,6,1,text-template
7090514631340461327,Before,标签,0.00,,6,1,text-template
7665321016830414104,我们严重关切...-新闻文本类文字模板,标签,0.00,,6,1,text-template
7090496798053125416,白色长条标签,标签,0.00,,6,1,text-template
7090564354545962255,黄色长条标签,标签,0.00,,6,1,text-template
7163517768283999502,红色综艺标签,标签,0.00,,6,1,text-template
7575584901974691134,标签,标签,0.00,,6,1,text-template
7090569393486253347,After,标签,0.00,,6,1,text-template
7340542346523610377,可爱手绘-日常记录-拼贴-今日早餐,标签,0.00,,6,1,text-template
7090514636025384233,今日食乜嘢,标签,0.00,,6,1,text-template
7445974908909210930,年终总结 未完待续,标签,0.00,,6,1,text-template
7090569394144775464,本期最强单品,标签,0.00,,6,1,text-template
7620447608225434942,便签文字-头晕晕的感觉缺点维生素RMB,标签,0.00,,6,1,text-template
7163530589281258765,综艺箭头标签,标签,0.00,,6,1,text-template
7200984166098357564,潮流运动2-及时补充水分,标签,0.00,,6,1,text-template
7270686849033702719,糖炒栗子食物箭头标签文字模板,标签,0.00,,6,1,text-template
7163508475081837838,穿搭-无效穿搭,标签,0.00,,6,1,text-template
7163519090819190030,穿搭-¥263,标签,0.00,,6,1,text-template
7272718938654444811,音乐节-无人的海边,标签,0.00,,6,1,text-template
7265349661697903909,美妆 功效介绍,标签,0.00,,6,1,text-template
7327325508541091124,年终 开心至上 字幕,标签,0.00,,6,1,text-template
7670916053635206462,UI标签文字-迷你vlog,标签,0.00,,6,1,text-template
7163517928602651918,新品首发价,标签,0.00,,6,1,text-template
7090524260422159631,黄色芒果泡泡,标签,0.00,,6,1,text-template
7686796827257031998,便签文字-秋天正在派送中,标签,0.00,,6,1,text-template
7163522387735055629,户外-划重点,标签,0.00,,6,1,text-template
7090569393486318883,价格黄标大标题,标签,0.00,,6,1,text-template
7685690919395298585,框选文字-伟大前程我自己挣,标签,0.00,,6,1,text-template
7163514058312879397,正确示范,标签,0.00,,6,1,text-template
7090495856809495843,食物名称,标签,0.00,,6,1,text-template
7163528844534746382,错误示范,标签,0.00,,6,1,text-template
7663771286107098430,暑盛至，秋将至，日子慢慢过,标签,0.00,,6,1,text-template
7575612561479994648,粉蓝毛绒,标签,0.00,,6,1,text-template
7264853505960103180,好物美妆-new,标签,0.00,,6,1,text-template
7687070032337243454,"标签-""人间十月有幸事""",标签,0.00,,6,1,text-template
7163508656925887781,穿搭-满300减30,标签,0.00,,6,1,text-template
7265491318502100279,美妆 局部美妆介绍,标签,0.00,,6,1,text-template
7446668880262548761,放假啦,标签,0.00,,6,1,text-template
7686761155414510873,大自然治病真的很有一套不仅见效快见笑也快,标签,0.00,,6,1,text-template
7264857446592679187,好物美妆-性价比高,标签,0.00,,6,1,text-template
7163529468596768030,穿搭-提高腰线,标签,0.00,,6,1,text-template
7224011217231220005,tag,标签,0.00,,6,1,text-template
7090514636189060392,AFTER,标签,0.00,,6,1,text-template
7090524260409658659,BEFORE,标签,0.00,,6,1,text-template
7688183795253644569,简约高级人物介绍,标签,0.00,,6,1,text-template
7687130694199315737,地点标识-北京故宫,标签,0.00,,6,1,text-template
7090501153573702952,正面描述,标签,0.00,,6,1,text-template
7584860393395326232,提笔写下泛黄的一页,标签,0.00,,6,1,text-template
7090496798325820672,双行产品标签,标签,0.00,,6,1,text-template
7682389912397696280,便签,标签,0.00,,6,1,text-template
7163523676250361119,穿搭-选择同色系更搭哦,标签,0.00,,6,1,text-template
7584880615841975576,我的敏感向我致歉,标签,0.00,,6,1,text-template
7666714026906275096,萌宠-萌宠成长记,标签,0.00,,6,1,text-template
7575568517165190425,毛绒背景,标签,0.00,,6,1,text-template
7563348714136358206,最强,标签,0.00,,6,1,text-template
7584733073829530904,跨年狂欢,标签,0.00,,6,1,text-template
7682380046840941848,一封秋日来信英文便签,标签,0.00,,6,1,text-template
7163535882710977823,运动-潮流运动-零身体对抗,标签,0.00,,6,1,text-template
7163597529358060833,美妆-右向标签,标签,0.00,,6,1,text-template
7298995076171173130,粉色美妆指示标签,标签,0.00,,6,1,text-template
7687535802875645209,首先你要快乐 其次都是其次,标签,0.00,,6,1,text-template
7575749178807209241,联名款,标签,0.00,,6,1,text-template
7163520538210553125,户外-炭烤八爪鱼,标签,0.00,,6,1,text-template
7163519090819206414,心动时刻 蓝色涂抹标签,标签,0.00,,6,1,text-template
7054078601842543887,白色价签159,标签,0.00,,6,1,text-template
7090510760501071139,蓝色长条标签,标签,0.00,,6,1,text-template
7299046376074235146,美式穿搭名字标签,标签,0.00,,6,1,text-template
7090501130173664552,产品标签-直,标签,0.00,,6,1,text-template
7247460667626655032,美食 打卡美食,标签,0.00,,6,1,text-template
7054078602475818275,逐字-涂鸦紫,标签,0.00,,6,1,text-template
7270405818284100918,美妆测评-服帖好用,标签,0.00,,6,1,text-template
7090506162218716431,商品标签-弯,标签,0.00,,6,1,text-template
7163506697175174431,Keet .灰色运动塑身衣 白色商品标签,标签,0.00,,6,1,text-template
7054078609857711375,标签动画-打卡红,标签,0.00,,6,1,text-template
7054078653352660264,红色圆圈储备零食,标签,0.00,,6,1,text-template
7163517010293427492,今日最佳 奶茶色涂抹标签,标签,0.00,,6,1,text-template
7090536548592061731,#百搭神裤,标签,0.00,,6,1,text-template
7090564354545929487,食物名,标签,0.00,,6,1,text-template
7163526719528340773,纱窗安装完成 手写字白绿,标签,0.00,,6,1,text-template
7261826468735388982,穿搭好物种草情绪引导标签模板,标签,0.00,,6,1,text-template
7163521429940489486,调整空间布局 手写字红黄,标签,0.00,,6,1,text-template
7163564605220850958,商品标签单行 红白,标签,0.00,,6,1,text-template
7054078606116490536,粉色圆圈傻瓜相机,标签,0.00,,6,1,text-template
7054078624374263074,黑色箭头逐字今日限定快乐,标签,0.00,,6,1,text-template
7054078656414616832,标签-引导黄,标签,0.00,,6,1,text-template
7327321109882359074,年终 休假中 字幕 标记标签,标签,0.00,,6,1,text-template
7090488933087317289,指向标签,标签,0.00,,6,1,text-template
7054078619437600015,黄色价签10000,标签,0.00,,6,1,text-template
7163511895289335054,每天给自己一点小惊喜 纸质标签,标签,0.00,,6,1,text-template
7361431748250471721,稳重,标签,0.00,,6,1,text-template
7054078614760951074,标签-引导黑,标签,0.00,,6,1,text-template
7090501153586187560,绿色长条标签,标签,0.00,,6,1,text-template
7054078600978435343,逐字标签-红,标签,0.00,,6,1,text-template
7090569393486269731,未来商店,标签,0.00,,6,1,text-template
7090555240134626600,通用标签2,标签,0.00,,6,1,text-template
7090510757804231971,价格标签,标签,0.00,,6,1,text-template
7054078611950800163,粉红画笔标签抱枕,标签,0.00,,6,1,text-template
7090514659622669602,绿色爆炸33元,标签,0.00,,6,1,text-template
7054078607286652195,手指动画标签相机支架,标签,0.00,,6,1,text-template
7054078617604705570,白色实线标签电影台词,标签,0.00,,6,1,text-template
7054078637095570728,紫色画笔标签花瓶,标签,0.00,,6,1,text-template
7054078630971837730,逐字-涂鸦粉,标签,0.00,,6,1,text-template
7054078653352709416,标签-引导绿,标签,0.00,,6,1,text-template
7090536548592078115,克重,标签,0.00,,6,1,text-template
7090542288618753295,通用标签1,标签,0.00,,6,1,text-template
7090508564116131087,价格标签,标签,0.00,,6,1,text-template
7163511927950413070,Keet it simple.灰色运动塑身衣 黑色,标签,0.00,,6,1,text-template
7163529813448215839,法式-油墨纸条,标签,0.00,,6,1,text-template
7054078609857776911,粉色像素标记今日最佳,标签,0.00,,6,1,text-template
7090496798049029376,指向标签,标签,0.00,,6,1,text-template
7054078642820828431,标签-引导蓝,标签,0.00,,6,1,text-template
7054078599061720335,标签动画-打卡黑,标签,0.00,,6,1,text-template
7054078619437583631,白色箭头逐字家用小电器,标签,0.00,,6,1,text-template
7054078652559920419,白色虚线标签餐具,标签,0.00,,6,1,text-template
7090535443669781794,价格2-改,标签,0.00,,6,1,text-template
7340889552057404683,价格 标签 立体字 极简风,标签,0.00,,6,1,text-template
7327326683151748387,年终 又是努力的一年 字幕,标签,0.00,,6,1,text-template
7298973440906661129,价格标签,标签,0.00,,6,1,text-template
7054078619437567247,标签-引导橘,标签,0.00,,6,1,text-template
7163507048318078215,通用标签3,标签,0.00,,6,1,text-template
7090497777775512873,价格信息,标签,0.00,,6,1,text-template
7261814952925596964,穿搭look介绍标签文字模板,标签,0.00,,6,1,text-template
7054078617604672802,逐字标签-紫,标签,0.00,,6,1,text-template
7298914351388314906,身高体重标签气泡,标签,0.00,,6,1,text-template
7054078651628883240,未来模拟器-赛博朋克,标签,0.00,,6,1,text-template
7090543557689298176,买一送一,标签,0.00,,6,1,text-template
7090506162218749199,注意事项,标签,0.00,,6,1,text-template
7658965576978844952,看到你，我心如蝶翼震颤英文,长文本,0.00,,6,1,text-template
7333191869066710282,健身文字模板,长文本,0.00,,6,1,text-template
7669803729952083225,长文字-都说秋天适合思念其实更适合见面,长文本,0.00,,6,1,text-template
7672338860227104025,下班路上撞见了日落,长文本,0.00,,6,1,text-template
7625494596860185918,不必情绪稳定，春天那么美好，也阴晴不定,长文本,0.00,,6,1,text-template
7685663661465275673,划线长文字-回想我这一生如履薄冰,长文本,0.00,,6,1,text-template
7659450353049505048,风很温柔你很特别英文,长文本,0.00,,6,1,text-template
7090535443669798178,干货总结,长文本,0.00,,6,1,text-template
7163517534623288606,注意事项,长文本,0.00,,6,1,text-template
7667479522492550425,日常记录-星期三开始了,长文本,0.00,,6,1,text-template
7280475001017355539,旅行清单list文字,长文本,0.00,,6,1,text-template
7657409434808929561,穿搭-模特信息参考,长文本,0.00,,6,1,text-template
7678271540164693310,引用长文字-我现在努力花钱养育童年的自己,长文本,0.00,,6,1,text-template
7633260791034121534,在中国，我们不说预售,长文本,0.00,,6,1,text-template
7673765020110523667,返校时间与报到流程,长文本,0.00,,6,1,text-template
7679282550841281854,教师节-长文本 书本展开,长文本,0.00,,6,1,text-template
7679303405713657112,教师节长文本-感恩老师语录,长文本,0.00,,6,1,text-template
7667478674697899288,日常记录-最好的日子,长文本,0.00,,6,1,text-template
7680161475717188888,用食物记录普通日常,长文本,0.00,,6,1,text-template
7163516106097904926,综艺便利贴,长文本,0.00,,6,1,text-template
7687124433164635454,在自然里可以发呆可以发疯怎么不算发了呢,长文本,0.00,,6,1,text-template
7668195731647286553,新闻-学生三下乡成果,长文本,0.00,,6,1,text-template
7177169887050091779,送礼清单,长文本,0.00,,6,1,text-template
7618538118588861758,我在等世上唯一契合灵魂便签手写字,长文本,0.00,,6,1,text-template
7090524260409691427,#笔记本,长文本,0.00,,6,1,text-template
7668848580572122430,贴纸-祝你大获全胜!,长文本,0.00,,6,1,text-template
7163507354380602637,户外-露营必备,长文本,0.00,,6,1,text-template
7668211705490607385,长文本,长文本,0.00,,6,1,text-template
7667507321307696446,节气-立秋小贴士,长文本,0.00,,6,1,text-template
7659776183491366206,我的征途是星辰大海英文,长文本,0.00,,6,1,text-template
7618581609645886745,你会慢慢好起来复古拼贴手写字,长文本,0.00,,6,1,text-template
7631043975142509886,便签拼贴手写长文字,长文本,0.00,,6,1,text-template
7163531222063271175,小课堂,长文本,0.00,,6,1,text-template
7548283588660366654,出游穿搭攻略,长文本,0.00,,6,1,text-template
7054078605453823232,白色厨师菜谱猪肉焯水,长文本,0.00,,6,1,text-template
7280472728870669604,简约旅行攻略便签文字,长文本,0.00,,6,1,text-template
7690384456976354585,现货开卖,长文本,0.00,,6,1,text-template
7674912500659326233,表面上是跨进校门其实是跨过生活的高山,长文本,0.00,,6,1,text-template
7163508484816817439,穿搭-身高体重,长文本,0.00,,6,1,text-template
7054078630971903266,便签动画2,长文本,0.00,,6,1,text-template
7090490918972722467,材料2,长文本,0.00,,6,1,text-template
7054078607286619427,便签-牛皮纸,长文本,0.00,,6,1,text-template
7054078639129857314,白色潮酷小票3961,长文本,0.00,,6,1,text-template
7054078611950669091,灰色弹窗道具：瑜伽垫,长文本,0.00,,6,1,text-template
7054078607286668579,便签黑白3,长文本,0.00,,6,1,text-template
7054078628384034063,便签动画1,长文本,0.00,,6,1,text-template
7090514631344557327,材料1,长文本,0.00,,6,1,text-template
7054078602475867427,便签黑白1,长文本,0.00,,6,1,text-template
7054078619437550863,便签-小票,长文本,0.00,,6,1,text-template
7250389075641912633,美食探店详情信息文字标题片尾,长文本,0.00,,6,1,text-template
7163508474255543583,睡前故事 竖版书签,长文本,0.00,,6,1,text-template
7054078603318824227,便签-黄色,长文本,0.00,,6,1,text-template
7163511908287450382,愿望清单 纸质标签,长文本,0.00,,6,1,text-template
7054078619437649167,材料清单,长文本,0.00,,6,1,text-template
7336157773819923738,潮玩-盲盒说明,长文本,0.00,,6,1,text-template
7054078645316422927,白色便利贴生姜蒜片,长文本,0.00,,6,1,text-template
7054078614760934690,便签动画3,长文本,0.00,,6,1,text-template
7163529812458409224,{ 一间商店 } 纸质横版标签,长文本,0.00,,6,1,text-template
7163530531697675551,Tips 蓝色,长文本,0.00,,6,1,text-template
7054078602475834659,便签-草莓,长文本,0.00,,6,1,text-template
7054078616430185743,便签黑白2,长文本,0.00,,6,1,text-template
7054078647199698176,便签-贴纸,长文本,0.00,,6,1,text-template
7090508563747032354,详情标签,长文本,0.00,,6,1,text-template
7650884154451856664,便签长文字-毕业啦,长文本,0.00,,6,1,text-template
